0.000068
0.000490
0.000904
0.001132
0.001688
0.001997
0.002231
0.002682
0.003133
0.003247
0.003281
0.003532
0.003866
0.004272
0.004611
0.005067
0.005363
0.005592
0.005808
0.006011
0.006546
0.006842
0.006993
0.007225
0.007615
0.007930
0.007968
0.008136
0.008291
0.008480
0.008768
0.009280
0.009654
0.010002
0.010104
0.010150
0.010351
0.010922
0.011056
0.011352
0.011430
0.011776
0.012520
0.013016
0.013176
0.013478
0.014222
0.014477
0.014758
0.015018
0.015154
0.015361
0.015674
0.016023
0.016291
0.016435
0.016682
0.016767
0.017229
0.017586
0.017898
0.018564
0.018733
0.019019
0.019272
0.019381
0.019499
0.019620
0.019651
0.019830
0.019934
0.020691
0.020970
0.021108
0.021216
0.021376
0.021586
0.021966
0.022023
0.022212
0.022415
0.022645
0.022775
0.022937
0.023102
0.023150
0.023441
0.023637
0.023686
0.023939
0.024071
0.024554
0.024648
0.024754
0.025165
0.025310
0.025571
0.025773
0.025960
0.026537
0.026686
0.026882
0.027378
0.027455
0.027824
0.027841
0.028080
0.028310
0.028480
0.028636
0.028679
0.028970
0.029808
0.030158
0.030485
0.030920
0.031054
0.031211
0.031763
0.031969
0.032435
0.032993
0.033383
0.033587
0.033717
0.033839
0.034044
0.034315
0.034322
0.034834
0.035052
0.035351
0.035655
0.036043
0.036287
0.036394
0.036583
0.037116
0.037283
0.037395
0.037497
0.037569
0.037729
0.037899
0.038204
0.038606
0.038615
0.038798
0.039030
0.039246
0.039530
0.039759
0.039878
0.040044
0.040079
0.040188
0.040316
0.041476
0.041715
0.041877
0.042111
0.042421
0.042550
0.042778
0.042924
0.043339
0.043510
0.043895
0.044082
0.044345
0.044487
0.044649
0.044959
0.045066
0.045237
0.045531
0.045688
0.045919
0.046060
0.046432
0.046849
0.046909
0.047227
0.047838
0.047883
0.048331
0.048445
0.048517
0.048564
0.048610
0.048764
0.049507
0.049570
0.050047
0.050193
0.050488
0.050890
0.051042
0.051282
0.051763
0.051917
0.052193
0.052403
0.052913
0.053109
0.053472
0.053494
0.053743
0.054039
0.054668
0.054700
0.054838
0.055026
0.055402
0.055718
0.055799
0.056007
0.056146
0.056301
0.056328
0.056366
0.056512
0.056560
0.056762
0.057034
0.057235
0.057309
0.057561
0.058079
0.058162
0.058585
0.058780
0.058932
0.059012
0.059288
0.059579
0.059750
0.060157
0.060232
0.060571
0.060937
0.061593
0.061975
0.062276
0.062386
0.062629
0.062812
0.062848
0.063331
0.063597
0.063655
0.063695
0.064148
0.064561
0.064903
0.064979
0.065577
0.065822
0.065963
0.066239
0.066675
0.066738
0.067041
0.067176
0.067750
0.067788
0.068326
0.068488
0.068597
0.068849
0.069039
0.069467
0.069941
0.069998
0.070055
0.070588
0.070645
0.070775
0.071326
0.071753
0.072550
0.072782
0.072856
0.073201
0.073423
0.073489
0.073657
0.074226
0.074456
0.074566
0.074646
0.075124
0.075414
0.075508
0.075594
0.075668
0.075995
0.076124
0.076729
0.076851
0.077067
0.077185
0.077728
0.077804
0.078143
0.078276
0.078497
0.078946
0.079061
0.079183
0.079574
0.079679
0.079757
0.079998
0.080228
0.080606
0.080799
0.081145
0.081576
0.081820
0.082062
0.082746
0.083040
0.083268
0.083508
0.083670
0.084018
0.084062
0.084117
0.084294
0.084358
0.084636
0.084697
0.085279
0.085601
0.085687
0.086082
0.086122
0.086435
0.086680
0.086838
0.087279
0.087430
0.087530
0.087827
0.088592
0.088729
0.088794
0.088965
0.089355
0.089531
0.089891
0.090004
0.090176
0.090346
0.090737
0.091121
0.091407
0.091445
0.092154
0.092340
0.092395
0.092809
0.092916
0.093118
0.093257
0.093418
0.093606
0.093808
0.093861
0.093922
0.094127
0.094220
0.094629
0.094681
0.094827
0.095012
0.095157
0.095260
0.095574
0.096471
0.096965
0.097084
0.097535
0.097575
0.097704
0.097753
0.097879
0.098053
0.098373
0.098627
0.099019
0.099081
0.099266
0.099592
0.099693
0.100059
0.100287
0.100391
0.100565
0.100874
0.101247
0.101327
0.101460
0.101706
0.101877
0.101997
0.102476
0.102725
0.103117
0.103213
0.103525
0.103816
0.104475
0.104623
0.104643
0.104776
0.105033
0.105314
0.105812
0.106340
0.106602
0.106686
0.107293
0.107530
0.107717
0.107938
0.108229
0.108848
0.108976
0.109352
0.109842
0.110059
0.110439
0.110610
0.110858
0.111260
0.111410
0.111682
0.111821
0.111927
0.112192
0.112511
0.112661
0.112846
0.113303
0.113417
0.113566
0.114059
0.114270
0.114472
0.114744
0.114996
0.115485
0.116056
0.116579
0.117012
0.117129
0.117238
0.117400
0.117544
0.117880
0.118257
0.118769
0.119168
0.119524
0.119858
0.120087
0.120156
0.120302
0.120371
0.120580
0.120704
0.120928
0.121294
0.121673
0.121806
0.121965
0.122061
0.122144
0.122574
0.123512
0.123866
0.123975
0.124120
0.124685
0.125564
0.125643
0.125980
0.126398
0.126745
0.127089
0.127127
0.127248
0.127458
0.127813
0.127950
0.128286
0.128553
0.128635
0.129033
0.129068
0.129446
0.129621
0.129771
0.130039
0.130204
0.130803
0.130830
0.131155
0.131450
0.131574
0.131887
0.132049
0.132292
0.132396
0.132619
0.133002
0.133336
0.133757
0.134065
0.134151
0.134300
0.134407
0.134827
0.134908
0.135121
0.135198
0.135709
0.136186
0.136526
0.136793
0.136911
0.137010
0.137258
0.137785
0.137984
0.138133
0.138239
0.138293
0.138385
0.138509
0.138810
0.139019
0.139154
0.139288
0.139792
0.140451
0.140793
0.140942
0.141393
0.141821
0.141981
0.142106
0.142437
0.142827
0.142881
0.143078
0.143206
0.143435
0.143761
0.143931
0.144359
0.144475
0.144601
0.144886
0.145040
0.145376
0.145445
0.145586
0.146186
0.146245
0.146583
0.146668
0.146823
0.147146
0.147423
0.147601
0.147770
0.147837
0.147915
0.148544
0.148712
0.149008
0.149334
0.149931
0.150053
0.150259
0.151027
0.151042
0.151080
0.151143
0.151485
0.151496
0.151998
0.152229
0.152344
0.152404
0.152668
0.153077
0.153252
0.153430
0.153691
0.153916
0.154519
0.154881
0.154933
0.155123
0.155300
0.155589
0.156028
0.156122
0.156280
0.156562
0.156589
0.156857
0.157106
0.157205
0.157575
0.157869
0.158059
0.158501
0.158873
0.159199
0.159373
0.159647
0.159813
0.159902
0.160346
0.160858
0.161060
0.161180
0.161312
0.161677
0.161924
0.162096
0.162227
0.162622
0.162716
0.162876
0.163304
0.163419
0.163986
0.164126
0.164495
0.164730
0.164846
0.165180
0.165851
0.166223
0.166802
0.167079
0.167229
0.167423
0.168047
0.168349
0.168670
0.168784
0.168983
0.169268
0.169452
0.169598
0.170076
0.170289
0.170603
0.170658
0.170748
0.170991
0.171053
0.171202
0.171253
0.171662
0.171974
0.172187
0.172599
0.172720
0.173394
0.173474
0.173997
0.174266
0.174796
0.175046
0.175411
0.175741
0.175847
0.175985
0.176336
0.176417
0.176978
0.177541
0.177809
0.177927
0.178143
0.178429
0.178505
0.178718
0.178848
0.179147
0.179338
0.179648
0.179768
0.180197
0.180387
0.180554
0.180713
0.180802
0.181023
0.181261
0.181977
0.182191
0.182553
0.183185
0.183625
0.183827
0.183991
0.184648
0.184751
0.184775
0.184871
0.185086
0.185181
0.185335
0.185544
0.185992
0.186064
0.186245
0.186412
0.186936
0.187166
0.187481
0.187788
0.187889
0.188181
0.188691
0.188869
0.189031
0.189072
0.189588
0.189732
0.190047
0.190071
0.190178
0.190291
0.190375
0.190557
0.191015
0.191201
0.191281
0.191493
0.191636
0.191896
0.192197
0.192423
0.192974
0.193545
0.193684
0.193758
0.194105
0.194544
0.194813
0.195042
0.195439
0.195937
0.196063
0.196238
0.196277
0.196446
0.197118
0.197427
0.197868
0.198929
0.199313
0.199604
0.200103
0.200244
0.200535
0.200609
0.201079
0.201267
0.201718
0.201780
0.201857
0.202227
0.202566
0.202671
0.202810
0.203015
0.203347
0.203401
0.203671
0.204086
0.204187
0.204240
0.204431
0.204962
0.205144
0.205320
0.205531
0.205716
0.206128
0.206230
0.206471
0.206818
0.207107
0.207382
0.207499
0.207974
0.208109
0.208459
0.208498
0.208975
0.209074
0.209448
0.209888
0.210236
0.210534
0.210590
0.211152
0.211618
0.211874
0.212192
0.212333
0.212523
0.212611
0.212965
0.213324
0.213494
0.213550
0.214165
0.214313
0.214380
0.215145
0.215252
0.215589
0.216062
0.216613
0.217086
0.217223
0.217565
0.218128
0.218549
0.218773
0.218816
0.218936
0.218985
0.219353
0.219467
0.219594
0.219876
0.220511
0.220732
0.220975
0.221012
0.221244
0.221453
0.222276
0.222609
0.222889
0.223262
0.223410
0.223837
0.224073
0.224523
0.224875
0.224982
0.225431
0.225538
0.225695
0.226038
0.226405
0.226559
0.227066
0.227847
0.228414
0.228521
0.228715
0.228867
0.229276
0.229887
0.230051
0.230139
0.230483
0.230662
0.231126
0.231410
0.231540
0.231751
0.231810
0.232564
0.232767
0.233189
0.233788
0.234428
0.234634
0.234820
0.234837
0.234913
0.235273
0.235626
0.235962
0.236111
0.236171
0.236390
0.236961
0.237300
0.237443
0.237914
0.238034
0.238340
0.238763
0.239009
0.239248
0.239429
0.239620
0.239900
0.240176
0.240403
0.240639
0.240779
0.241153
0.241504
0.241611
0.241896
0.241995
0.242217
0.242314
0.242566
0.242829
0.243074
0.243127
0.243144
0.243493
0.243703
0.243948
0.244107
0.244142
0.244363
0.244415
0.244655
0.244781
0.244973
0.245183
0.245329
0.245365
0.245669
0.245861
0.245876
0.246062
0.246297
0.246341
0.246952
0.247278
0.247432
0.247857
0.248130
0.248158
0.248277
0.248450
0.248889
0.249141
0.249651
0.249886
0.249982
0.250495
0.250548
0.250705
0.251084
0.251476
0.251573
0.251982
0.252963
0.253328
0.253339
0.253518
0.254150
0.254229
0.254411
0.255021
0.255302
0.255446
0.255694
0.255821
0.256074
0.256140
0.256344
0.256428
0.256731
0.257070
0.257172
0.257345
0.257546
0.257599
0.257734
0.257984
0.258586
0.258918
0.258982
0.259365
0.259579
0.259799
0.260065
0.260207
0.260776
0.260884
0.261047
0.261359
0.261398
0.261719
0.261898
0.262389
0.262594
0.262659
0.262983
0.263168
0.263404
0.263454
0.264009
0.264264
0.264613
0.264773
0.265076
0.265503
0.265770
0.266047
0.266097
0.266148
0.266205
0.266602
0.266850
0.267021
0.267358
0.267569
0.267743
0.267891
0.268738
0.269041
0.269254
0.269866
0.269948
0.270126
0.270239
0.270407
0.270848
0.271096
0.271290
0.271452
0.271614
0.271891
0.272024
0.272116
0.272311
0.272613
0.272732
0.272825
0.272916
0.273104
0.273274
0.273514
0.273822
0.273903
0.273921
0.274886
0.274947
0.275312
0.275681
0.275746
0.275943
0.276270
0.276387
0.276475
0.276918
0.277039
0.277513
0.277918
0.278269
0.278298
0.278671
0.278724
0.279177
0.279250
0.279586
0.280045
0.280157
0.280906
0.281021
0.281107
0.281164
0.281787
0.282119
0.282256
0.282280
0.282538
0.282733
0.283160
0.283375
0.283492
0.283976
0.284209
0.284834
0.285053
0.285834
0.285928
0.286215
0.286292
0.286546
0.286669
0.286950
0.287110
0.287865
0.287940
0.288453
0.288658
0.289025
0.289194
0.289411
0.289623
0.290021
0.290296
0.290565
0.290607
0.290640
0.290714
0.291027
0.291946
0.292192
0.292339
0.292640
0.292849
0.293231
0.293335
0.293842
0.294413
0.294740
0.294818
0.295288
0.295456
0.295584
0.295928
0.296251
0.296468
0.297033
0.297058
0.297196
0.298062
0.298652
0.298930
0.299231
0.299344
0.299639
0.299701
0.299792
0.299876
0.300067
0.300202
0.300300
0.300445
0.300918
0.301222
0.301384
0.301913
0.302265
0.302562
0.302751
0.302818
0.303163
0.303715
0.303982
0.304402
0.304871
0.305393
0.305726
0.305794
0.305978
0.306086
0.306795
0.307397
0.307995
0.308170
0.308281
0.308945
0.309104
0.309614
0.310003
0.310278
0.310303
0.310585
0.311243
0.311406
0.311710
0.312439
0.312681
0.312763
0.312971
0.313167
0.313345
0.313385
0.313759
0.313911
0.314526
0.314665
0.314800
0.315149
0.315497
0.315669
0.315939
0.316227
0.316332
0.316482
0.317036
0.317712
0.317836
0.318735
0.318920
0.319134
0.319469
0.319551
0.319658
0.319766
0.320175
0.320550
0.320667
0.320716
0.320730
0.320946
0.321056
0.321140
0.321400
0.321649
0.321970
0.322263
0.322375
0.322654
0.322852
0.323640
0.323700
0.323842
0.324155
0.324219
0.324384
0.324637
0.324781
0.325193
0.325346
0.325726
0.325861
0.325891
0.325981
0.326122
0.326336
0.326858
0.326906
0.327158
0.327404
0.327590
0.327673
0.327990
0.328127
0.328352
0.328661
0.328966
0.329411
0.329722
0.329750
0.329898
0.330051
0.330325
0.330465
0.330605
0.330802
0.330915
0.331109
0.331663
0.332035
0.332118
0.332907
0.333205
0.333624
0.334193
0.334286
0.334352
0.334443
0.334527
0.334810
0.335002
0.335118
0.335661
0.336286
0.336666
0.336953
0.337060
0.337172
0.337523
0.337569
0.337761
0.338407
0.338411
0.338644
0.339039
0.339063
0.339071
0.339182
0.339548
0.339787
0.339898
0.340207
0.340380
0.340543
0.340576
0.340722
0.341022
0.341418
0.341636
0.341826
0.341918
0.341993
0.342484
0.342637
0.342980
0.343162
0.343247
0.343474
0.343779
0.344182
0.344333
0.344777
0.344944
0.345157
0.345253
0.345767
0.346112
0.346532
0.346614
0.346788
0.347102
0.347589
0.348104
0.348228
0.348473
0.349099
0.349245
0.349347
0.349507
0.349607
0.349756
0.350120
0.350264
0.350441
0.350678
0.351458
0.351923
0.352715
0.352864
0.353161
0.353572
0.353657
0.354659
0.354860
0.355337
0.355495
0.355624
0.355976
0.356351
0.356612
0.357175
0.357349
0.357543
0.357694
0.357982
0.358172
0.358427
0.358958
0.359338
0.359604
0.359659
0.360023
0.360136
0.360642
0.361075
0.361113
0.361384
0.361627
0.361787
0.361980
0.362533
0.363019
0.363131
0.363809
0.363969
0.364150
0.364510
0.364541
0.364806
0.364972
0.365405
0.365511
0.366164
0.366303
0.366934
0.366988
0.367230
0.367332
0.367553
0.367752
0.367848
0.367984
0.368336
0.368495
0.368561
0.368725
0.369057
0.369562
0.369651
0.369832
0.370135
0.370272
0.370426
0.370693
0.371334
0.371432
0.371593
0.372207
0.372305
0.372464
0.372698
0.372857
0.373151
0.373779
0.373980
0.374109
0.374497
0.375143
0.375349
0.375487
0.375918
0.376020
0.376281
0.376470
0.376886
0.377259
0.377569
0.377845
0.377884
0.377953
0.378002
0.378523
0.378698
0.379051
0.379400
0.379741
0.379832
0.380360
0.380442
0.380721
0.381287
0.381363
0.381469
0.382057
0.382351
0.382415
0.382800
0.383116
0.383510
0.383570
0.383613
0.383785
0.383915
0.384159
0.384832
0.384991
0.385247
0.385439
0.385762
0.386108
0.386626
0.386917
0.387081
0.387162
0.387318
0.388044
0.388365
0.388568
0.388745
0.388930
0.389098
0.389334
0.389513
0.389988
0.390132
0.390294
0.390539
0.391039
0.391213
0.391352
0.391784
0.391800
0.392022
0.392382
0.392566
0.392892
0.393389
0.393673
0.393934
0.394303
0.394378
0.394786
0.395128
0.395162
0.395757
0.396036
0.396412
0.396481
0.396888
0.397346
0.397682
0.397722
0.397898
0.398096
0.398203
0.398388
0.398828
0.399273
0.399521
0.399826
0.399981
0.400615
0.400967
0.400991
0.401066
0.401224
0.401717
0.401924
0.402118
0.402162
0.402325
0.402703
0.402969
0.403103
0.403405
0.403588
0.404613
0.404741
0.405079
0.405225
0.406086
0.406294
0.406751
0.407104
0.407561
0.407682
0.408200
0.408271
0.408595
0.408842
0.409246
0.409340
0.409404
0.409650
0.409922
0.410015
0.410204
0.410282
0.410405
0.410798
0.411060
0.411110
0.411231
0.411671
0.411809
0.411919
0.412166
0.412560
0.412791
0.412861
0.413298
0.413987
0.414466
0.414676
0.414827
0.414992
0.415279
0.415394
0.415820
0.416159
0.416697
0.416886
0.417001
0.417089
0.417270
0.417436
0.417723
0.417788
0.418387
0.418557
0.418732
0.418932
0.419020
0.419141
0.419432
0.420069
0.420127
0.420402
0.421049
0.421096
0.421258
0.421698
0.421909
0.422244
0.422567
0.422647
0.423168
0.423618
0.424189
0.424265
0.424374
0.424596
0.424918
0.424971
0.425058
0.425615
0.425808
0.425983
0.426318
0.426504
0.426585
0.426949
0.427124
0.427251
0.427282
0.427846
0.428024
0.428437
0.428644
0.428745
0.428873
0.428937
0.429085
0.429232
0.429727
0.429765
0.430059
0.430245
0.430351
0.430559
0.430951
0.431265
0.431449
0.431547
0.431803
0.432207
0.432566
0.432645
0.432882
0.433666
0.434107
0.434288
0.434818
0.435075
0.435784
0.436283
0.436516
0.437157
0.437357
0.437528
0.437601
0.438246
0.438661
0.438842
0.439090
0.439328
0.439698
0.440075
0.440749
0.441249
0.441453
0.441501
0.441658
0.442181
0.442345
0.442471
0.442702
0.442896
0.443048
0.443259
0.443683
0.444061
0.444456
0.445128
0.445396
0.445490
0.445601
0.445789
0.445872
0.446184
0.446319
0.447088
0.447584
0.447866
0.447935
0.448347
0.448709
0.448785
0.449584
0.449587
0.449837
0.449979
0.450091
0.450843
0.451618
0.452027
0.452120
0.452490
0.452909
0.452973
0.453157
0.453689
0.453750
0.453817
0.453893
0.453996
0.454228
0.454700
0.455157
0.455199
0.455350
0.455428
0.455529
0.456029
0.456347
0.456413
0.456550
0.456815
0.457165
0.457227
0.457515
0.457883
0.458074
0.458215
0.458552
0.458698
0.458840
0.458993
0.459084
0.459249
0.459839
0.460525
0.460615
0.460736
0.460892
0.461084
0.461558
0.462163
0.462331
0.462397
0.462425
0.462795
0.462881
0.462968
0.463250
0.463635
0.463834
0.464062
0.464320
0.464381
0.464831
0.465695
0.465777
0.466303
0.466765
0.467200
0.467534
0.467651
0.467678
0.468007
0.468313
0.468421
0.468871
0.469077
0.469272
0.469444
0.469541
0.469906
0.470229
0.470494
0.470706
0.470819
0.471472
0.471904
0.471942
0.472317
0.472478
0.472900
0.473165
0.473316
0.473800
0.474546
0.474612
0.474801
0.474868
0.474901
0.475082
0.475335
0.475381
0.475573
0.476077
0.476356
0.476771
0.476824
0.476983
0.477193
0.477322
0.477805
0.478133
0.478278
0.478384
0.478471
0.479103
0.479376
0.479527
0.479869
0.479928
0.480356
0.480364
0.480484
0.480763
0.481032
0.481093
0.481404
0.481634
0.481828
0.481946
0.482183
0.482262
0.482599
0.482637
0.483063
0.483119
0.483314
0.483769
0.483846
0.483888
0.484266
0.484368
0.484936
0.485456
0.485605
0.485698
0.486364
0.486731
0.486949
0.487035
0.487056
0.487400
0.487544
0.487798
0.488146
0.488284
0.488459
0.488585
0.489056
0.489545
0.489871
0.490404
0.490590
0.490981
0.491205
0.491833
0.491940
0.492243
0.492535
0.492959
0.493090
0.493238
0.493463
0.494088
0.494342
0.494467
0.494649
0.494712
0.495246
0.495567
0.495693
0.495810
0.496097
0.496170
0.496411
0.496905
0.497114
0.497338
0.497984
0.498453
0.498481
0.498886
0.499177
0.499311
0.499338
0.499511
0.499514
0.499637
0.499901
0.500534
0.500672
0.500775
0.500784
0.500977
0.501317
0.501549
0.501757
0.501910
0.501953
0.502072
0.502361
0.502500
0.502716
0.502907
0.502962
0.503148
0.503208
0.503296
0.503601
0.503637
0.503767
0.503931
0.504036
0.504230
0.504417
0.504740
0.505064
0.505391
0.505637
0.505714
0.506028
0.506480
0.506577
0.507212
0.507286
0.507312
0.507560
0.507738
0.508090
0.508253
0.508442
0.508821
0.509147
0.509347
0.509553
0.509727
0.510197
0.510259
0.510365
0.510550
0.510711
0.511281
0.511667
0.512219
0.512344
0.512550
0.512795
0.513152
0.513254
0.513362
0.513832
0.514392
0.514454
0.514598
0.514811
0.514834
0.515366
0.515714
0.515940
0.516226
0.516320
0.516540
0.516720
0.517122
0.517242
0.517695
0.518044
0.518466
0.518712
0.518898
0.519273
0.519451
0.519470
0.519661
0.519771
0.520043
0.520078
0.520260
0.520502
0.520693
0.520956
0.520999
0.521788
0.521976
0.522024
0.522209
0.522572
0.522685
0.523091
0.523521
0.523741
0.523878
0.524264
0.524567
0.525033
0.525251
0.525327
0.525683
0.525855
0.525916
0.525951
0.526367
0.526539
0.526762
0.526879
0.527215
0.527386
0.527527
0.527558
0.527762
0.527909
0.528477
0.528811
0.528880
0.529010
0.529220
0.529579
0.529713
0.530212
0.530396
0.530419
0.530611
0.530850
0.530904
0.531062
0.531228
0.531692
0.532257
0.532740
0.533064
0.533142
0.533402
0.533489
0.533698
0.533889
0.534324
0.534509
0.535065
0.535458
0.535862
0.536093
0.536343
0.536545
0.536723
0.536820
0.537054
0.537234
0.537744
0.537916
0.537980
0.538055
0.538219
0.538602
0.539003
0.539069
0.539497
0.539886
0.539961
0.540164
0.540426
0.540539
0.540786
0.541186
0.541636
0.542175
0.542798
0.543431
0.543671
0.544312
0.544484
0.544547
0.544630
0.545362
0.545416
0.545628
0.545952
0.546664
0.546906
0.547026
0.547128
0.547430
0.547857
0.547944
0.548252
0.548381
0.549162
0.549789
0.549910
0.550287
0.550666
0.550938
0.551283
0.551564
0.551706
0.551860
0.551990
0.552054
0.552279
0.552711
0.552761
0.553018
0.553412
0.553626
0.553752
0.553847
0.554058
0.554218
0.554765
0.554971
0.555689
0.555957
0.556321
0.556473
0.556978
0.557299
0.557456
0.558024
0.558638
0.558905
0.559104
0.559195
0.559299
0.559467
0.559704
0.559842
0.560197
0.560228
0.560470
0.560694
0.561166
0.561477
0.562212
0.562397
0.562657
0.562927
0.563174
0.563419
0.563595
0.564149
0.564196
0.564346
0.564535
0.564603
0.565238
0.565850
0.566020
0.566291
0.566639
0.567346
0.567576
0.567672
0.568167
0.568724
0.568885
0.569431
0.569613
0.569868
0.570094
0.570459
0.570790
0.571157
0.571262
0.571408
0.571659
0.571713
0.572280
0.572467
0.572896
0.573112
0.573480
0.573771
0.574203
0.574467
0.574924
0.575010
0.575273
0.575722
0.575833
0.575981
0.576229
0.576289
0.576347
0.576592
0.576889
0.577334
0.577432
0.577647
0.577816
0.578059
0.578549
0.578645
0.579065
0.579339
0.579579
0.579880
0.580185
0.580306
0.580606
0.580949
0.581092
0.581582
0.581789
0.582553
0.582672
0.582952
0.583182
0.583348
0.583696
0.583880
0.584034
0.584267
0.584449
0.584773
0.585094
0.585206
0.585400
0.585520
0.585817
0.586258
0.586548
0.586835
0.586867
0.587222
0.587348
0.587887
0.588230
0.588563
0.588603
0.588748
0.589103
0.589171
0.589311
0.589769
0.589946
0.590206
0.590412
0.590480
0.590785
0.591385
0.591677
0.592103
0.592213
0.592584
0.592709
0.593297
0.593363
0.593652
0.593840
0.593898
0.594048
0.594273
0.594365
0.594559
0.594801
0.594936
0.595043
0.595310
0.595539
0.595575
0.595839
0.596168
0.596383
0.596963
0.597227
0.597514
0.597795
0.598158
0.598285
0.598793
0.599213
0.599844
0.600010
0.600437
0.600692
0.601246
0.601556
0.601879
0.602083
0.602278
0.602699
0.603159
0.603469
0.603823
0.604194
0.604587
0.604617
0.604763
0.605087
0.605376
0.605492
0.605811
0.606242
0.606898
0.607402
0.607688
0.607950
0.608247
0.608577
0.608980
0.609243
0.609453
0.609500
0.610359
0.610605
0.610643
0.610849
0.611056
0.611468
0.612176
0.612818
0.613021
0.613376
0.613474
0.613505
0.613674
0.613890
0.614073
0.614307
0.614779
0.614910
0.615077
0.615289
0.615557
0.615947
0.616169
0.616323
0.616948
0.617267
0.617527
0.617755
0.618313
0.618535
0.618647
0.619027
0.619217
0.619348
0.619626
0.619827
0.619862
0.620022
0.620277
0.620320
0.620613
0.621070
0.621094
0.621790
0.621986
0.622857
0.622890
0.622953
0.623318
0.623779
0.624221
0.624460
0.624715
0.625109
0.625330
0.625853
0.626014
0.626547
0.627045
0.627202
0.627682
0.627915
0.628376
0.628779
0.628884
0.629447
0.629714
0.629857
0.630173
0.630205
0.630215
0.630330
0.630969
0.631519
0.631788
0.631921
0.632075
0.632353
0.632547
0.632965
0.633468
0.633571
0.633834
0.634066
0.634515
0.634677
0.635017
0.635156
0.635334
0.635392
0.635656
0.636397
0.636622
0.636744
0.637300
0.637546
0.637616
0.637710
0.638153
0.638505
0.638846
0.638934
0.638983
0.639230
0.639614
0.639892
0.640037
0.640141
0.640275
0.640383
0.640404
0.640712
0.640800
0.641186
0.641531
0.642013
0.642659
0.642877
0.642954
0.643174
0.643325
0.643577
0.643739
0.644051
0.644195
0.644267
0.644464
0.644697
0.645008
0.645324
0.645677
0.646089
0.646187
0.646403
0.646416
0.646934
0.647291
0.647467
0.647929
0.648209
0.648245
0.648452
0.648829
0.649215
0.649463
0.649525
0.649795
0.649943
0.650166
0.650357
0.650731
0.651022
0.651205
0.651647
0.651956
0.652153
0.652307
0.653067
0.653411
0.653622
0.653844
0.654300
0.654399
0.654950
0.655274
0.655622
0.655963
0.656102
0.656423
0.656850
0.657255
0.657919
0.658204
0.658565
0.658768
0.659115
0.659345
0.659593
0.659965
0.660329
0.660362
0.660546
0.661059
0.661169
0.661445
0.661748
0.661773
0.662052
0.662189
0.662360
0.662707
0.663570
0.663867
0.664127
0.664637
0.664757
0.664881
0.665057
0.665309
0.665378
0.666108
0.666155
0.666451
0.666705
0.666926
0.666991
0.667154
0.667527
0.667633
0.667718
0.667964
0.668187
0.669196
0.669554
0.669790
0.669874
0.669958
0.670061
0.670485
0.670895
0.671269
0.671585
0.671688
0.671747
0.672187
0.672629
0.672830
0.673051
0.673426
0.673487
0.673838
0.674051
0.674122
0.674487
0.674773
0.675246
0.675569
0.675643
0.675865
0.676470
0.676587
0.677198
0.677556
0.677655
0.677842
0.678163
0.678257
0.678436
0.678528
0.678575
0.679091
0.679507
0.680027
0.680543
0.680635
0.680931
0.681058
0.681088
0.681163
0.681387
0.681953
0.682142
0.682606
0.683127
0.683363
0.683502
0.683643
0.683955
0.684182
0.684292
0.684832
0.685426
0.685454
0.685831
0.686145
0.686733
0.687137
0.687238
0.687495
0.687692
0.687768
0.687996
0.688632
0.688974
0.689105
0.689141
0.689347
0.689516
0.689521
0.689809
0.690327
0.690379
0.690495
0.690547
0.690676
0.690855
0.691228
0.691345
0.691686
0.692035
0.692192
0.692219
0.692694
0.692947
0.693425
0.693518
0.693776
0.693912
0.694119
0.694236
0.694445
0.694504
0.694697
0.694919
0.694973
0.695118
0.695576
0.695624
0.695703
0.696198
0.696387
0.696471
0.696796
0.697008
0.697160
0.697166
0.697305
0.697474
0.697601
0.697731
0.697905
0.697970
0.698253
0.698389
0.698898
0.699126
0.699209
0.699544
0.699584
0.699711
0.700006
0.700573
0.701274
0.701716
0.701974
0.702206
0.702587
0.702683
0.703275
0.703300
0.703361
0.703426
0.703544
0.703972
0.704027
0.704079
0.704224
0.704412
0.704596
0.705100
0.705205
0.705499
0.705601
0.705713
0.706072
0.706261
0.706541
0.706661
0.706885
0.707352
0.707435
0.707642
0.707979
0.708131
0.708679
0.708776
0.708911
0.708986
0.709257
0.709467
0.710295
0.710473
0.710733
0.710985
0.711926
0.712365
0.712583
0.713448
0.713610
0.713863
0.714199
0.714269
0.714414
0.714546
0.714629
0.714934
0.714992
0.715395
0.715465
0.715615
0.715833
0.716119
0.716465
0.716737
0.716793
0.716995
0.717125
0.717497
0.717600
0.717964
0.718169
0.718303
0.718451
0.718612
0.718824
0.719029
0.719064
0.719258
0.719718
0.720211
0.720322
0.720782
0.721247
0.721284
0.721430
0.721570
0.722221
0.722340
0.722524
0.722641
0.722883
0.723190
0.723497
0.724070
0.724137
0.724298
0.724324
0.724474
0.724599
0.724978
0.725116
0.725148
0.725473
0.725985
0.726053
0.726493
0.726665
0.726777
0.727022
0.727123
0.727159
0.727303
0.727801
0.727963
0.728579
0.729160
0.729496
0.729608
0.729838
0.730431
0.730746
0.730821
0.731123
0.731200
0.731449
0.731796
0.732109
0.732367
0.732415
0.732550
0.732633
0.733188
0.733573
0.734014
0.734322
0.734511
0.734817
0.735000
0.735394
0.735490
0.735559
0.736356
0.736869
0.737402
0.737704
0.737913
0.738040
0.738278
0.738892
0.739407
0.739650
0.739756
0.739997
0.740552
0.740808
0.741199
0.741333
0.741678
0.741882
0.742078
0.742411
0.742594
0.742858
0.743120
0.743429
0.743797
0.744312
0.744588
0.744939
0.745204
0.745841
0.746838
0.747498
0.747908
0.748203
0.748422
0.748554
0.749396
0.749481
0.749767
0.749862
0.750104
0.750206
0.750351
0.750643
0.751136
0.751280
0.751757
0.751960
0.752074
0.752252
0.752380
0.752723
0.752993
0.753163
0.753698
0.753809
0.754295
0.754451
0.754561
0.754946
0.755168
0.755301
0.755496
0.755530
0.756055
0.756206
0.756401
0.756482
0.756653
0.757042
0.757166
0.757336
0.757577
0.758293
0.758459
0.758568
0.759150
0.759459
0.759731
0.760084
0.760101
0.760414
0.760515
0.760880
0.761331
0.761545
0.761729
0.762021
0.762082
0.762225
0.762442
0.762627
0.763046
0.763105
0.763574
0.763780
0.763865
0.764170
0.764365
0.764498
0.764889
0.765263
0.765469
0.765836
0.765978
0.766144
0.766415
0.766603
0.766915
0.767464
0.767539
0.767650
0.767974
0.768255
0.768335
0.768407
0.768484
0.768742
0.768852
0.769138
0.769846
0.769940
0.770122
0.770744
0.771268
0.771524
0.771566
0.772109
0.772554
0.772840
0.773049
0.773482
0.773609
0.773689
0.773988
0.774216
0.774681
0.774728
0.774928
0.775200
0.775260
0.775867
0.776403
0.776502
0.776788
0.777244
0.777851
0.778313
0.778422
0.778464
0.778808
0.779012
0.779232
0.779300
0.779545
0.779987
0.780113
0.780148
0.780658
0.781329
0.781683
0.781988
0.782500
0.783042
0.783258
0.783608
0.783761
0.784492
0.784806
0.785178
0.785742
0.786044
0.786121
0.786172
0.786388
0.786649
0.786698
0.786983
0.787349
0.787628
0.787992
0.788215
0.788313
0.788446
0.788470
0.788638
0.788864
0.789145
0.789633
0.789781
0.789969
0.790054
0.790387
0.790876
0.791177
0.791409
0.791607
0.791650
0.791799
0.792201
0.792398
0.792693
0.792831
0.793710
0.793990
0.794676
0.794804
0.795071
0.795215
0.795423
0.795437
0.795602
0.795951
0.796302
0.796533
0.797362
0.797758
0.798474
0.798648
0.798895
0.799296
0.799537
0.799796
0.799835
0.800033
0.800660
0.800740
0.800823
0.800917
0.801082
0.801469
0.801988
0.802146
0.802383
0.802563
0.802694
0.802766
0.802947
0.803424
0.803599
0.803776
0.804438
0.804487
0.804721
0.805143
0.805558
0.806000
0.806348
0.806477
0.806715
0.806857
0.806944
0.807222
0.807330
0.807459
0.807623
0.807671
0.807892
0.808037
0.808446
0.808482
0.808501
0.808577
0.808668
0.809089
0.809215
0.809543
0.809607
0.809827
0.810331
0.810413
0.810491
0.810730
0.810913
0.811047
0.811298
0.811527
0.811628
0.811838
0.812083
0.812323
0.812705
0.813053
0.813100
0.813602
0.813930
0.814355
0.814832
0.815409
0.815618
0.815808
0.815950
0.816330
0.816579
0.816676
0.816943
0.817509
0.817765
0.817851
0.818267
0.818743
0.818957
0.819223
0.819568
0.819615
0.819835
0.820031
0.820376
0.820409
0.820892
0.820951
0.821095
0.821500
0.822012
0.822284
0.822557
0.822944
0.823040
0.824274
0.824393
0.824454
0.824923
0.825621
0.825707
0.825958
0.826208
0.826451
0.826557
0.826697
0.826745
0.827010
0.827110
0.827397
0.827766
0.828108
0.828143
0.828470
0.828781
0.829076
0.829129
0.829315
0.829811
0.829980
0.830581
0.830666
0.831729
0.832016
0.832507
0.832887
0.833123
0.833382
0.833682
0.834025
0.834203
0.834588
0.834874
0.834981
0.835443
0.835932
0.836059
0.836173
0.836284
0.836493
0.836785
0.837481
0.837655
0.838056
0.838404
0.838596
0.838924
0.838982
0.839284
0.839380
0.839502
0.840076
0.840603
0.841028
0.841315
0.841729
0.841942
0.842080
0.842154
0.842304
0.842485
0.842604
0.843082
0.843158
0.843320
0.843569
0.844367
0.844427
0.844830
0.845155
0.845306
0.845475
0.845807
0.846224
0.846612
0.846845
0.847074
0.847194
0.847662
0.847873
0.848102
0.848197
0.848377
0.848558
0.848775
0.849014
0.849083
0.849316
0.849818
0.850171
0.850304
0.850735
0.850972
0.851169
0.851368
0.851530
0.851612
0.851878
0.852417
0.852679
0.853143
0.853318
0.853506
0.853717
0.854127
0.854749
0.855136
0.855355
0.855388
0.855871
0.856325
0.856467
0.856536
0.856755
0.856849
0.857124
0.857464
0.857643
0.858075
0.858344
0.858842
0.859199
0.859430
0.859496
0.859691
0.860236
0.860526
0.860690
0.860821
0.860878
0.861300
0.861668
0.861915
0.862060
0.862082
0.862361
0.862694
0.862779
0.862882
0.862890
0.863225
0.863592
0.863836
0.864103
0.864810
0.864924
0.865222
0.865420
0.865806
0.865962
0.866053
0.866306
0.866501
0.866989
0.867147
0.867335
0.867646
0.867774
0.868014
0.868230
0.868279
0.868327
0.868525
0.868728
0.869022
0.869173
0.869244
0.869533
0.869946
0.870307
0.870453
0.870816
0.871601
0.872036
0.872282
0.872456
0.873238
0.873450
0.873503
0.874173
0.874547
0.874711
0.874774
0.874900
0.875028
0.875629
0.875838
0.875926
0.876256
0.876361
0.877196
0.877543
0.877977
0.878431
0.878844
0.879183
0.879655
0.879798
0.880136
0.880182
0.880328
0.880579
0.880678
0.880845
0.880898
0.881048
0.881298
0.881551
0.881846
0.882229
0.882255
0.882623
0.882920
0.883293
0.883375
0.883642
0.883773
0.884396
0.884623
0.884994
0.885265
0.885637
0.885726
0.886019
0.886291
0.886355
0.886707
0.887320
0.887418
0.887648
0.887894
0.888149
0.888266
0.888417
0.889044
0.889426
0.889492
0.889535
0.889635
0.889660
0.889846
0.889906
0.890050
0.890285
0.890479
0.890629
0.891056
0.891348
0.892204
0.892416
0.892788
0.892896
0.893133
0.893276
0.893395
0.893926
0.894838
0.895304
0.895746
0.895899
0.896264
0.896438
0.896497
0.896507
0.897012
0.897260
0.897531
0.897964
0.898100
0.898738
0.898973
0.899368
0.899620
0.899854
0.899950
0.900115
0.900377
0.900923
0.901551
0.901595
0.901690
0.902152
0.902185
0.902504
0.902690
0.903212
0.903414
0.903579
0.904196
0.904371
0.904555
0.904597
0.904701
0.904927
0.905495
0.905772
0.906341
0.906588
0.906750
0.906953
0.907403
0.907643
0.907824
0.907933
0.908072
0.908132
0.908464
0.908613
0.908682
0.908894
0.909053
0.909275
0.909301
0.909381
0.909508
0.910174
0.910442
0.910743
0.910797
0.911249
0.911930
0.912065
0.912653
0.912946
0.913012
0.913296
0.913925
0.913975
0.914113
0.914321
0.914613
0.914838
0.915164
0.915433
0.915987
0.916198
0.916555
0.917065
0.917093
0.917343
0.917853
0.918260
0.918297
0.919148
0.919391
0.919801
0.920039
0.920325
0.920348
0.920523
0.920673
0.920895
0.921019
0.921250
0.921462
0.921955
0.922351
0.922701
0.923029
0.923748
0.923927
0.924379
0.924652
0.925141
0.925332
0.925519
0.925820
0.926251
0.926384
0.926497
0.927093
0.927177
0.927555
0.927764
0.927913
0.928289
0.928967
0.929143
0.929229
0.929302
0.929575
0.929835
0.930149
0.930340
0.930424
0.930610
0.930702
0.931187
0.931316
0.931394
0.931505
0.931624
0.931914
0.932518
0.932973
0.933280
0.933351
0.933453
0.934226
0.934485
0.934647
0.934925
0.935138
0.935192
0.935867
0.936083
0.936244
0.936543
0.936721
0.937089
0.937154
0.937264
0.937416
0.937530
0.938493
0.938905
0.939058
0.939149
0.939274
0.939841
0.940099
0.940288
0.940746
0.940976
0.941194
0.941586
0.941750
0.942069
0.942271
0.942648
0.942728
0.942758
0.942984
0.943175
0.943504
0.943576
0.943644
0.943940
0.944379
0.945226
0.945433
0.946246
0.946376
0.946792
0.946880
0.947114
0.947260
0.947978
0.948341
0.948444
0.948583
0.949123
0.949390
0.949849
0.950331
0.950832
0.950918
0.951166
0.951206
0.951821
0.951929
0.952316
0.952508
0.952751
0.952877
0.953117
0.953203
0.953426
0.954086
0.954241
0.954519
0.954769
0.955791
0.956230
0.956313
0.956572
0.956869
0.957376
0.957907
0.958221
0.958383
0.958605
0.959119
0.959371
0.959957
0.960006
0.960418
0.961023
0.961155
0.961471
0.961640
0.962046
0.962203
0.962372
0.962624
0.962664
0.963301
0.963693
0.963822
0.964335
0.964511
0.964650
0.964854
0.965207
0.965296
0.965563
0.965892
0.966242
0.966523
0.966784
0.966939
0.967123
0.967463
0.967673
0.967862
0.968169
0.968374
0.968654
0.969041
0.969504
0.969940
0.970363
0.970874
0.970999
0.971650
0.971893
0.972191
0.972414
0.972548
0.972697
0.972827
0.973018
0.973639
0.973850
0.973939
0.974208
0.974787
0.975526
0.975748
0.976071
0.976302
0.976449
0.976523
0.976732
0.976973
0.977211
0.977592
0.978086
0.978177
0.978483
0.978537
0.978686
0.978945
0.979019
0.979174
0.979278
0.979488
0.979547
0.979895
0.980154
0.980300
0.980432
0.980583
0.980775
0.980958
0.981156
0.981518
0.981619
0.981968
0.982632
0.983037
0.983093
0.983491
0.983689
0.984049
0.984458
0.984687
0.985324
0.985562
0.985863
0.985905
0.986004
0.986281
0.986561
0.987228
0.987467
0.987500
0.987882
0.988830
0.989147
0.989634
0.989978
0.990154
0.990271
0.990472
0.990689
0.990925
0.991802
0.992451
0.992462
0.992668
0.993232
0.993803
0.994207
0.994850
0.995146
0.995678
0.995793
0.996113
0.996380
0.996868
0.996944
0.997271
0.997664
0.998194
0.998619
0.998854
0.999022
0.999153
0.999284
0.999409
0.999449
0.999618
0.999727
0.999956
1.002146
1.003392
1.010778
1.014023
1.018616
1.020565
1.022868
1.025974
1.028025
1.031229
1.032149
1.035667
1.038816
1.041687
1.044882
1.045002
1.047917
1.050224
1.053498
1.055443
1.058236
1.059530
1.062551
1.066790
1.068396
1.070323
1.070924
1.077355
1.081005
1.083948
1.087167
1.088613
1.091876
1.094175
1.099620
1.103409
1.105236
1.109497
1.112401
1.113125
1.115684
1.124868
1.128678
1.129829
1.130356
1.132614
1.133493
1.136304
1.138493
1.143495
1.145537
1.148493
1.149297
1.151165
1.153405
1.155181
1.158179
1.160549
1.163202
1.169730
1.172247
1.173779
1.177257
1.179922
1.181667
1.183280
1.184680
1.185287
1.188662
1.190218
1.191365
1.195078
1.196937
1.200021
1.203621
1.204052
1.205982
1.208208
1.208589
1.209748
1.210687
1.212584
1.215117
1.219479
1.219675
1.221195
1.223579
1.225087
1.229924
1.232792
1.233884
1.237256
1.239828
1.241403
1.244247
1.246624
1.249211
1.252200
1.254166
1.255852
1.257473
1.263731
1.264266
1.266575
1.269522
1.270374
1.270876
1.274216
1.277248
1.278249
1.279902
1.284503
1.287134
1.290730
1.295770
1.303193
1.305227
1.305846
1.307920
1.309528
1.310421
1.319958
1.325730
1.327700
1.334778
1.339371
1.340204
1.340902
1.342321
1.343766
1.344414
1.348627
1.350818
1.353267
1.359436
1.364395
1.369024
1.370258
1.372780
1.376405
1.379489
1.380539
1.381396
1.385363
1.393028
1.396671
1.410621
1.413502
1.418407
1.420855
1.423979
1.427799
1.429656
1.431552
1.433021
1.434219
1.438763
1.441210
1.443208
1.443893
1.445379
1.449494
1.452924
1.454873
1.460445
1.461869
1.462904
1.464086
1.466380
1.469605
1.473403
1.474541
1.476163
1.484681
1.485841
1.486966
1.491064
1.491997
1.496873
1.504810
1.507044
1.508925
1.511638
1.516482
1.522775
1.527072
1.528938
1.529842
1.531549
1.532303
1.537572
1.538861
1.541046
1.542602
1.544920
1.547707
1.548972
1.549871
1.553385
1.554009
1.556906
1.558277
1.558888
1.561921
1.564155
1.565468
1.567436
1.569491
1.570912
1.573187
1.574600
1.578109
1.581376
1.587483
1.589668
1.591900
1.594578
1.598038
1.600029
1.606522
1.607378
1.610612
1.611076
1.613161
1.614093
1.617256
1.618226
1.618662
1.619917
1.625515
1.628789
1.630419
1.631836
1.639822
1.641780
1.643754
1.647748
1.650237
1.651731
1.652868
1.653477
1.655746
1.659640
1.662299
1.662517
1.663452
1.664616
1.665717
1.667344
1.668397
1.668868
1.670259
1.672945
1.674901
1.678533
1.682920
1.688819
1.692188
1.693464
1.694553
1.703722
1.704677
1.706241
1.708492
1.709412
1.714028
1.716339
1.717283
1.718936
1.721310
1.727221
1.730724
1.735648
1.737149
1.738795
1.744290
1.746445
1.747659
1.748964
1.750575
1.751607
1.753842
1.756859
1.758031
1.759125
1.763460
1.764807
1.767640
1.770227
1.776432
1.784326
1.791001
1.791856
1.793026
1.796401
1.800383
1.802277
1.803727
1.804013
1.805652
1.809444
1.811997
1.814123
1.819397
1.819923
1.821193
1.825061
1.828485
1.829313
1.830750
1.831256
1.832773
1.834213
1.836081
1.845087
1.845707
1.850205
1.851204
1.856213
1.859166
1.861210
1.863696
1.868694
1.871731
1.874269
1.881151
1.883319
1.884790
1.887080
1.888583
1.893392
1.893698
1.894998
1.899090
1.901508
1.904650
1.905618
1.908107
1.912862
1.914050
1.914562
1.915460
1.920061
1.920993
1.921482
1.921988
1.923166
1.923657
1.927910
1.933600
1.937644
1.941723
1.944625
1.946775
1.947452
1.950206
1.952440
1.955786
1.956721
1.957024
1.957954
1.959070
1.960779
1.961544
1.965117
1.967994
1.968846
1.971355
1.972672
1.977066
1.980745
1.981984
1.983800
1.987050
1.988121
1.990255
1.993539
1.998236
2.001047
2.002452
2.004258
2.006857
2.007574
2.008180
2.012672
2.012882
2.016414
2.019360
2.022394
2.027145
2.028515
2.030146
2.031616
2.034130
2.038204
2.038577
2.038868
2.042232
2.043896
2.048502
2.049507
2.052211
2.055681
2.056593
2.056861
2.058093
2.062051
2.064543
2.068450
2.071967
2.076592
2.084685
2.087997
2.091055
2.097807
2.098569
2.100931
2.106163
2.107900
2.112506
2.113509
2.119019
2.120802
2.122889
2.123727
2.126528
2.133997
2.138576
2.139606
2.143052
2.146187
2.147017
2.149523
2.152449
2.158084
2.160901
2.166648
2.170793
2.173083
2.175045
2.175999
2.178642
2.181708
2.184673
2.187776
2.191294
2.194674
2.198627
2.201432
2.206238
2.208860
2.210950
2.211231
2.214365
2.217180
2.223223
2.227305
2.231152
2.234723
2.236425
2.240450
2.241729
2.245581
2.248168
2.250368
2.251579
2.258318
2.260811
2.262437
2.263914
2.267554
2.268173
2.269952
2.274419
2.275471
2.277500
2.281550
2.283503
2.285583
2.290411
2.298197
2.298772
2.302813
2.304429
2.305720
2.306533
2.309303
2.311491
2.312583
2.314836
2.315345
2.315717
2.321834
2.324428
2.325227
2.326317
2.327336
2.329741
2.333100
2.338551
2.339422
2.343951
2.344332
2.347590
2.348789
2.350810
2.352387
2.354065
2.357387
2.360084
2.361327
2.363021
2.367058
2.370468
2.376425
2.378551
2.381055
2.387048
2.389562
2.394083
2.397390
2.399796
2.400068
2.400953
2.402130
2.405718
2.408144
2.412749
2.414576
2.418677
2.420327
2.425002
2.426200
2.427356
2.431234
2.435082
2.442998
2.443567
2.446133
2.448231
2.452132
2.455048
2.455875
2.460920
2.463654
2.467436
2.474444
2.474546
2.475951
2.478241
2.480447
2.482951
2.486658
2.490620
2.494213
2.499459
2.501903
2.506658
2.510318
2.512327
2.516645
2.518594
2.521699
2.522238
2.524384
2.526368
2.530980
2.533639
2.534937
2.538324
2.539560
2.544880
2.546478
2.549288
2.551862
2.553588
2.554545
2.557632
2.559938
2.560570
2.563808
2.565708
2.567978
2.570017
2.570974
2.573953
2.576889
2.579739
2.581649
2.585936
2.588555
2.590656
2.592103
2.594236
2.595457
2.599299
2.601589
2.607011
2.611893
2.615089
2.616267
2.617648
2.620375
2.621891
2.623944
2.627285
2.630009
2.631691
2.635977
2.636605
2.640157
2.641813
2.644157
2.646550
2.647436
2.650344
2.653605
2.654779
2.655943
2.656276
2.660463
2.663327
2.664665
2.668415
2.671847
2.674203
2.675382
2.676190
2.679599
2.683637
2.685150
2.686425
2.690972
2.692969
2.696032
2.697100
2.704307
2.706086
2.707083
2.707708
2.711791
2.714746
2.715451
2.718229
2.722523
2.725548
2.728929
2.731014
2.737113
2.739880
2.741120
2.745719
2.748491
2.750535
2.755927
2.756431
2.757384
2.761971
2.765254
2.766773
2.768528
2.771931
2.775156
2.777288
2.778272
2.783719
2.784425
2.786228
2.787569
2.789516
2.792420
2.798841
2.800041
2.806694
2.810435
2.815018
2.815246
2.817544
2.819424
2.822145
2.823900
2.826275
2.829777
2.831570
2.836704
2.837772
2.839554
2.843069
2.846627
2.847868
2.849747
2.850207
2.853687
2.856199
2.858140
2.860341
2.865148
2.867572
2.870369
2.875067
2.881774
2.883863
2.888601
2.892960
2.895506
2.896328
2.899988
2.907987
2.909163
2.913732
2.917071
2.919740
2.921324
2.924332
2.925478
2.926933
2.930450
2.937054
2.940245
2.945300
2.947509
2.950750
2.953300
2.953917
2.955079
2.956678
2.959232
2.961636
2.967020
2.968039
2.969538
2.973891
2.977180
2.981554
2.982851
2.986122
2.986996
2.988422
2.992021
2.994937
2.998658
3.004901
3.008433
3.009882
3.011206
3.014290
3.016770
3.020489
3.022908
3.024815
3.026592
3.032334
3.035113
3.041442
3.043588
3.046104
3.046830
3.048860
3.049415
3.050074
3.052772
3.054404
3.058138
3.059497
3.061799
3.063711
3.067434
3.068822
3.071629
3.073382
3.076054
3.078307
3.082024
3.083061
3.091151
3.096988
3.100129
3.101437
3.103693
3.108489
3.111532
3.115602
3.118074
3.118891
3.122855
3.125444
3.126846
3.132612
3.135913
3.136314
3.137132
3.138412
3.139793
3.141892
3.143735
3.148101
3.150105
3.151269
3.154373
3.154913
3.156471
3.157068
3.158407
3.160613
3.162140
3.164671
3.170581
3.172642
3.174802
3.177464
3.179282
3.180595
3.181020
3.181569
3.187652
3.192131
3.196563
3.197421
3.198792
3.200182
3.204237
3.206787
3.211644
3.213253
3.216299
3.217167
3.218565
3.222321
3.225624
3.229088
3.230504
3.234000
3.236842
3.239913
3.240953
3.241220
3.245012
3.251924
3.252695
3.255365
3.258913
3.261707
3.265118
3.266758
3.268395
3.272668
3.273112
3.276256
3.278923
3.281277
3.282737
3.285481
3.286843
3.287694
3.288376
3.298931
3.303173
3.304576
3.306462
3.307881
3.309748
3.313665
3.314876
3.318771
3.320777
3.321296
3.322832
3.324793
3.332188
3.333289
3.334684
3.336553
3.337234
3.340681
3.342253
3.349499
3.352230
3.355062
3.360766
3.361701
3.365812
3.370752
3.376268
3.377643
3.380544
3.387507
3.390117
3.391647
3.391884
3.395338
3.396679
3.397767
3.401046
3.403488
3.405952
3.407119
3.409832
3.412973
3.413770
3.416433
3.416703
3.422254
3.423255
3.425534
3.429321
3.435940
3.441725
3.446381
3.449847
3.453024
3.458362
3.460635
3.461872
3.463250
3.468868
3.469213
3.470150
3.472811
3.474947
3.475364
3.476095
3.477161
3.479690
3.482907
3.485209
3.490881
3.492463
3.496524
3.504749
3.509231
3.512273
3.513284
3.519683
3.521028
3.521231
3.525612
3.526392
3.527233
3.529496
3.529853
3.531897
3.533670
3.535994
3.538862
3.542808
3.542996
3.545725
3.549859
3.551667
3.556304
3.556697
3.557097
3.558467
3.560499
3.563062
3.565788
3.568897
3.570867
3.571597
3.573862
3.577450
3.578735
3.582374
3.586543
3.589022
3.591431
3.593569
3.596458
3.601550
3.604344
3.607047
3.609108
3.612942
3.618873
3.621227
3.626729
3.627403
3.631909
3.633261
3.634084
3.638422
3.640180
3.640586
3.643431
3.644435
3.651229
3.652181
3.653127
3.654631
3.659532
3.671774
3.682715
3.683535
3.686212
3.688542
3.690358
3.693190
3.697169
3.699652
3.702396
3.705194
3.706193
3.706935
3.708793
3.709758
3.710766
3.711918
3.716245
3.717028
3.718322
3.720306
3.722420
3.723897
3.725317
3.726543
3.732753
3.737544
3.740085
3.742460
3.744995
3.750632
3.752725
3.754070
3.756376
3.760373
3.764033
3.769044
3.773143
3.775354
3.780008
3.782945
3.783812
3.785938
3.787858
3.789411
3.789637
3.790563
3.793227
3.797001
3.797606
3.801525
3.803390
3.807793
3.810700
3.812365
3.813502
3.818956
3.824103
3.826786
3.828451
3.830366
3.834630
3.838941
3.840774
3.842832
3.846659
3.850016
3.852591
3.854040
3.855761
3.858942
3.863028
3.866076
3.868759
3.871149
3.874134
3.875533
3.878630
3.880776
3.885563
3.889461
3.894194
3.896006
3.904256
3.907085
3.909321
3.910452
3.911576
3.917255
3.917942
3.918847
3.922960
3.926469
3.930687
3.933331
3.937188
3.938594
3.940461
3.944171
3.945423
3.947037
3.949785
3.951935
3.956797
3.957717
3.962996
3.966804
3.970995
3.971586
3.972576
3.976828
3.978026
3.984651
3.986223
3.987065
3.988161
3.990593
3.992208
3.992634
3.994282
3.996940
4.001177
4.003381
4.005898
4.007351
4.008390
4.008752
4.012177
4.019079
4.024263
4.026931
4.031574
4.034142
4.038154
4.039886
4.044816
4.046847
4.047598
4.049239
4.050259
4.050640
4.052394
4.055962
4.059045
4.063116
4.065435
4.066296
4.070428
4.072629
4.073291
4.074537
4.079528
4.084204
4.085449
4.089923
4.089934
4.091965
4.093272
4.099573
4.100697
4.100977
4.101686
4.102471
4.107175
4.108166
4.110032
4.112932
4.117136
4.120541
4.121102
4.122222
4.122696
4.125739
4.127352
4.129684
4.130112
4.133787
4.139078
4.141597
4.143777
4.146299
4.149385
4.149513
4.151511
4.154663
4.156544
4.157455
4.157676
4.158673
4.161875
4.169009
4.173900
4.175395
4.176412
4.178140
4.183332
4.186991
4.188263
4.194291
4.200696
4.202703
4.204468
4.206797
4.208735
4.209194
4.217572
4.221250
4.221930
4.223763
4.231904
4.232377
4.240755
4.244023
4.245861
4.247609
4.249375
4.257353
4.257888
4.261065
4.264094
4.264774
4.267296
4.269485
4.274352
4.277117
4.280187
4.286850
4.289372
4.289874
4.296615
4.299871
4.304265
4.305539
4.312504
4.313267
4.314180
4.314439
4.318780
4.320274
4.322328
4.323386
4.325880
4.333029
4.338339
4.340133
4.344951
4.345838
4.348556
4.350760
4.353969
4.357004
4.358438
4.360107
4.361567
4.363399
4.370103
4.371780
4.372379
4.377433
4.378667
4.382782
4.386574
4.389910
4.390810
4.395063
4.397146
4.398726
4.401582
4.407230
4.412252
4.416710
4.420448
4.420763
4.423882
4.426391
4.426970
4.429765
4.431015
4.432924
4.435284
4.437545
4.438439
4.439515
4.441436
4.442022
4.446622
4.447809
4.448098
4.448897
4.449432
4.450571
4.455387
4.460088
4.463054
4.467763
4.468618
4.472026
4.472437
4.479008
4.479801
4.482615
4.484322
4.488072
4.493805
4.498191
4.500405
4.505495
4.512429
4.515690
4.516806
4.518588
4.520390
4.520720
4.522287
4.525526
4.530247
4.533181
4.535292
4.541854
4.542748
4.545912
4.549243
4.552735
4.554001
4.562735
4.564540
4.566309
4.572636
4.574717
4.577943
4.581127
4.585054
4.588546
4.589961
4.597032
4.600235
4.600974
4.604180
4.607594
4.612070
4.614693
4.615209
4.618625
4.622085
4.630725
4.635472
4.637056
4.637770
4.639051
4.641818
4.644318
4.646532
4.648441
4.649883
4.650182
4.650996
4.655667
4.659250
4.661445
4.663813
4.664270
4.669348
4.671663
4.672827
4.674184
4.676235
4.677470
4.678274
4.679644
4.681211
4.683153
4.685153
4.687287
4.689706
4.697093
4.697556
4.699563
4.701016
4.703615
4.707809
4.709448
4.710622
4.714425
4.716812
4.721538
4.726295
4.730516
4.732621
4.734257
4.737526
4.739207
4.740234
4.746729
4.747391
4.748058
4.750591
4.753729
4.757624
4.763484
4.764391
4.770792
4.772128
4.775491
4.776104
4.776458
4.777573
4.778110
4.779152
4.781109
4.785255
4.788149
4.790511
4.796846
4.797758
4.798850
4.801219
4.804204
4.806102
4.807354
4.812540
4.813068
4.814880
4.817156
4.818329
4.822211
4.822561
4.826125
4.828347
4.829418
4.830283
4.833356
4.835759
4.838432
4.842706
4.847709
4.850055
4.854314
4.858000
4.861256
4.868678
4.868918
4.875959
4.877297
4.878423
4.878790
4.880188
4.880933
4.881230
4.885227
4.889119
4.889998
4.894966
4.895706
4.896414
4.905041
4.909396
4.914687
4.917155
4.918332
4.919902
4.921531
4.922111
4.923644
4.925563
4.929752
4.931631
4.931829
4.937275
4.937733
4.941555
4.943663
4.944044
4.947232
4.948756
4.950720
4.952926
4.956317
4.959019
4.962364
4.969175
4.971987
4.972438
4.973972
4.974334
4.978367
4.981316
4.986035
4.988696
4.992627
4.996373
4.997859
5.001612
5.004335
5.005555
5.008747
5.011573
5.014831
5.016080
5.024709
5.029362
5.032498
5.035746
5.041759
5.043212
5.046319
5.049200
5.053430
5.056429
5.057959
5.059836
5.062873
5.066276
5.072843
5.073683
5.083902
5.088612
5.091555
5.094363
5.096208
5.098440
5.100127
5.101358
5.102066
5.104373
5.110220
5.113089
5.116519
5.118669
5.121084
5.124410
5.130526
5.134916
5.136579
5.139536
5.143234
5.145740
5.147293
5.150517
5.153793
5.156067
5.157792
5.159897
5.162116
5.165606
5.169159
5.171472
5.174076
5.175545
5.177753
5.179948
5.181413
5.185008
5.187275
5.191790
5.194394
5.199081
5.200279
5.202603
5.205611
5.209034
5.213611
5.215669
5.217669
5.219219
5.222008
5.227381
5.231586
5.233454
5.234948
5.239329
5.243672
5.244689
5.248669
5.252146
5.252817
5.253723
5.257376
5.260295
5.262189
5.263756
5.265384
5.266819
5.267915
5.270564
5.278706
5.280670
5.283449
5.284570
5.285960
5.291023
5.295738
5.296171
5.298346
5.300192
5.302646
5.303476
5.311371
5.312416
5.313166
5.314899
5.316023
5.319165
5.323271
5.325406
5.325605
5.331556
5.336246
5.338684
5.344120
5.347864
5.349221
5.353723
5.354423
5.357645
5.358590
5.359290
5.361202
5.361820
5.367251
5.369152
5.375870
5.379897
5.380901
5.383737
5.385648
5.387540
5.389345
5.391339
5.393056
5.399303
5.402094
5.405134
5.407479
5.410916
5.412770
5.416833
5.420106
5.421633
5.422049
5.425145
5.429278
5.435813
5.436548
5.440924
5.443632
5.445063
5.446638
5.451093
5.456057
5.458003
5.458898
5.461509
5.467007
5.470883
5.472331
5.473177
5.476240
5.477059
5.478043
5.480255
5.482932
5.489147
5.490383
5.494743
5.496326
5.499878
5.502891
5.504626
5.511139
5.513590
5.518523
5.521517
5.524177
5.525878
5.528326
5.530812
5.534780
5.537001
5.538966
5.539406
5.541253
5.542681
5.544208
5.544809
5.545700
5.550718
5.551510
5.555468
5.557463
5.560079
5.561577
5.563266
5.563803
5.564438
5.566339
5.568034
5.569472
5.571392
5.576216
5.576557
5.578856
5.582708
5.583761
5.584702
5.586931
5.590987
5.594911
5.596724
5.598647
5.600797
5.603388
5.606564
5.608235
5.612193
5.614652
5.616320
5.617117
5.621710
5.622735
5.624461
5.624610
5.625199
5.626691
5.629857
5.631348
5.632826
5.633587
5.637871
5.640695
5.642592
5.648918
5.653079
5.656153
5.656685
5.658273
5.660501
5.662173
5.663088
5.665173
5.666768
5.668576
5.669720
5.670736
5.674360
5.677930
5.678088
5.682409
5.683571
5.688912
5.689956
5.691349
5.691580
5.693826
5.695980
5.699413
5.700305
5.701839
5.703408
5.706951
5.711932
5.712873
5.716219
5.716799
5.718189
5.722047
5.727491
5.730700
5.731933
5.736078
5.737320
5.739776
5.741192
5.747637
5.748653
5.752562
5.756383
5.757389
5.762551
5.763805
5.764935
5.768571
5.769308
5.776640
5.779283
5.782398
5.783375
5.787209
5.791108
5.792812
5.796857
5.800044
5.801417
5.802396
5.804507
5.810350
5.813019
5.813589
5.818072
5.820831
5.822826
5.824494
5.827747
5.830121
5.830665
5.834302
5.839646
5.842025
5.842795
5.844903
5.849596
5.851688
5.855346
5.855805
5.858313
5.861044
5.864147
5.865857
5.867533
5.870245
5.870611
5.871269
5.871358
5.876885
5.879130
5.884805
5.887559
5.894032
5.896434
5.900371
5.901797
5.902713
5.906484
5.908421
5.912976
5.913448
5.915327
5.919855
5.920885
5.924512
5.925923
5.935880
5.939065
5.940614
5.942334
5.948455
5.951433
5.952058
5.955350
5.956988
5.956995
5.959943
5.961524
5.966354
5.968318
5.969425
5.970930
5.976818
5.978127
5.979137
5.981095
5.984749
5.987104
5.987885
5.992620
5.993802
5.994255
5.995964
5.996903
5.999150
5.999468
6.002111
6.003575
6.006074
6.007765
6.011866
6.014173
6.016851
6.019465
6.022483
6.023812
6.026817
6.030085
6.031713
6.034855
6.037033
6.041288
6.042885
6.045686
6.049363
6.052821
6.056104
6.057021
6.057392
6.058673
6.062374
6.063196
6.064926
6.068040
6.069690
6.071025
6.072440
6.074621
6.075217
6.078360
6.079808
6.083377
6.085428
6.090365
6.091299
6.092350
6.095856
6.098550
6.099722
6.101878
6.104495
6.105450
6.110972
6.112345
6.114261
6.115667
6.116456
6.120817
6.125597
6.130724
6.133451
6.134805
6.136395
6.137250
6.140300
6.142884
6.150562
6.153530
6.157162
6.158707
6.161360
6.164104
6.164961
6.165822
6.167264
6.168849
6.174220
6.180602
6.181025
6.189664
6.192463
6.193594
6.195627
6.198928
6.201965
6.204420
6.207395
6.211264
6.211909
6.215406
6.217940
6.220238
6.221533
6.223493
6.224731
6.227586
6.232462
6.236121
6.237007
6.238890
6.240692
6.242251
6.246508
6.247715
6.253156
6.253662
6.255376
6.257309
6.263481
6.264959
6.268254
6.271176
6.274372
6.279278
6.280381
6.283402
6.286641
6.289137
6.292889
6.296012
6.298695
6.299114
6.299708
6.301261
6.302423
6.303699
6.304721
6.307359
6.308825
6.309588
6.312629
6.318096
6.321033
6.322646
6.325699
6.326596
6.328234
6.332949
6.334719
6.339426
6.342794
6.350586
6.350894
6.354012
6.358684
6.360173
6.362284
6.364686
6.366783
6.370979
6.371125
6.376092
6.379811
6.382791
6.385774
6.390604
6.394038
6.396377
6.398566
6.400053
6.403080
6.405441
6.406573
6.408485
6.412274
6.414465
6.416871
6.421098
6.425279
6.428392
6.432799
6.434235
6.440480
6.441411
6.443876
6.445495
6.447018
6.449823
6.451644
6.455637
6.458019
6.461925
6.463905
6.466929
6.468761
6.474849
6.476377
6.477115
6.477390
6.477977
6.483346
6.483622
6.484832
6.486565
6.493348
6.494261
6.496495
6.503801
6.508283
6.512800
6.515179
6.520952
6.522463
6.522813
6.523747
6.527777
6.530186
6.531711
6.533627
6.541723
6.542133
6.548192
6.550181
6.550891
6.551976
6.554951
6.556865
6.560268
6.562261
6.565346
6.567033
6.569412
6.571688
6.574913
6.577163
6.579005
6.581271
6.581661
6.582132
6.589281
6.591188
6.593880
6.598126
6.600400
6.601971
6.606854
6.608275
6.610249
6.610743
6.616815
6.620662
6.624506
6.627179
6.629760
6.638831
6.643620
6.648372
6.649415
6.653308
6.660963
6.663885
6.664905
6.667185
6.672290
6.676196
6.679879
6.685202
6.686671
6.693329
6.700124
6.700899
6.701774
6.705532
6.707309
6.710158
6.711294
6.716025
6.719556
6.721497
6.724170
6.725383
6.726783
6.728990
6.734242
6.744372
6.748204
6.748765
6.749411
6.751214
6.751603
6.753041
6.754985
6.757367
6.761398
6.771774
6.772560
6.774287
6.777078
6.778997
6.782605
6.785647
6.788939
6.791954
6.795278
6.799526
6.803919
6.804333
6.805780
6.807405
6.808779
6.809672
6.811012
6.814452
6.817683
6.819160
6.819847
6.822350
6.825881
6.828478
6.830621
6.832397
6.834266
6.837888
6.840937
6.845046
6.846336
6.848387
6.852623
6.855456
6.858715
6.861366
6.862414
6.863891
6.866877
6.870001
6.871338
6.873550
6.875097
6.883012
6.885542
6.889797
6.895423
6.897824
6.905448
6.909901
6.910745
6.913911
6.915811
6.919949
6.922162
6.927174
6.928016
6.929121
6.931395
6.935031
6.946122
6.946934
6.951095
6.952749
6.957733
6.960080
6.964565
6.967135
6.970383
6.972148
6.972264
6.974199
6.975840
6.977198
6.979886
6.981543
6.983237
6.985427
6.988992
6.993699
6.998745
7.008386
7.010281
7.011400
7.013348
7.014851
7.018678
7.022522
7.026027
7.029284
7.034966
7.037334
7.038850
7.041181
7.042628
7.048653
7.052243
7.054087
7.056117
7.063179
7.069620
7.077031
7.082559
7.084335
7.085868
7.096210
7.099697
7.101407
7.104955
7.105492
7.107338
7.108427
7.110070
7.111548
7.113755
7.117490
7.119747
7.120000
7.122176
7.125087
7.130924
7.132117
7.134901
7.140995
7.144310
7.146384
7.150907
7.152294
7.155783
7.158732
7.162727
7.164309
7.165173
7.165743
7.168945
7.170697
7.172505
7.175878
7.179738
7.181077
7.182898
7.183818
7.185721
7.186999
7.189219
7.193871
7.195016
7.197560
7.204921
7.213159
7.215432
7.219665
7.228838
7.231868
7.236902
7.238519
7.240281
7.245061
7.246935
7.247753
7.249221
7.251077
7.252517
7.253285
7.254237
7.258662
7.263576
7.269110
7.271490
7.272521
7.274823
7.277360
7.279144
7.281335
7.285354
7.286665
7.290501
7.292821
7.293251
7.295373
7.296814
7.299620
7.301437
7.304563
7.306346
7.307312
7.307438
7.309121
7.309706
7.314907
7.316954
7.320053
7.321627
7.328309
7.329104
7.331354
7.332433
7.336815
7.337847
7.338937
7.340541
7.341816
7.344326
7.348118
7.350065
7.350717
7.353112
7.361820
7.362747
7.366926
7.367936
7.372049
7.373828
7.374970
7.381298
7.384537
7.387174
7.389253
7.390116
7.391128
7.394528
7.395656
7.397891
7.398715
7.400264
7.400683
7.401737
7.403495
7.403546
7.409247
7.410681
7.414202
7.415057
7.417700
7.420889
7.421496
7.426065
7.428555
7.430026
7.433255
7.435035
7.435841
7.438022
7.438361
7.443547
7.443893
7.446276
7.447909
7.452687
7.453695
7.457133
7.460754
7.464502
7.466141
7.471099
7.474914
7.475930
7.491845
7.494506
7.495151
7.495290
7.496174
7.501365
7.506121
7.508376
7.509023
7.511408
7.517591
7.518891
7.521529
7.525412
7.530617
7.530984
7.535071
7.538615
7.540806
7.541205
7.543631
7.544509
7.546165
7.547956
7.548685
7.549148
7.556362
7.558015
7.559702
7.561968
7.566347
7.569954
7.572721
7.572842
7.575548
7.578126
7.579611
7.583041
7.585824
7.587529
7.591044
7.592687
7.594052
7.598629
7.601309
7.604052
7.608434
7.611914
7.613419
7.618758
7.620698
7.623252
7.626016
7.627911
7.628948
7.631231
7.643000
7.645898
7.646735
7.651305
7.652603
7.654154
7.658448
7.659892
7.664172
7.665543
7.668521
7.669659
7.671436
7.677458
7.679717
7.686200
7.687775
7.689189
7.691088
7.691732
7.694325
7.695154
7.699173
7.702359
7.703185
7.705970
7.706555
7.707651
7.708118
7.709285
7.710886
7.714532
7.715627
7.720092
7.721172
7.721696
7.724647
7.729566
7.729974
7.733513
7.734435
7.736509
7.738088
7.739498
7.741601
7.742938
7.744692
7.746090
7.750340
7.753982
7.754307
7.762127
7.763087
7.764985
7.767917
7.768619
7.772298
7.772961
7.773851
7.775558
7.779897
7.780903
7.784437
7.785212
7.789165
7.791653
7.793289
7.795362
7.795826
7.802274
7.808480
7.809391
7.813994
7.815816
7.820445
7.823813
7.826888
7.827849
7.830222
7.832751
7.832896
7.835866
7.836158
7.837837
7.842089
7.845824
7.847556
7.849560
7.851249
7.858627
7.860387
7.864824
7.868609
7.871902
7.873466
7.875203
7.877118
7.878422
7.881396
7.881819
7.882977
7.886348
7.886631
7.890146
7.891330
7.891481
7.893563
7.895542
7.899965
7.901451
7.903883
7.906913
7.910127
7.913266
7.917329
7.919636
7.926521
7.928432
7.931126
7.931917
7.941063
7.942462
7.943689
7.949461
7.951370
7.957536
7.959760
7.960645
7.963631
7.965397
7.970314
7.973719
7.976159
7.977270
7.979273
7.981205
7.983976
7.985299
7.985574
7.990367
7.991941
7.996731
7.997695
7.998721
8.002871
8.005441
8.008414
8.008728
8.013045
8.014444
8.015688
8.018257
8.018954
8.022015
8.022396
8.024984
8.025935
8.027343
8.028968
8.029158
8.032397
8.033888
8.036551
8.037308
8.037671
8.039086
8.041932
8.043885
8.047536
8.049916
8.052306
8.055439
8.057369
8.057937
8.059746
8.064135
8.066816
8.069208
8.072974
8.074364
8.078101
8.080386
8.082663
8.085940
8.086822
8.090004
8.095388
8.097094
8.098667
8.100778
8.104182
8.105386
8.108989
8.110732
8.116185
8.117689
8.120517
8.123039
8.126752
8.131835
8.135784
8.137210
8.143627
8.146384
8.149092
8.152436
8.153008
8.158158
8.161545
8.162628
8.164421
8.166101
8.168356
8.171019
8.175161
8.176668
8.179114
8.179222
8.180516
8.182911
8.184024
8.189653
8.190848
8.192122
8.192465
8.193353
8.197411
8.203903
8.204472
8.205898
8.207457
8.214473
8.215099
8.219686
8.221868
8.223993
8.225115
8.226068
8.228971
8.231976
8.233002
8.234194
8.238037
8.239845
8.242914
8.247792
8.249743
8.252633
8.254230
8.255927
8.257455
8.259571
8.260733
8.264369
8.269611
8.273080
8.279043
8.280200
8.282952
8.285259
8.286078
8.292542
8.293747
8.301019
8.302251
8.307313
8.308457
8.310066
8.315255
8.317376
8.319362
8.319930
8.323750
8.327786
8.329981
8.331079
8.333356
8.341082
8.346080
8.347740
8.349754
8.350490
8.355335
8.356365
8.358685
8.360461
8.363318
8.365835
8.366391
8.368155
8.372187
8.379754
8.381196
8.384546
8.388206
8.389587
8.395687
8.396457
8.399085
8.399264
8.399615
8.403477
8.407758
8.412141
8.414718
8.415038
8.417287
8.420347
8.424569
8.425217
8.426210
8.427913
8.432018
8.433226
8.433832
8.435377
8.439598
8.442751
8.449783
8.451315
8.453017
8.456586
8.457204
8.459349
8.461677
8.465148
8.465483
8.467264
8.470999
8.473870
8.476336
8.481134
8.485260
8.486206
8.490408
8.496145
8.497403
8.499404
8.501614
8.507353
8.509467
8.514160
8.516391
8.517961
8.520261
8.523433
8.526177
8.529019
8.530598
8.531752
8.535214
8.537381
8.540285
8.547729
8.553514
8.554903
8.555412
8.559314
8.567657
8.568701
8.573155
8.574807
8.579267
8.582866
8.587339
8.594605
8.598444
8.600279
8.604402
8.604980
8.608294
8.609969
8.612781
8.613062
8.614938
8.615048
8.617225
8.617845
8.621979
8.624041
8.628710
8.629702
8.633368
8.637002
8.640757
8.642376
8.642572
8.642870
8.644247
8.646198
8.646762
8.652445
8.653482
8.656975
8.661377
8.666703
8.667463
8.672054
8.674404
8.678350
8.680886
8.685196
8.686234
8.687471
8.688779
8.692348
8.693990
8.695556
8.697436
8.699991
8.704667
8.706244
8.711900
8.713269
8.717368
8.719723
8.723161
8.724119
8.724685
8.727073
8.730940
8.731890
8.733186
8.737930
8.741700
8.743905
8.744378
8.745143
8.745639
8.747112
8.751138
8.756811
8.759240
8.762133
8.767447
8.770491
8.772803
8.779357
8.782225
8.784451
8.785635
8.786861
8.788627
8.790048
8.791856
8.794680
8.795548
8.802046
8.807803
8.808450
8.811509
8.812453
8.813416
8.814051
8.816281
8.819533
8.821343
8.823535
8.825514
8.829411
8.830944
8.835016
8.838021
8.838285
8.840915
8.849201
8.852638
8.854676
8.856558
8.858042
8.859638
8.860551
8.860804
8.863497
8.865197
8.865395
8.865743
8.867340
8.867945
8.869819
8.870558
8.871578
8.873279
8.874867
8.878196
8.879628
8.880978
8.885717
8.887065
8.887227
8.891046
8.896737
8.902962
8.907497
8.910706
8.912511
8.914400
8.916012
8.919476
8.920514
8.923010
8.927126
8.929044
8.932360
8.935148
8.936990
8.938111
8.939159
8.940788
8.941099
8.942946
8.944026
8.950383
8.951465
8.953059
8.955794
8.957275
8.960240
8.964529
8.965839
8.969143
8.969679
8.970353
8.970598
8.976074
8.978603
8.981433
8.983535
8.991045
8.993559
8.995761
8.998332
8.999843
9.000990
9.003768
9.008251
9.009619
9.011254
9.012924
9.015378
9.017619
9.017910
9.019656
9.020763
9.025342
9.026536
9.029339
9.035181
9.035569
9.040748
9.049621
9.050657
9.051723
9.052693
9.055678
9.060364
9.066153
9.068894
9.071458
9.072958
9.074019
9.078171
9.080432
9.081356
9.084165
9.085301
9.087678
9.095686
9.099185
9.100445
9.104893
9.106210
9.112658
9.114720
9.119339
9.125542
9.128145
9.129820
9.132341
9.134310
9.138515
9.142307
9.145850
9.147912
9.151806
9.158143
9.159343
9.160585
9.161910
9.163887
9.167701
9.170542
9.174043
9.180377
9.181313
9.182750
9.183894
9.188914
9.192715
9.195807
9.198051
9.203823
9.205480
9.207797
9.212227
9.213828
9.214590
9.216557
9.218048
9.221738
9.222837
9.226234
9.226711
9.227921
9.229020
9.239635
9.240917
9.246957
9.248545
9.251344
9.253965
9.255341
9.257736
9.259329
9.261594
9.267081
9.271433
9.273542
9.274324
9.277188
9.278303
9.281884
9.282049
9.283418
9.285699
9.287503
9.288962
9.296323
9.296500
9.297548
9.299257
9.301370
9.308349
9.311417
9.312378
9.315995
9.317311
9.318872
9.321532
9.324302
9.325208
9.326235
9.328296
9.330673
9.338313
9.339551
9.343215
9.348951
9.353855
9.354550
9.356493
9.360027
9.360449
9.362379
9.368314
9.372557
9.375318
9.380536
9.381445
9.384539
9.385565
9.386555
9.388618
9.391812
9.393955
9.395025
9.398697
9.399627
9.403346
9.406998
9.411341
9.413557
9.417460
9.417955
9.420975
9.422808
9.429390
9.429660
9.432037
9.433484
9.435650
9.439098
9.441289
9.441916
9.443595
9.446773
9.449961
9.450843
9.456617
9.457745
9.465401
9.468266
9.470018
9.471542
9.474724
9.479988
9.484640
9.485704
9.487117
9.490085
9.492767
9.494713
9.496536
9.499223
9.504457
9.507592
9.508633
9.510707
9.515512
9.517867
9.520123
9.521098
9.522551
9.524421
9.530144
9.533600
9.535826
9.537958
9.538294
9.541064
9.542295
9.545839
9.549246
9.552870
9.553766
9.554223
9.560376
9.565224
9.570756
9.573299
9.578145
9.580551
9.580978
9.585134
9.586832
9.590693
9.595029
9.597904
9.603846
9.605806
9.607305
9.614780
9.623667
9.629296
9.631143
9.634764
9.635482
9.637649
9.643503
9.644960
9.646119
9.651364
9.653514
9.656055
9.657955
9.660033
9.664828
9.666117
9.667699
9.670558
9.671094
9.671804
9.674776
9.677040
9.678856
9.681971
9.683585
9.685275
9.685829
9.689386
9.693995
9.694456
9.696646
9.700665
9.702187
9.703139
9.706035
9.708211
9.716799
9.721761
9.723630
9.724402
9.727057
9.727405
9.729339
9.731439
9.734842
9.736318
9.738037
9.742146
9.743986
9.745603
9.747451
9.748141
9.749476
9.750281
9.752283
9.754546
9.755004
9.756748
9.757181
9.759701
9.763392
9.764391
9.765571
9.766186
9.767835
9.768597
9.773325
9.774077
9.775619
9.776526
9.776623
9.777781
9.779970
9.780894
9.786580
9.790979
9.792906
9.794408
9.799758
9.800312
9.802904
9.805697
9.806357
9.808053
9.809569
9.811022
9.812618
9.816878
9.817726
9.827365
9.831331
9.834562
9.837263
9.838976
9.842280
9.844718
9.846468
9.848367
9.850773
9.855309
9.859130
9.861954
9.865183
9.867554
9.869471
9.870349
9.870914
9.873459
9.874364
9.881795
9.885234
9.886478
9.888315
9.890968
9.895198
9.898783
9.900497
9.901950
9.905342
9.906862
9.908123
9.910013
9.920344
9.929643
9.932345
9.936175
9.937952
9.940376
9.951125
9.952168
9.955396
9.956901
9.958885
9.960684
9.962329
9.963985
9.964656
9.966245
9.967891
9.969999
9.971672
9.973479
9.975249
9.976171
9.980257
9.980383
9.981095
9.985058
9.988036
9.991663
9.995067
9.997403
9.998640
10.001816
10.029727
10.115918
10.174961
10.194530
10.200003
10.227771
10.238225
10.294457
10.344448
10.410386
10.455317
10.473318
10.498004
10.533302
10.561859
10.576974
10.602858
10.671325
10.677021
10.699580
10.735742
10.751606
10.780410
10.804602
10.834078
10.840272
10.875890
10.898481
10.933029
10.971562
11.026766
11.036357
11.041643
11.067893
11.099450
11.148706
11.212746
11.234611
11.246926
11.291914
11.311562
11.327944
11.383415
11.429156
11.463078
11.473017
11.528144
11.558967
11.617708
11.653229
11.682285
11.711731
11.726181
11.740856
11.801355
11.814368
11.863392
11.881851
11.889282
11.912361
11.950599
11.992551
12.021690
12.034873
12.057923
12.080313
12.149627
12.162705
12.177978
12.212009
12.248947
12.262282
12.286402
12.329404
12.370508
12.424859
12.471564
12.490519
12.564425
12.573044
12.612307
12.653445
12.670855
12.683356
12.712143
12.718767
12.729900
12.741823
12.764619
12.826925
12.836936
12.844987
12.885004
12.911920
12.925403
12.978260
12.996765
13.021071
13.064279
13.089661
13.115192
13.150879
13.201196
13.228162
13.272220
13.292060
13.324840
13.334925
13.367983
13.391895
13.396143
13.421591
13.430381
13.447426
13.463620
13.470481
13.484894
13.490504
13.520957
13.524855
13.544473
13.582334
13.606725
13.623563
13.661726
13.670810
13.701976
13.740866
13.756986
13.788411
13.828947
13.869609
13.901611
13.912315
13.955259
13.967740
14.012345
14.026472
14.072563
14.100124
14.133158
14.139085
14.197176
14.216005
14.248320
14.273688
14.284527
14.332033
14.383259
14.410297
14.440684
14.457160
14.505270
14.514832
14.550971
14.564415
14.592380
14.597402
14.606467
14.640091
14.675842
14.705557
14.712673
14.753902
14.774996
14.817822
14.843032
14.850053
14.893749
14.922331
14.955717
14.996947
15.025234
15.042530
15.044189
15.051239
15.065666
15.151390
15.172530
15.175331
15.201856
15.225973
15.233236
15.322867
15.333089
15.362382
15.372222
15.386742
15.417706
15.465457
15.499904
15.537956
15.555652
15.587001
15.592447
15.601748
15.646840
15.681491
15.712815
15.715992
15.719577
15.736769
15.780979
15.850894
15.854420
15.873557
15.891178
15.899663
15.928597
15.950479
15.965130
16.029688
16.041509
16.091224
16.139695
16.170990
16.180209
16.204008
16.217769
16.273644
16.276992
16.331866
16.358175
16.373175
16.406581
16.446024
16.481873
16.503961
16.559585
16.562859
16.576744
16.618494
16.624919
16.677031
16.725780
16.765623
16.786530
16.793419
16.809818
16.826221
16.849126
16.891508
16.914785
16.940305
16.945308
17.032957
17.034765
17.060898
17.110668
17.137081
17.171978
17.175629
17.184764
17.235453
17.247087
17.278530
17.290630
17.292620
17.298228
17.326263
17.353129
17.367214
17.387096
17.411035
17.473578
17.490911
17.498390
17.500205
17.509251
17.519610
17.531350
17.567341
17.577459
17.593232
17.602007
17.612541
17.643090
17.682249
17.722398
17.737306
17.743489
17.750362
17.755262
17.790980
17.813581
17.821528
17.866114
17.872112
17.884834
17.936431
17.960119
18.026718
18.055010
18.059799
18.076094
18.105723
18.117162
18.182726
18.245574
18.260935
18.294542
18.332361
18.344426
18.357131
18.374494
18.385408
18.410557
18.414688
18.429247
18.452157
18.460321
18.487850
18.501195
18.510150
18.541322
18.578503
18.580397
18.598207
18.622592
18.631185
18.647414
18.654091
18.706258
18.718969
18.725082
18.820152
18.837536
18.840594
18.860391
18.874345
18.894186
18.922004
18.928789
18.936636
18.949906
18.972629
18.992225
19.006322
19.036758
19.079728
19.113204
19.119762
19.136237
19.149983
19.181593
19.196877
19.206842
19.224058
19.259760
19.289234
19.320493
19.359170
19.369221
19.415892
19.416728
19.422141
19.452710
19.488185
19.512462
19.519488
19.538544
19.548992
19.567955
19.592666
19.622413
19.640265
19.668050
19.672653
19.697845
19.724655
19.726044
19.757149
19.792553
19.809662
19.862715
19.907356
19.926796
19.941233
19.954957
20.016843
20.048852
20.068764
20.095174
20.154920
20.190610
20.205883
20.252775
20.285190
20.320120
20.333604
20.371716
20.420735
20.425890
20.439173
20.474813
20.486854
20.509632
20.551577
20.585989
20.604248
20.639064
20.699246
20.704493
20.735383
20.739045
20.750496
20.791088
20.819105
20.889266
20.948669
20.957202
20.977520
21.012652
21.046086
21.063282
21.089147
21.094197
21.125394
21.143820
21.221739
21.258385
21.284370
21.305618
21.315403
21.336261
21.357127
21.380476
21.413683
21.431512
21.451770
21.466852
21.484306
21.506374
21.513034
21.545667
21.571929
21.575355
21.599003
21.660334
21.672850
21.682516
21.714806
21.727066
21.771777
21.793542
21.846682
21.867365
21.934098
21.958710
21.974675
21.983724
22.021295
22.023137
22.034686
22.050932
22.072773
22.088459
22.138546
22.181377
22.192002
22.200581
22.239202
22.346556
22.360410
22.402598
22.441130
22.462159
22.490886
22.510300
22.562335
22.576248
22.609507
22.645163
22.684427
22.742417
22.758334
22.793116
22.822877
22.847974
22.908098
22.928621
22.957458
22.972439
22.984365
22.989474
23.054764
23.104687
23.213189
23.275864
23.336163
23.393237
23.405904
23.478486
23.533351
23.547689
23.558622
23.579551
23.642529
23.682447
23.688290
23.724338
23.751614
23.759071
23.857612
23.886528
23.907087
23.920843
23.931144
23.937456
23.971627
23.981331
23.991470
24.021775
24.038016
24.060515
24.079477
24.088618
24.109003
24.137115
24.198610
24.218786
24.249885
24.283928
24.317678
24.320886
24.352879
24.372655
24.387633
24.417669
24.434233
24.477180
24.512143
24.525495
24.543413
24.548337
24.581094
24.621365
24.636539
24.639352
24.683209
24.739483
24.750918
24.766289
24.800038
24.888231
24.898633
24.905840
24.941532
24.948893
24.962675
24.970134
24.992007
25.015043
25.066569
25.124393
25.160874
25.193263
25.215086
25.226054
25.289228
25.323023
25.346721
25.361473
25.413457
25.422544
25.435169
25.478102
25.500687
25.540890
25.561663
25.573209
25.583435
25.600053
25.673263
25.679534
25.704086
25.720152
25.758367
25.807459
25.828333
25.832834
25.848496
25.857934
25.888961
25.913528
25.938836
25.992588
26.004607
26.043155
26.061143
26.107449
26.129624
26.144736
26.147637
26.178257
26.233220
26.252847
26.276149
26.290276
26.309753
26.352499
26.377462
26.386282
26.424191
26.448207
26.469665
26.500334
26.507079
26.529107
26.562382
26.610742
26.647647
26.661226
26.683698
26.742209
26.782427
26.828342
26.849964
26.883877
26.917372
26.926494
26.942227
26.955383
26.967899
26.973694
26.988444
26.997139
27.014437
27.046689
27.055693
27.065827
27.091210
27.135240
27.160322
27.167696
27.182884
27.228032
27.241202
27.335579
27.363313
27.420908
27.428658
27.433543
27.478782
27.502053
27.511404
27.523504
27.534681
27.590852
27.597455
27.621356
27.689541
27.711127
27.739891
27.748564
27.776830
27.801798
27.815454
27.831609
27.849227
27.874951
27.881078
27.897804
27.907320
27.933364
27.984296
27.994349
28.016819
28.025950
28.050812
28.103420
28.116379
28.117919
28.131560
28.138408
28.178829
28.206997
28.225336
28.274661
28.308388
28.317595
28.353394
28.364389
28.373749
28.424699
28.429672
28.444735
28.472963
28.477522
28.506365
28.516348
28.534970
28.543472
28.582793
28.599095
28.618593
28.659038
28.679115
28.691538
28.713420
28.735177
28.783269
28.822425
28.836879
28.880971
28.896638
28.926823
28.961588
28.982926
29.036042
29.038583
29.064762
29.080094
29.117076
29.162880
29.214800
29.217794
29.249075
29.250595
29.260567
29.302856
29.331616
29.446701
29.489014
29.513389
29.545636
29.572557
29.629042
29.641227
29.662459
29.681029
29.696566
29.708314
29.774575
29.780454
29.785174
29.812232
29.821282
29.847643
29.857745
29.882772
29.891424
29.920210
29.926418
29.935996
29.963526
30.000089
30.011737
30.062032
30.079025
30.084568
30.130166
30.133159
30.146176
30.176072
30.213436
30.239669
30.264543
30.269285
30.296379
30.302977
30.323591
30.331363
30.352713
30.362588
30.378984
30.389867
30.404108
30.409741
30.439311
30.491451
30.507476
30.541903
30.558768
30.603014
30.636871
30.658871
30.690170
30.718688
30.773802
30.783921
30.843055
30.888205
30.895239
30.953146
30.959924
30.996387
31.060053
31.064142
31.092688
31.147266
31.178839
31.202933
31.218911
31.255857
31.280634
31.311576
31.330612
31.355183
31.404208
31.421340
31.452230
31.458234
31.477382
31.507651
31.517401
31.574279
31.611797
31.617974
31.637750
31.657081
31.664848
31.697031
31.718677
31.724155
31.734681
31.750809
31.801827
31.806887
31.811624
31.842080
31.868675
31.878935
31.894380
31.912584
31.919670
31.941406
31.956325
31.971284
31.995156
32.023406
32.053863
32.056151
32.084174
32.113563
32.117408
32.164368
32.174150
32.178915
32.222661
32.238825
32.262024
32.290334
32.317925
32.334390
32.358061
32.402067
32.412589
32.441223
32.466297
32.469476
32.490425
32.510159
32.517832
32.531965
32.578807
32.599673
32.653106
32.691859
32.723337
32.752533
32.770188
32.794551
32.817778
32.869998
32.881635
32.891448
32.951845
32.959580
32.982019
32.990441
33.014491
33.028409
33.066256
33.096083
33.113341
33.162457
33.169208
33.179042
33.185230
33.186372
33.256760
33.299372
33.325214
33.328383
33.379542
33.385447
33.397268
33.417542
33.426037
33.433925
33.452562
33.481292
33.510045
33.528837
33.537806
33.550650
33.602150
33.608817
33.613142
33.630163
33.637168
33.647670
33.686621
33.732068
33.748060
33.784057
33.810817
33.868309
33.875254
33.905717
33.956756
33.967075
33.994694
34.005869
34.009181
34.019789
34.084510
34.096513
34.133142
34.236118
34.287049
34.313677
34.348487
34.361622
34.374059
34.375070
34.400328
34.407761
34.412054
34.418933
34.434837
34.445943
34.467494
34.499223
34.537482
34.559951
34.580321
34.623148
34.637074
34.681538
34.704173
34.747376
34.758064
34.818397
34.843213
34.851176
34.858412
34.888199
34.908171
34.929321
34.953309
34.956455
34.971097
35.017063
35.068604
35.078893
35.122715
35.136604
35.160930
35.197531
35.222521
35.246153
35.258420
35.291625
35.325492
35.332584
35.398278
35.412322
35.431950
35.442705
35.525901
35.566348
35.577897
35.588003
35.611660
35.634559
35.672769
35.695603
35.699549
35.717888
35.779183
35.799435
35.817462
35.830304
35.831584
35.879316
35.902607
35.941029
35.976258
36.011273
36.021486
36.027187
36.034924
36.078494
36.152106
36.221305
36.225164
36.284061
36.298210
36.303576
36.351325
36.374703
36.419085
36.449025
36.474983
36.529803
36.585535
36.603726
36.642258
36.653181
36.672209
36.692041
36.752421
36.754273
36.787089
36.799956
36.831460
36.840577
36.856706
36.911021
36.918286
36.931403
36.949585
36.991036
37.009946
37.073035
37.100076
37.114625
37.152143
37.158003
37.221294
37.230275
37.254675
37.297957
37.340180
37.402992
37.437244
37.440148
37.461285
37.476757
37.504829
37.545766
37.554015
37.576529
37.614384
37.649601
37.667198
37.675517
37.688714
37.694109
37.727699
37.770886
37.779157
37.802261
37.819003
37.821405
37.845500
37.865844
37.952896
37.981311
38.016593
38.024531
38.041009
38.069386
38.075959
38.105409
38.111847
38.117811
38.141305
38.195618
38.265652
38.282847
38.302514
38.394550
38.418057
38.431696
38.451418
38.463520
38.582575
38.584834
38.660353
38.697048
38.716887
38.746585
38.760039
38.782359
38.816706
38.825008
38.849366
38.854284
38.884874
38.902257
38.904904
38.933898
38.965145
38.982731
38.985203
38.992180
39.020144
39.030353
39.043190
39.085200
39.106455
39.168750
39.174706
39.214645
39.237378
39.330723
39.369909
39.380740
39.425661
39.439923
39.458836
39.494152
39.568088
39.586593
39.602972
39.658103
39.678626
39.719865
39.777612
39.805150
39.861320
39.923770
39.950441
39.977614
40.029597
40.035535
40.122799
40.155613
40.208156
40.255451
40.278648
40.307772
40.367085
40.377109
40.379352
40.462286
40.531580
40.592226
40.597848
40.618012
40.627083
40.627311
40.632250
40.673013
40.692704
40.710959
40.743772
40.768358
40.790553
40.810019
40.824442
40.846188
40.913253
40.923634
41.002250
41.044883
41.088245
41.099150
41.120769
41.131198
41.136145
41.176983
41.213285
41.243330
41.271412
41.297923
41.307584
41.310622
41.340595
41.347007
41.370452
41.414546
41.501712
41.573864
41.587065
41.618427
41.634885
41.647370
41.695483
41.709806
41.717364
41.740537
41.764659
41.786679
41.807518
41.841453
41.907325
41.955985
41.993603
42.010178
42.027183
42.060488
42.101287
42.138076
42.141371
42.154538
42.176134
42.187281
42.248887
42.277290
42.328738
42.364682
42.371656
42.406233
42.409884
42.438372
42.469029
42.489710
42.502056
42.524302
42.557205
42.583393
42.662130
42.688970
42.691919
42.697567
42.720617
42.727248
42.798955
42.828844
42.835957
42.887197
42.904500
42.994260
43.046725
43.074862
43.088478
43.110232
43.144195
43.180311
43.222753
43.239185
43.260241
43.336929
43.343489
43.362814
43.382673
43.398877
43.443943
43.510040
43.533145
43.548039
43.588666
43.659787
43.746146
43.782207
43.832812
43.870831
43.906893
43.919877
43.940334
44.001589
44.010822
44.029421
44.059941
44.085112
44.091666
44.119455
44.159023
44.177843
44.202664
44.257407
44.262694
44.300303
44.313845
44.361463
44.379328
44.382190
44.424782
44.485519
44.512343
44.529816
44.545061
44.550229
44.573295
44.580717
44.597872
44.620967
44.650739
44.671560
44.704800
44.725003
44.792306
44.797163
44.802489
44.826676
44.855871
44.863333
44.933540
44.939366
44.953625
45.013648
45.021250
45.045190
45.083041
45.102300
45.113522
45.116831
45.131287
45.138887
45.156897
45.183077
45.226584
45.285789
45.292638
45.298073
45.308214
45.326773
45.341945
45.389637
45.429381
45.443393
45.524182
45.578427
45.585731
45.598319
45.628136
45.635489
45.650140
45.682907
45.697723
45.717463
45.733433
45.784124
45.785283
45.839923
45.862327
45.892391
45.920370
45.928316
45.942673
45.972060
45.996506
46.023827
46.058097
46.065642
46.080231
46.133500
46.172860
46.208181
46.218812
46.242565
46.280788
46.334008
46.368965
46.389677
46.423411
46.443219
46.452927
46.478538
46.530061
46.573117
46.613812
46.661483
46.696615
46.706579
46.719692
46.754366
46.772910
46.784706
46.828013
46.844308
46.868549
46.879466
46.928293
46.961116
46.994626
47.003334
47.034778
47.045687
47.067465
47.092126
47.120039
47.158381
47.161021
47.189021
47.200287
47.215222
47.253223
47.290817
47.308639
47.321864
47.331534
47.360794
47.419333
47.426583
47.468441
47.506171
47.553251
47.599417
47.628061
47.698952
47.703396
47.718455
47.721905
47.753102
47.762955
47.815003
47.836983
47.916456
47.922744
47.941206
47.963792
47.984471
47.998074
48.019101
48.050753
48.059874
48.096044
48.118745
48.136084
48.193237
48.204731
48.210532
48.249502
48.266645
48.280126
48.302311
48.318937
48.325855
48.355100
48.388321
48.401180
48.523840
48.605347
48.616320
48.624372
48.675922
48.686457
48.723812
48.749488
48.777124
48.799945
48.827687
48.844379
48.887882
48.898123
48.938407
48.967565
48.990564
49.036582
49.064848
49.078107
49.112299
49.128596
49.140100
49.190060
49.197933
49.243989
49.254612
49.290632
49.355070
49.368548
49.417621
49.454898
49.484035
49.542022
49.567020
49.573766
49.584891
49.627382
49.655491
49.667239
49.707660
49.725643
49.740121
49.750912
49.808963
49.839284
49.874693
49.884725
49.896620
49.904412
49.942268
49.959508
50.004397
50.010134
50.016731
50.053269
50.058580
50.085174
50.095783
50.126490
50.130186
50.135982
50.175908
50.206044
50.259327
50.289002
50.298096
50.308504
50.354972
50.437966
50.453550
50.502573
50.539953
50.562230
50.578535
50.610988
50.654885
50.682538
50.753642
50.771664
50.804050
50.845016
50.862834
50.878148
50.925179
50.954593
50.973975
50.993439
51.001665
51.055571
51.100314
51.109866
51.134361
51.153800
51.164314
51.169253
51.181557
51.224805
51.251978
51.307827
51.322046
51.352937
51.362662
51.425760
51.448254
51.492270
51.502578
51.504782
51.592083
51.647511
51.693571
51.717474
51.730849
51.731289
51.735171
51.756633
51.767288
51.801765
51.831923
51.851360
51.881043
51.886750
51.901481
51.904819
51.914331
51.944989
51.967460
51.996016
52.028694
52.074649
52.144903
52.190558
52.261197
52.280664
52.380478
52.414961
52.463953
52.492366
52.523114
52.579223
52.599142
52.617911
52.624466
52.632507
52.656611
52.706897
52.715689
52.756703
52.772550
52.816899
52.830284
52.836259
52.872079
52.925620
52.949682
52.976827
52.990108
52.992607
53.024525
53.027776
53.080565
53.142482
53.177348
53.196866
53.206669
53.226000
53.235405
53.256016
53.283130
53.293881
53.310641
53.322263
53.335707
53.346419
53.389921
53.411722
53.430050
53.474875
53.524584
53.569646
53.581628
53.618487
53.651994
53.687829
53.752703
53.773901
53.780874
53.837693
53.882549
53.913418
53.957362
54.026670
54.036427
54.057248
54.090805
54.110217
54.143291
54.164649
54.205146
54.211403
54.267473
54.316999
54.342073
54.348562
54.356164
54.367480
54.376457
54.411802
54.425198
54.478538
54.504630
54.512176
54.523886
54.542351
54.565100
54.573076
54.633911
54.640148
54.664132
54.671558
54.697516
54.730571
54.760845
54.808670
54.819803
54.828247
54.879807
54.905824
54.944322
54.959201
54.992603
55.026765
55.041450
55.078246
55.128867
55.159883
55.235555
55.241963
55.270780
55.293657
55.354724
55.377466
55.412103
55.460706
55.487400
55.498495
55.545528
55.569067
55.591398
55.647513
55.666402
55.717575
55.766083
55.778353
55.812959
55.845641
55.879470
55.896172
55.918653
55.952333
56.021779
56.079678
56.119115
56.128666
56.190866
56.211425
56.254428
56.259181
56.284178
56.305934
56.317729
56.321106
56.355012
56.409664
56.437188
56.480481
56.529422
56.554246
56.598716
56.618788
56.652643
56.676737
56.684537
56.699952
56.738719
56.768860
56.781026
56.841516
56.866509
56.892268
56.955253
56.973736
57.005592
57.032987
57.038340
57.067763
57.099535
57.142773
57.149221
57.182501
57.225021
57.231340
57.264784
57.274939
57.285274
57.317066
57.331722
57.365344
57.380988
57.395024
57.400397
57.411101
57.427980
57.442314
57.448423
57.484780
57.499043
57.525297
57.551979
57.557260
57.648771
57.676344
57.693616
57.731970
57.762323
57.774383
57.824677
57.845914
57.876686
57.893331
57.936290
57.958893
57.964656
57.972223
57.979717
58.015743
58.031012
58.039362
58.094461
58.104903
58.115234
58.123521
58.157464
58.176588
58.237814
58.252457
58.266794
58.318264
58.357537
58.384572
58.452078
58.491104
58.598606
58.624401
58.663925
58.704757
58.729017
58.741233
58.750681
58.769749
58.814898
58.839879
58.867454
58.910710
58.935591
58.955474
58.957210
58.984665
59.024282
59.034441
59.044875
59.085963
59.119909
59.126948
59.129781
59.137936
59.179865
59.194620
59.229682
59.265224
59.302677
59.318905
59.336424
59.356901
59.364506
59.395564
59.408573
59.437800
59.441776
59.465333
59.477652
59.493323
59.505555
59.512531
59.596178
59.628071
59.651549
59.668800
59.681907
59.718814
59.738037
59.745640
59.791716
59.822540
59.853128
59.876572
59.909074
59.949605
59.991947
60.027077
60.095477
60.126880
60.169246
60.197540
60.220940
60.232974
60.244675
60.251487
60.300620
60.314424
60.330774
60.370104
60.390979
60.424963
60.432377
60.438452
60.450267
60.500404
60.524671
60.539982
60.549295
60.593993
60.639335
60.650120
60.669750
60.692894
60.705748
60.736894
60.746826
60.755655
60.759206
60.789655
60.819465
60.835030
60.843952
60.890527
60.894097
60.928230
60.952310
60.975154
60.988964
61.026784
61.041889
61.066638
61.080932
61.120377
61.137448
61.188149
61.203489
61.219081
61.277252
61.291234
61.309741
61.314637
61.330542
61.343134
61.365303
61.387894
61.396667
61.406336
61.431988
61.470866
61.482941
61.517301
61.532754
61.572243
61.574687
61.605724
61.634927
61.678374
61.736228
61.748886
61.769854
61.797035
61.826337
61.840899
61.859299
61.889813
61.915553
61.941360
62.004773
62.021673
62.063044
62.085531
62.112830
62.142670
62.155677
62.217426
62.219633
62.254338
62.287354
62.299263
62.314035
62.365692
62.371639
62.414816
62.438513
62.494980
62.519768
62.527216
62.563675
62.593996
62.599860
62.649900
62.667655
62.687692
62.714714
62.728700
62.764665
62.799879
62.835446
62.881224
62.886754
62.891419
62.921616
62.947117
62.967731
62.994270
63.007659
63.065823
63.073834
63.112824
63.142048
63.188819
63.230453
63.286245
63.295461
63.331699
63.343686
63.348646
63.381528
63.472281
63.482233
63.501752
63.521245
63.552504
63.567552
63.595399
63.611072
63.620368
63.644126
63.710054
63.717960
63.863469
63.889699
63.952587
63.971042
64.009552
64.016853
64.022311
64.041074
64.093902
64.120338
64.159375
64.182543
64.193844
64.204617
64.222604
64.238534
64.262039
64.290823
64.314945
64.328900
64.335539
64.360951
64.391547
64.407363
64.421609
64.437990
64.461338
64.516706
64.546996
64.574429
64.582372
64.610711
64.651871
64.678041
64.696212
64.728938
64.754454
64.790564
64.839036
64.867681
64.930969
64.940772
64.988500
65.028014
65.033199
65.046604
65.070777
65.114332
65.168205
65.199089
65.250285
65.286338
65.369845
65.399845
65.416498
65.461927
65.478270
65.505461
65.555812
65.588883
65.625507
65.635931
65.638392
65.670571
65.747772
65.776397
65.819082
65.846778
65.857118
65.884771
65.914576
65.946080
65.972932
65.978267
66.000759
66.049043
66.072359
66.108372
66.126286
66.181201
66.195617
66.204093
66.230701
66.259353
66.261439
66.343748
66.350366
66.358672
66.361817
66.379161
66.402334
66.413347
66.438512
66.464143
66.481477
66.499906
66.508170
66.538535
66.553602
66.577732
66.589445
66.613228
66.673502
66.685296
66.702682
66.737051
66.770049
66.774767
66.797691
66.843953
66.898271
66.906513
66.912059
66.969546
66.999313
67.002078
67.034916
67.070504
67.077903
67.092878
67.095260
67.117152
67.174343
67.178772
67.233583
67.260849
67.277768
67.326929
67.345065
67.359058
67.379940
67.390483
67.404382
67.428538
67.481918
67.538146
67.572251
67.600221
67.657460
67.705726
67.711420
67.754007
67.769582
67.782333
67.819917
67.863810
67.877602
67.898047
67.914634
67.919801
67.928002
67.940025
67.998827
68.014144
68.062690
68.097518
68.119284
68.130384
68.139511
68.177899
68.235832
68.292491
68.315596
68.328446
68.354999
68.378775
68.391714
68.418480
68.468718
68.477592
68.507227
68.556297
68.569579
68.588966
68.592035
68.603423
68.618500
68.650684
68.679794
68.685580
68.713423
68.746943
68.783270
68.801444
68.814165
68.870288
68.892700
68.902370
68.918747
68.973921
69.023116
69.029560
69.070385
69.112726
69.175146
69.220118
69.261623
69.287987
69.293803
69.347531
69.378084
69.413858
69.475413
69.504796
69.537492
69.563296
69.608526
69.619699
69.662049
69.676056
69.715851
69.755531
69.797803
69.880022
69.932867
69.969050
70.045171
70.086845
70.129402
70.168437
70.181902
70.210002
70.235793
70.265567
70.278937
70.284016
70.301411
70.323417
70.333049
70.369776
70.425128
70.444589
70.449274
70.473326
70.482938
70.497903
70.516111
70.521306
70.569716
70.619024
70.651281
70.662808
70.663989
70.740549
70.772671
70.791845
70.798265
70.807722
70.820319
70.823058
70.839579
70.863948
70.878983
70.888249
70.898595
70.918692
71.004769
71.023463
71.038101
71.042556
71.093830
71.160993
71.171876
71.232162
71.251186
71.271870
71.307459
71.352224
71.357008
71.420562
71.450700
71.474981
71.489565
71.499100
71.503042
71.541426
71.553696
71.570348
71.630812
71.646002
71.667726
71.740940
71.773242
71.850499
71.893577
71.921036
71.932672
71.977886
72.006400
72.013976
72.032667
72.069862
72.084520
72.100941
72.113306
72.135832
72.231231
72.303125
72.337079
72.365834
72.382240
72.385715
72.418214
72.433489
72.484222
72.506636
72.533993
72.555637
72.597760
72.652600
72.670065
72.680979
72.700939
72.740329
72.751066
72.770796
72.808415
72.837919
72.844856
72.893051
72.914284
73.010710
73.016556
73.040692
73.046955
73.106449
73.131479
73.204369
73.227526
73.236542
73.306797
73.317781
73.335164
73.343385
73.382197
73.401851
73.427162
73.451595
73.492253
73.503307
73.509095
73.519261
73.536286
73.562086
73.580447
73.591361
73.631533
73.655233
73.661616
73.667207
73.756824
73.759120
73.809874
73.815628
73.873045
73.885961
73.961115
74.010432
74.023093
74.024517
74.047072
74.056037
74.098571
74.109150
74.129070
74.151058
74.164622
74.222101
74.228399
74.235622
74.265036
74.273580
74.285540
74.327858
74.335569
74.358990
74.394026
74.414414
74.433785
74.454698
74.476785
74.510274
74.529680
74.535323
74.550021
74.568902
74.581137
74.611024
74.633551
74.668767
74.695600
74.714516
74.723374
74.733833
74.759734
74.764116
74.786475
74.826697
74.877222
74.910687
74.913324
74.944622
74.982445
75.012919
75.033958
75.081594
75.115027
75.142005
75.153908
75.187530
75.192672
75.224479
75.232244
75.274255
75.279124
75.286693
75.304327
75.322416
75.340933
75.374520
75.421465
75.441463
75.474483
75.488469
75.511943
75.536110
75.562215
75.574030
75.581700
75.652217
75.713071
75.725067
75.741982
75.770019
75.829611
75.852987
75.867614
75.899769
75.909779
75.931498
75.961078
75.981663
76.008678
76.031615
76.048976
76.100356
76.128301
76.150338
76.182261
76.210949
76.222792
76.252265
76.263931
76.280239
76.310877
76.341455
76.357751
76.358608
76.375313
76.394038
76.437595
76.498225
76.537745
76.562146
76.578638
76.600815
76.664481
76.716403
76.727042
76.761604
76.776907
76.801331
76.851987
76.875244
76.878958
76.908932
76.921454
76.954859
76.962062
76.980545
76.993672
77.023121
77.047305
77.095802
77.123370
77.126240
77.140007
77.213456
77.238736
77.279357
77.301309
77.316966
77.344278
77.365687
77.376135
77.390770
77.444067
77.484112
77.487963
77.494523
77.500916
77.534396
77.541978
77.577089
77.583778
77.613952
77.635506
77.709062
77.720837
77.768251
77.807961
77.850814
77.865260
77.894778
77.944629
77.953217
77.965079
77.974071
78.048516
78.130924
78.148190
78.152796
78.187742
78.222385
78.277961
78.297908
78.301217
78.327797
78.368896
78.391432
78.399680
78.440529
78.474769
78.545237
78.577944
78.619920
78.668121
78.681279
78.697391
78.746716
78.764659
78.794285
78.813747
78.844920
78.859645
78.923218
78.987460
79.012533
79.027804
79.130372
79.169056
79.207136
79.230470
79.260706
79.281793
79.297817
79.308388
79.361054
79.414253
79.428757
79.446980
79.472009
79.482546
79.537177
79.593272
79.627356
79.654613
79.676708
79.680757
79.702911
79.724158
79.738897
79.761455
79.796105
79.824271
79.850984
79.868000
79.883324
79.889852
79.892101
79.939475
79.969200
80.021444
80.046552
80.082499
80.119958
80.137371
80.153054
80.204017
80.226098
80.255577
80.266582
80.273850
80.285318
80.301153
80.320805
80.340602
80.355125
80.391902
80.419264
80.477571
80.502707
80.510750
80.538464
80.547976
80.559504
80.561087
80.573866
80.584424
80.619086
80.677455
80.684561
80.727741
80.736938
80.760943
80.800916
80.811676
80.821624
80.838788
80.873462
80.881923
80.907041
80.921138
80.942681
80.980303
81.010588
81.024654
81.037172
81.040413
81.073923
81.109247
81.115730
81.176059
81.183962
81.221964
81.252927
81.256979
81.289595
81.292755
81.343161
81.365759
81.428225
81.430350
81.457026
81.472030
81.496185
81.567720
81.581520
81.589695
81.621480
81.647265
81.653522
81.700167
81.721141
81.728815
81.735274
81.756576
81.792759
81.829048
81.858218
81.892140
81.910535
81.950063
81.983568
82.013434
82.033431
82.048288
82.065798
82.076714
82.090537
82.098034
82.105412
82.126000
82.143996
82.149976
82.168159
82.197461
82.215667
82.221092
82.272604
82.274132
82.287313
82.296660
82.323739
82.344929
82.362890
82.397024
82.419518
82.443689
82.504432
82.551409
82.567302
82.571560
82.621451
82.631438
82.674050
82.693892
82.738599
82.758558
82.766235
82.799405
82.846862
82.863797
82.883154
82.908119
82.933024
82.973578
82.976557
82.980357
83.012648
83.044625
83.055628
83.105380
83.195022
83.301563
83.324015
83.345798
83.374894
83.411943
83.440885
83.447088
83.451445
83.470004
83.503001
83.545385
83.556279
83.568787
83.615273
83.678713
83.680754
83.720794
83.760820
83.778329
83.786572
83.834135
83.843935
83.856861
83.874003
83.901076
83.915876
83.919488
83.923876
83.946692
83.956958
83.987306
84.019786
84.080203
84.087860
84.143985
84.168845
84.183441
84.208617
84.233071
84.244079
84.256946
84.277128
84.283809
84.324936
84.419287
84.454242
84.503639
84.511153
84.525259
84.536436
84.551063
84.569960
84.617184
84.651566
84.677330
84.705490
84.722032
84.733118
84.752587
84.769415
84.791712
84.796841
84.819437
84.859724
84.880248
84.884637
84.915001
85.014423
85.044961
85.068840
85.130009
85.140647
85.157542
85.173941
85.200628
85.217446
85.225595
85.255889
85.298794
85.313328
85.329282
85.346035
85.384719
85.447331
85.471840
85.507084
85.518403
85.571685
85.585376
85.597282
85.600633
85.644629
85.670430
85.708132
85.717130
85.754938
85.766575
85.789574
85.794492
85.808147
85.832922
85.846389
85.873206
85.891404
85.944809
85.960116
85.977302
86.013266
86.089300
86.141022
86.165080
86.170155
86.186106
86.191087
86.210981
86.237550
86.278011
86.286251
86.298511
86.325154
86.346481
86.353282
86.372650
86.418538
86.475366
86.514136
86.539972
86.579499
86.601453
86.613573
86.620253
86.627313
86.633893
86.664314
86.673989
86.722226
86.774434
86.791601
86.808359
86.847385
86.892398
86.912594
86.943785
86.988919
86.990474
87.004402
87.053401
87.108168
87.114601
87.150875
87.157736
87.237574
87.258610
87.267567
87.299172
87.331616
87.381586
87.383933
87.428112
87.472555
87.504770
87.565881
87.581960
87.619031
87.655043
87.688006
87.700417
87.747543
87.785378
87.813404
87.840569
87.877037
87.895340
87.946521
88.042550
88.095550
88.111611
88.138839
88.168733
88.192419
88.210249
88.231180
88.249754
88.263832
88.304163
88.372622
88.384920
88.395238
88.423685
88.476624
88.490002
88.538407
88.600176
88.607758
88.622566
88.657249
88.712182
88.757563
88.766509
88.785384
88.800025
88.851756
88.867870
88.903906
88.917823
88.949579
88.994032
89.016843
89.028000
89.030886
89.075907
89.081223
89.086484
89.109457
89.132839
89.180999
89.198483
89.231980
89.250705
89.268308
89.278101
89.302284
89.314664
89.326304
89.348555
89.356337
89.399049
89.420098
89.423285
89.472945
89.511063
89.543316
89.560022
89.582205
89.606243
89.617860
89.666858
89.670484
89.697650
89.733945
89.738132
89.749286
89.783204
89.794100
89.852983
89.865631
89.874834
89.899798
89.909128
89.933718
89.952099
89.964008
89.982225
90.012457
90.063085
90.077495
90.134082
90.148848
90.157864
90.190282
90.237536
90.241873
90.277385
90.287161
90.318087
90.372663
90.423163
90.458102
90.481155
90.482488
90.534913
90.564177
90.573302
90.621230
90.637244
90.670466
90.673388
90.694414
90.718338
90.747811
90.817650
90.830602
90.844191
90.892021
90.903590
90.911222
90.947501
90.983444
91.037491
91.042989
91.211960
91.249363
91.269631
91.285504
91.294383
91.319274
91.347406
91.409927
91.427145
91.429483
91.436997
91.454157
91.466060
91.490556
91.536015
91.546335
91.563413
91.600756
91.612187
91.661931
91.678570
91.686543
91.689201
91.702207
91.732451
91.746471
91.766249
91.850155
91.864866
91.887834
91.922605
91.931714
91.955647
91.985452
92.021269
92.050617
92.097144
92.124866
92.160010
92.193328
92.244088
92.257924
92.311220
92.349269
92.371548
92.381117
92.402367
92.447326
92.461221
92.469471
92.512351
92.533046
92.561603
92.581466
92.589223
92.621084
92.657771
92.680620
92.720057
92.731453
92.740787
92.776469
92.841901
92.871814
92.920337
92.957978
92.987253
92.991829
93.009619
93.015666
93.024789
93.045540
93.056286
93.098111
93.105499
93.120100
93.141175
93.142391
93.146318
93.176708
93.195672
93.264782
93.290790
93.331952
93.384967
93.409493
93.422579
93.465734
93.489538
93.532368
93.558703
93.576360
93.629987
93.647955
93.720610
93.762521
93.800685
93.878775
93.902915
93.922501
93.954782
93.980968
93.987453
94.013326
94.096135
94.143451
94.185488
94.198859
94.216028
94.245502
94.263292
94.272855
94.295974
94.370183
94.384589
94.418639
94.453866
94.475012
94.497516
94.520739
94.544149
94.558710
94.597764
94.606184
94.669160
94.692888
94.737406
94.757446
94.822584
94.868273
94.932066
94.944604
94.966903
94.984526
95.058052
95.067979
95.080911
95.084044
95.108162
95.120773
95.140655
95.153152
95.229194
95.248100
95.268324
95.301868
95.314985
95.328017
95.347401
95.376756
95.399406
95.475851
95.492199
95.511088
95.521895
95.530352
95.554127
95.606069
95.648852
95.674918
95.782110
95.802323
95.813641
95.833843
95.869302
95.897313
95.929426
95.944676
95.972109
95.979461
95.982909
95.992002
96.003965
96.031030
96.052470
96.084419
96.132303
96.147490
96.183607
96.194776
96.216068
96.253651
96.267463
96.275500
96.305501
96.320878
96.346730
96.367771
96.379787
96.408936
96.424353
96.450270
96.483186
96.502097
96.591475
96.621059
96.648503
96.686371
96.723466
96.735988
96.767969
96.792275
96.834842
96.852393
96.874619
96.924249
96.951565
96.979703
97.027495
97.059387
97.090539
97.098527
97.119522
97.146493
97.161103
97.162317
97.203113
97.209722
97.223702
97.243590
97.285956
97.321430
97.328355
97.344399
97.355172
97.378568
97.393967
97.419283
97.424664
97.469322
97.487930
97.513532
97.556774
97.562393
97.599008
97.623786
97.630529
97.642031
97.657061
97.668696
97.720484
97.757005
97.782510
97.804346
97.839841
97.849351
97.856132
97.865820
97.877333
97.899552
97.921933
97.977735
97.996800
98.025206
98.072664
98.125123
98.143566
98.172164
98.188349
98.195128
98.208034
98.235814
98.276101
98.308302
98.320138
98.339703
98.367120
98.404935
98.422905
98.457535
98.498431
98.523157
98.540886
98.574863
98.595157
98.617346
98.633688
98.645139
98.656465
98.662763
98.686361
98.710585
98.716073
98.749820
98.763573
98.823651
98.832553
98.839860
98.849815
98.863493
98.900764
98.908573
98.941009
98.959672
98.967030
98.971965
98.988973
99.002144
99.004529
99.042037
99.063492
99.087385
99.094231
99.106817
99.115753
99.138954
99.150505
99.169804
99.202678
99.245961
99.261118
99.286540
99.303654
99.346634
99.373463
99.384000
99.395266
99.422004
99.452822
99.494149
99.498030
99.529179
99.546539
99.575106
99.599181
99.656657
99.671764
99.720782
99.735729
99.767858
99.783051
99.808055
99.819509
99.893992
99.901441
99.955620
99.988216
99.993651
100.068037
100.290788
100.566255
101.135184
101.368688
101.489433
101.706582
101.868561
101.911026
102.290355
102.814033
102.993721
103.002379
103.675815
104.398821
104.960087
105.037318
105.249701
105.262579
105.364358
105.568346
105.819845
106.318080
106.548591
106.646384
106.895856
107.028157
107.137348
107.387615
107.548909
107.614912
107.774048
107.831888
108.038782
108.180067
108.649182
108.722292
108.810546
109.249176
109.578421
109.667877
109.778181
110.140002
110.375478
110.452026
110.755704
110.932544
111.029984
111.532364
111.842461
112.125270
112.383999
112.437817
112.993611
113.283102
113.471624
113.614965
113.723881
113.788495
114.029562
114.165340
114.455085
114.807847
115.191220
115.679703
115.770740
115.887959
115.940897
116.100378
116.237568
116.450469
116.813843
116.959003
117.623185
117.874142
118.269763
118.408487
118.522388
118.595415
118.946020
119.554634
119.654588
119.955124
120.443118
120.785001
121.068762
121.391407
121.463247
121.517548
121.757982
122.362931
122.956882
123.119351
123.566606
123.755567
123.903630
124.020509
124.277092
124.763063
124.890132
124.936407
125.099652
125.209635
125.380403
125.790714
126.159759
126.305873
127.009556
127.100211
127.294053
127.630141
127.902987
128.113305
128.300948
128.746584
129.096783
129.110867
129.358147
129.716082
130.105933
130.279099
130.514924
130.736067
130.938266
131.047849
131.392597
131.743837
132.089307
132.547490
132.655255
133.020868
133.540812
133.660248
134.050970
134.373582
134.385783
134.837558
134.960984
135.129891
135.228570
135.667145
136.050583
136.198514
136.700559
137.433234
137.487793
137.880501
138.161433
138.228946
138.493015
138.631645
138.833173
138.875985
139.359694
139.617984
139.793486
140.139065
140.238468
140.478731
140.527893
140.824473
141.103510
141.394767
141.466183
141.730827
141.948105
142.080366
142.842901
143.280616
143.370671
143.468190
143.700836
143.878202
144.010844
144.518931
144.637053
145.352083
145.481588
145.972485
146.614854
146.940612
147.337983
147.450109
147.533671
148.083688
148.504026
148.637935
149.078751
149.336068
149.372811
149.817495
150.052649
150.421374
150.643331
151.222340
151.430758
151.721860
152.178753
152.322234
152.386436
152.409606
152.796643
153.226803
153.576111
153.703747
154.000949
154.157297
154.358643
154.551172
154.813402
154.870647
154.978546
155.554607
156.211246
156.292370
156.429396
156.772519
157.387264
157.685574
158.253682
158.558270
158.664859
158.903532
158.961288
159.133719
159.276631
159.843829
160.058100
160.094352
160.277850
160.961422
160.985071
161.379453
161.518706
161.888508
162.304642
162.607336
162.973734
163.065379
163.188905
163.641361
164.508611
164.527944
164.837174
165.241915
165.968527
166.125033
166.608234
166.737047
166.862359
167.341593
167.365776
167.547019
167.940967
168.346594
168.600044
168.940877
169.129225
169.160582
169.203003
169.276803
169.456979
169.565807
169.960957
170.242448
170.369757
170.512024
170.584763
171.002381
171.201043
171.710258
171.902708
172.132475
172.134161
172.394769
172.490648
172.700597
173.433125
173.513631
173.608616
174.136971
174.388619
174.499419
174.634482
175.031711
175.135970
175.816888
175.926859
175.980443
176.368770
176.656017
177.062275
177.235913
177.336706
177.582780
178.074967
178.722873
179.040194
179.207619
179.253065
179.455493
179.749723
180.309808
180.380048
180.678051
181.279103
181.302125
181.438088
181.617726
182.252061
182.778142
183.136588
183.218866
183.388780
183.457975
183.664939
183.970467
184.625672
185.118662
185.215807
185.341929
185.688811
185.828505
186.023595
186.241380
186.278929
186.357095
186.716769
187.598809
187.666006
188.242109
188.615168
188.684246
188.978882
189.452467
190.352308
190.479651
190.560981
190.808621
190.883935
191.034680
191.516416
191.854319
192.110186
192.516458
192.785044
193.009640
193.105881
193.171843
193.352877
193.497952
193.752948
193.884720
194.033343
194.090928
194.207398
194.648427
195.371366
195.526490
196.167302
196.403446
196.677269
196.727524
196.921659
197.110015
197.531896
198.000841
198.157282
198.342848
198.577212
199.054199
199.151758
199.587166
199.905820
200.097492
200.285244
200.378191
200.775590
201.147882
201.787648
202.075061
202.287897
202.580517
202.808510
203.176143
203.400473
203.702873
203.900270
204.061763
204.189377
204.354604
204.810403
204.918988
205.512481
205.670442
205.980905
206.101089
206.343692
206.557941
206.889195
207.182898
207.352370
207.434519
207.810433
207.966715
208.198509
208.639752
209.327972
209.533668
210.186659
210.345771
210.499440
210.768499
210.974020
211.099031
211.290049
211.821764
212.383493
212.643593
212.934761
213.192426
213.289665
213.872315
214.427019
214.771093
214.973504
215.186116
215.338791
215.571187
215.777184
216.024809
216.457926
216.693717
216.984737
217.659539
217.875312
218.106971
218.396482
218.673323
219.083243
219.305105
219.349595
219.836844
220.231750
220.499997
220.744099
221.328251
221.516710
222.058131
222.614811
223.006920
223.519656
223.713819
223.852267
223.881076
224.130844
224.591006
224.779834
224.882005
225.362628
225.729996
226.094051
227.276336
227.434163
227.925872
228.236535
228.754983
229.012873
229.872848
230.136621
230.514674
231.018810
231.216634
231.316800
231.417573
231.513868
231.634039
231.829190
231.836342
231.986815
232.173673
232.235811
232.456971
232.762299
232.811423
233.203802
233.445049
233.682518
233.753692
234.258372
234.664337
235.360490
235.475545
235.557993
236.107343
236.239076
236.547768
236.853902
237.323660
237.770381
238.142959
238.425393
238.653825
238.970010
239.202917
239.582924
239.698176
239.831668
240.028742
240.041991
240.084607
240.270038
240.490695
240.684357
241.041287
241.467321
241.734426
242.186723
242.363547
242.733202
243.046055
243.255966
243.515532
243.662928
243.831125
243.857752
243.992808
244.066997
244.968715
245.145960
245.378330
245.658368
246.065617
246.207940
246.338193
246.624469
246.803554
247.148042
247.462050
247.648369
247.688078
248.423898
248.450195
248.855800
248.965530
249.501430
249.607247
250.131169
250.150662
250.450002
250.717404
250.796545
250.816446
251.034515
251.139456
251.212479
251.391175
251.644516
251.939946
252.123302
252.453885
252.759210
252.950787
253.280300
253.467962
253.671941
253.817578
254.023780
254.166755
254.263380
254.309859
254.396523
254.717863
255.903138
256.090787
256.206858
256.979480
257.327871
257.723043
257.802028
258.199752
258.242776
258.664898
258.746732
259.016030
259.619328
259.712905
259.960162
260.335365
260.584409
260.906280
261.194002
261.455832
261.775800
262.039786
262.319021
262.993748
263.122597
263.242119
263.310760
263.580088
263.605461
263.947268
264.598404
265.007786
265.183094
265.354884
265.446726
265.548960
265.637220
266.021129
266.136343
266.408262
266.719173
267.172886
267.511871
267.574221
267.867534
268.162368
268.435610
268.492331
268.661896
269.122472
269.460139
269.637304
270.115963
270.327072
270.620730
270.815419
270.945960
271.127268
271.198329
271.369485
271.756073
272.170930
272.435001
272.686340
272.769269
273.394901
273.506122
273.725237
273.867188
274.122847
274.371871
274.574664
274.955347
275.304413
275.594205
275.719507
275.742111
276.020885
276.127606
276.871617
276.958423
277.270041
277.576683
277.624396
277.715583
277.895015
278.292796
278.508866
278.720681
278.991125
279.386660
279.516669
279.669910
279.792926
280.088757
280.557080
280.899304
281.198040
281.341553
281.391970
281.822622
282.030803
282.238177
282.662980
282.848665
283.212107
283.553180
283.881509
284.020733
284.294912
284.435084
284.897116
285.330569
285.529943
285.773196
285.925527
286.289099
286.550555
286.848128
287.198991
287.741103
288.097096
288.127581
288.501217
288.732791
288.839160
288.937944
289.206711
289.307000
289.472948
289.571600
290.163958
290.807532
291.339443
291.484027
291.773007
291.837243
292.062399
292.202279
292.235286
292.414757
292.746011
293.141200
293.397333
293.702940
293.738117
294.537066
294.763303
294.806416
295.309617
295.724946
295.998403
296.228648
296.506472
296.658838
297.243437
297.430190
297.618720
297.989966
298.096131
298.448571
298.884812
299.042408
299.269431
299.917430
300.134885
300.271483
300.430959
300.733379
300.918474
301.309400
301.813605
302.100536
302.813275
302.827725
303.194039
303.651865
304.312761
304.712142
305.006127
305.068515
305.151435
305.324973
306.106179
306.307337
306.562619
306.637568
306.956043
307.014776
307.170284
307.212120
307.272589
307.415118
307.592848
307.674670
307.788980
307.863456
308.297057
308.688426
308.857838
309.032107
309.246799
309.753524
310.028224
310.142865
310.309357
310.725176
311.526102
311.834898
312.137087
312.347222
312.434030
312.821883
313.072704
313.305043
313.448230
313.719791
313.754206
314.006267
314.015930
314.041797
314.343901
314.495392
314.883388
315.195110
315.585854
315.841050
316.114640
316.791083
317.020726
317.437149
317.729360
317.998471
318.224103
319.277458
319.484764
319.697399
320.123333
320.321735
320.440620
321.115081
321.152845
321.228947
321.469594
321.697436
321.894409
322.017261
322.356575
322.804011
322.940826
323.230561
323.289850
323.377824
323.544017
323.923443
324.399217
324.661197
324.983189
325.017707
325.081446
325.161767
325.465045
325.975591
326.264160
326.633471
326.758212
327.010190
327.209376
327.496979
327.703119
327.968716
328.014472
328.240499
328.369388
328.816651
329.166370
329.258416
329.471710
329.623817
329.747378
329.935274
329.995388
330.135720
330.666313
331.212994
331.326911
331.481564
331.615376
331.669576
332.388829
332.447099
332.539028
332.983952
333.240000
333.309377
333.478631
333.769557
333.962594
334.418159
334.744972
335.172404
335.782432
335.878954
336.082861
336.387072
336.421474
336.630361
336.881017
336.940930
337.033263
337.206539
337.728617
338.191692
338.396701
338.845764
339.276674
339.507046
339.827388
339.870614
339.967053
340.025607
340.161338
340.569517
340.710507
341.134715
341.418192
341.922498
342.082832
342.848509
343.211847
343.295167
343.446549
344.174871
344.215116
344.483606
344.571574
344.712187
344.800409
345.147931
345.460533
346.421464
346.882589
347.323214
347.519297
347.969865
348.430654
348.534536
348.878637
349.114366
349.468716
349.789610
349.931654
350.054191
350.425330
350.528431
350.983311
351.152266
351.565929
351.756279
352.034151
352.330537
352.818129
353.194999
353.278556
353.496227
353.925952
354.007602
354.084079
354.437462
354.604422
354.770266
355.169940
355.298567
355.643803
355.930468
356.063259
356.258190
356.592122
356.789263
356.919571
357.634604
357.803600
357.946391
358.300929
358.449091
358.649249
358.815105
359.068533
359.204436
359.388017
359.611074
359.836375
359.956928
360.022567
360.206109
360.265113
360.630474
361.714003
361.862124
362.134871
362.326716
362.472677
362.613561
363.222257
363.458155
363.917877
363.925954
364.054556
364.314724
364.615290
364.970383
365.166066
365.818883
365.980588
366.055068
366.080300
366.241460
366.271167
366.549226
366.813318
366.830150
366.933870
366.992783
367.300811
367.815475
368.451191
368.736949
369.479432
369.811508
370.216335
370.759840
370.940803
371.044141
371.305676
371.510949
371.715927
371.753021
372.017740
372.177746
372.420002
372.667816
373.088908
373.356123
373.727733
373.893813
374.531365
374.962538
375.277979
375.610713
375.749885
375.920493
375.968150
376.023449
376.528196
377.099187
377.294487
377.390451
377.625008
378.062943
378.215149
378.434162
378.500843
378.922050
379.256120
379.759708
380.006926
380.138553
380.325626
380.488579
380.568953
380.756158
380.951781
381.222207
381.588383
381.990501
382.549513
382.669511
382.792260
383.088234
383.216966
383.605473
384.245584
384.511619
384.548983
384.848555
385.018758
385.478938
385.855412
386.200229
386.284105
386.488946
386.667695
386.894749
386.955407
387.019044
387.190280
387.853488
388.109225
388.466507
388.664249
389.092185
389.307901
389.579126
389.901525
390.027747
390.446466
390.692453
390.933624
391.114108
391.142725
391.429108
391.455730
391.685328
391.722517
392.239682
392.376913
392.504473
392.550722
392.661337
393.111285
393.284840
393.649975
393.982212
394.190080
394.528772
394.646452
394.728756
394.771722
394.898420
394.947528
395.125041
395.414820
395.869370
395.923854
395.953493
396.031337
396.237263
396.650591
396.882668
397.513304
397.841961
398.210950
398.322929
398.706250
398.893256
399.444914
399.738179
400.167556
400.444536
401.009710
401.119337
401.272823
401.430407
402.444001
402.711311
402.861226
402.954233
403.141041
403.195214
403.691061
404.379521
404.706937
404.717746
404.841570
405.339771
405.499246
405.709279
406.353571
406.936453
407.030288
407.235493
407.862475
407.984107
408.184537
408.286354
409.032338
409.810416
410.013428
410.037468
410.120398
410.570421
410.738843
410.999363
411.688970
411.826718
412.079445
412.390449
412.670890
412.955621
413.599211
414.012777
414.319019
414.493228
414.536483
414.833118
415.082430
415.321496
415.515804
415.585272
415.970305
416.120516
416.536205
416.660549
416.936607
417.064736
417.334404
417.512246
417.872824
417.977294
418.350513
418.495451
418.676677
418.956656
419.686942
420.330046
420.641165
421.502193
421.712187
422.004101
422.757244
422.953772
423.211526
424.017927
424.129030
424.439464
424.546337
424.569542
424.737254
425.432891
425.919586
426.555131
426.977250
427.528095
427.640981
427.781029
428.138024
428.196530
428.281037
428.404691
429.494432
429.726012
430.065491
430.127647
430.793097
431.086709
431.184492
431.313278
431.456526
431.717584
431.954091
432.254835
432.371446
432.581122
432.697846
432.804275
433.389301
433.698495
434.133422
434.763667
434.995152
435.047398
435.086221
435.205106
435.505639
436.617861
436.786827
436.832261
436.923062
436.984674
437.292665
437.416218
437.619757
438.049204
438.112508
438.313494
438.371848
438.547014
438.733918
438.872313
438.914912
439.101324
439.212158
440.220794
440.251612
440.382908
440.783892
441.241184
441.429114
441.540407
442.110058
442.392032
442.598351
442.631401
442.937212
443.305831
443.426517
443.729470
443.971292
444.135973
444.225798
444.520620
444.816321
444.962021
445.256439
445.798639
446.972241
447.006784
447.203764
447.298187
447.547961
447.945469
448.052807
448.326135
448.732877
448.850961
449.223927
449.539440
449.911217
450.131766
450.435619
450.899517
451.590502
451.709005
451.923635
451.970956
452.437969
452.603794
452.657432
452.864481
453.098774
453.627838
453.716814
453.750078
454.038197
454.246107
454.460540
454.737265
455.113645
455.343431
455.561418
456.047443
456.213500
456.279768
456.380463
456.459957
456.517495
456.741164
457.091085
457.128034
457.269567
457.581736
458.193668
458.591599
458.657101
458.763442
458.833140
459.420768
459.648962
459.803788
460.228768
460.373016
460.520639
460.592175
460.811285
461.278647
461.464468
461.482087
461.569758
461.775657
461.996825
462.070589
462.203946
462.358671
462.701366
462.809693
463.184660
463.392788
463.501655
463.625875
463.800892
463.836959
464.027177
464.343029
464.560864
465.186759
465.224943
465.455925
465.657673
465.793497
466.126888
466.559337
466.906348
466.986526
467.301099
467.561952
467.710431
468.100504
468.215215
468.474462
468.677542
468.900109
469.295566
469.487940
469.734603
469.766144
470.191381
470.460636
470.823475
470.871149
471.058497
471.589771
472.017328
472.289939
472.415736
472.538549
473.188139
473.611450
473.746092
474.098448
474.182132
474.307995
474.589075
474.840915
475.153326
475.863525
476.149257
476.349399
476.605960
476.710103
477.016094
477.258344
477.327067
477.545026
477.953096
478.362906
479.023206
479.138342
479.690983
480.095301
480.338182
480.440097
480.940272
481.164472
481.381227
481.665234
481.898004
482.070882
482.212600
482.347689
482.512414
482.625296
482.889395
483.314678
483.574777
484.027355
484.675512
484.899670
485.465760
485.740941
486.099043
486.148778
486.211832
486.304968
486.746962
486.935472
487.414290
487.722730
487.911824
488.006286
488.038868
488.212724
488.394070
488.728667
488.950145
489.272141
489.531209
489.843256
490.026949
490.227577
490.444554
490.666584
490.930785
491.186332
491.686451
491.991857
492.349242
492.827453
493.044045
493.265112
493.473941
493.492816
493.643612
494.017662
494.354830
494.608833
494.771535
494.958744
495.326603
495.570473
495.944509
496.059827
496.339189
496.619408
497.044718
497.341848
497.448232
497.884081
497.978470
498.142728
498.309219
498.595872
498.912142
499.040819
499.564065
499.857216
499.913022
500.445971
500.838548
501.347283
501.435130
501.608654
502.016009
502.406783
502.479208
502.865530
503.146102
503.174557
503.279010
503.422624
503.712220
503.779997
504.441048
504.472635
504.834641
504.978514
505.127123
505.309705
505.593340
505.884426
505.936385
506.234940
506.887775
507.501048
507.914352
508.109734
508.182202
508.493469
508.550005
508.588356
509.054465
509.281216
509.550426
509.984540
510.291936
510.578952
510.926262
510.959802
511.309555
511.477629
511.640863
511.849663
512.263346
512.867814
513.330356
513.358456
513.787037
514.471347
514.814389
515.323838
515.551530
515.842257
516.413749
516.464278
516.707612
517.006741
517.039902
517.145917
517.204262
517.528087
517.608854
517.641053
517.755858
518.310593
519.043245
519.396449
519.725980
520.043490
520.244379
520.351720
520.445763
520.805209
520.925490
521.009740
521.215170
521.617176
522.180966
522.311176
522.716948
522.904347
523.085237
523.192734
523.385144
523.848841
524.356143
524.779608
525.431457
525.723176
525.997796
526.101869
526.477109
526.695638
526.933894
527.243934
527.612729
528.047378
528.122409
528.423643
528.686014
528.778447
529.296498
529.860122
530.089002
530.099123
530.367841
530.540040
530.636567
530.915745
531.325988
531.506407
531.600641
532.148678
532.403200
532.889142
533.313461
533.694325
533.863164
534.218498
534.306765
534.675172
534.741735
534.851176
534.967026
535.112175
535.515134
535.829825
536.166999
536.409480
536.767237
536.804486
536.908053
537.232758
537.705253
537.766469
538.062007
538.096871
538.424592
538.900533
539.295659
539.393964
539.453801
539.997387
540.162213
540.707589
540.761532
540.828697
541.280477
541.933052
542.231643
542.441183
542.528929
542.749715
543.150116
543.724875
544.374666
544.717895
545.290116
545.670219
545.712278
545.922126
546.010382
546.464411
546.745025
546.900672
547.052184
547.223454
547.474904
547.816807
548.097253
548.283293
548.597909
548.670523
548.998115
549.398855
549.736024
550.059663
550.275087
551.197735
551.401622
551.806815
551.934052
552.178732
552.329028
552.739977
553.044332
553.135399
553.295029
553.871606
554.315561
554.761074
555.076070
555.295207
555.396090
555.782966
556.189863
556.479652
557.305781
557.416502
557.451806
557.494914
558.225191
558.576250
559.071941
559.160326
559.314988
559.445788
559.812800
560.018977
560.046949
560.184127
560.357370
560.743499
560.843920
561.217318
561.705981
561.957438
562.413348
562.554297
562.689202
563.069814
563.517701
563.899053
563.990817
564.327813
564.533927
564.698447
564.948636
565.166577
565.745292
565.820273
566.044234
566.145559
566.327512
566.460936
566.504175
566.830052
566.894159
567.077957
567.566693
567.635899
567.736728
567.934380
568.657183
568.725221
569.399939
569.524817
569.824271
570.035657
570.301307
570.654354
571.028280
571.200813
571.444178
571.595525
571.599600
571.831057
572.098943
572.336780
572.358470
572.675024
572.802598
573.012667
573.061999
573.106689
573.572766
574.031746
574.569996
574.909365
575.571586
575.662068
576.010990
576.158856
576.574253
576.950266
577.395675
577.584869
578.003250
578.518470
578.564199
578.695025
578.982766
579.213498
579.317817
579.409689
579.556568
579.862937
580.127481
580.216587
580.277427
580.530884
580.748550
580.868381
581.095021
581.431581
581.557055
581.686198
582.104833
582.404506
582.789404
583.046349
583.202017
583.256334
583.604744
583.904230
584.171151
584.205958
584.311170
584.646793
585.059745
585.579971
585.618513
585.961148
586.304387
587.089606
587.162684
587.263188
587.536068
587.963738
588.369139
589.083297
589.170377
589.322269
589.574049
590.101154
590.474385
590.692834
591.041262
591.275975
591.539249
591.594330
591.946562
592.236173
592.492480
592.672717
592.868892
593.343351
593.513837
594.029240
594.113222
594.389418
594.772718
594.929568
595.303482
595.429726
595.752669
596.269485
596.634642
597.115604
597.276829
597.525608
597.624469
597.857471
597.905726
597.910927
598.192914
598.318054
598.587379
598.901532
599.102362
599.160247
599.267299
599.396524
599.716993
599.953990
600.024024
600.182616
600.384400
600.767772
600.859577
601.145064
601.279362
601.675308
601.881810
602.007512
602.193549
602.515541
602.580018
602.875146
602.971778
603.728506
603.941863
603.964477
604.084286
604.271499
604.595917
604.873315
605.147492
605.249530
605.519589
605.988949
606.565837
606.822345
607.274843
607.608939
608.203674
609.017331
609.158255
609.237094
609.613346
609.754482
610.064031
610.184904
610.300366
610.487379
610.981106
611.319926
611.672134
612.316980
612.583216
612.657350
612.857550
613.252060
613.557406
613.736199
613.848082
614.282376
614.970500
615.733353
616.065176
616.298019
616.399258
616.701747
616.899395
616.951339
617.069967
617.246397
617.507118
617.694251
618.101099
618.563478
618.727177
619.528286
619.583804
620.328509
620.761546
620.835629
620.918826
621.076391
621.258802
621.710674
622.141194
622.549468
623.005153
623.180655
623.458096
623.812534
624.143073
624.414434
624.883483
625.389504
625.616468
625.742118
625.997593
626.648525
626.703234
627.019840
627.341096
627.573581
627.695012
628.219478
628.433549
628.786167
629.156026
629.277801
629.653559
630.217249
630.632615
630.726247
631.046681
631.225383
631.329519
631.875811
632.451157
633.040645
633.522694
633.869436
634.225838
634.837221
635.191658
636.006096
636.285337
636.776228
637.207922
637.314577
637.746887
637.859080
638.295746
638.362217
638.734400
638.825656
639.097127
639.493092
639.739182
639.888177
639.989571
640.126987
640.363843
640.621214
640.968937
641.096664
641.398759
641.720573
641.937244
642.072524
642.476431
642.945518
643.190053
643.661653
643.731257
644.038197
644.140822
644.473400
644.856427
644.991269
645.341777
645.782139
646.060317
646.316086
646.546956
646.852929
647.000773
647.158585
647.401778
647.814622
648.334354
648.631546
648.688403
648.944198
649.122119
649.342298
649.537727
649.596996
650.034951
650.373597
650.431996
650.686755
650.946590
651.077993
651.369984
651.559949
651.831406
652.038123
652.115176
652.318535
652.537134
653.165282
653.251563
653.585684
653.791409
654.454980
654.813467
654.926941
655.170549
655.668790
655.821500
655.988542
656.183847
656.633186
657.050487
657.239530
657.523483
657.743832
657.838360
658.002292
658.195942
658.640713
658.829344
658.890609
659.124866
659.636203
659.675424
660.086397
660.234107
660.598343
660.680645
660.875629
661.043034
661.184933
661.432026
661.494193
661.655055
662.224993
662.490835
662.911274
663.293153
663.384444
663.733421
663.986174
664.465809
664.620430
664.742234
665.078986
665.284404
665.944094
666.587192
666.681008
666.744837
666.862459
667.083442
667.423472
667.705739
667.919505
668.091224
668.160575
668.413852
668.698171
668.769072
668.830796
669.263199
669.268138
669.786825
670.182685
670.399789
670.676702
670.757774
671.000586
671.359029
671.449339
671.558863
671.702730
671.803280
671.961738
672.261006
672.403584
672.679324
672.845340
672.982320
673.559609
674.001689
674.137034
674.250728
674.449777
674.518300
674.640920
675.111613
675.212827
675.506323
675.627583
675.734329
676.004859
676.160490
676.490278
677.023979
677.511480
677.741769
678.021771
678.108293
678.528024
678.879431
678.914943
679.103380
679.186340
679.557164
679.786443
679.897540
680.125626
680.306515
680.953845
681.266055
681.383571
681.511071
681.594977
681.693279
681.928489
681.983578
682.147867
682.179505
682.409094
682.536613
682.557227
683.068811
683.638681
683.709569
684.464020
684.588157
684.653717
684.996457
685.172193
685.243636
685.386735
685.647758
686.259965
686.540415
686.627963
687.067970
687.333494
687.500726
687.539355
687.701151
687.871589
688.246270
688.458485
688.570673
688.679022
688.715224
689.283073
689.632066
689.843807
690.046166
690.422278
690.557288
690.804228
691.173783
691.389427
691.465698
691.808984
691.887987
692.028084
692.358359
692.527169
692.955314
693.564816
693.985419
694.217330
694.449609
694.632613
694.958750
695.067667
695.344219
695.662196
695.829127
695.979350
696.255099
696.386052
696.403999
696.601566
696.770662
697.037330
697.605803
697.795191
698.067484
698.343929
698.797340
698.973359
699.443801
699.711613
700.092651
700.239863
700.671438
701.192421
701.309334
701.717988
701.944703
702.457165
702.746889
703.394937
703.862165
704.080847
704.580842
704.597999
704.863715
705.453522
705.527419
705.842493
705.955737
705.973623
706.631469
706.839379
707.183780
707.286630
707.559984
707.945076
708.081962
708.551624
708.825147
709.242290
709.687452
709.881823
710.351905
710.484644
711.072340
711.120530
711.548955
711.691858
712.144180
712.260339
712.352787
712.440446
712.629989
712.987154
713.052823
713.145975
713.247758
713.997719
714.311809
714.625086
715.514703
715.911582
716.006692
716.517644
716.746888
717.026146
717.248264
717.380372
717.501945
717.506381
717.782053
718.119298
718.181574
719.026384
719.364648
719.688427
719.791091
720.071037
720.348462
721.028997
721.382734
721.625813
721.686864
722.323103
722.913609
723.109473
723.191523
723.356285
723.647776
724.004083
724.260616
724.557422
724.891128
725.205763
725.355126
725.548504
726.191694
726.814522
727.171752
727.210092
727.370586
727.634427
727.810475
728.200845
728.229355
728.354205
728.391200
728.459698
729.028491
729.356241
729.667038
729.881848
729.997099
730.306794
730.682804
730.739184
731.355974
731.561674
731.874639
732.139902
732.333242
732.381685
733.184680
733.231053
733.371807
733.521722
733.611188
734.366449
734.755359
735.014930
735.123908
735.628734
735.916337
736.037837
736.334830
736.385475
736.506161
736.692618
736.701105
736.957057
737.152854
737.392479
737.715019
737.852978
738.319071
738.483426
738.614957
738.741884
738.826291
739.069957
739.168078
739.563860
739.786553
740.197646
740.492625
740.716326
740.830359
741.190093
741.399236
742.076121
742.435746
742.590035
742.805391
743.029989
743.178067
743.333953
743.676542
743.838782
743.888154
743.926576
744.234309
744.805414
745.097733
745.280606
745.363567
745.623477
745.946514
745.983247
746.258934
746.944976
747.287855
747.944782
748.535145
748.891868
749.021506
749.273484
749.743039
749.922575
749.976166
750.187416
750.683266
751.170428
751.446591
751.673467
751.764453
751.802712
751.971177
751.973167
752.263072
752.677034
753.036368
753.227257
753.408836
753.877236
754.666534
754.929460
755.194574
755.593747
755.770898
755.938923
756.158311
756.278256
756.370028
756.475130
757.106944
757.264352
757.460928
757.598137
757.678141
757.910837
758.324130
758.476424
758.640789
758.853938
759.159381
759.872257
760.023871
760.227098
760.760814
760.886768
761.133572
761.167093
761.255407
761.437724
761.791675
762.229807
762.741078
762.987860
763.167058
763.491516
763.548273
763.654335
764.200862
764.467304
764.757630
764.856922
765.168140
765.892883
765.988957
766.107200
766.250507
766.554100
766.843170
767.184347
767.614878
767.678442
767.933227
768.102439
768.299380
768.322962
768.815734
769.187439
769.727490
769.951143
770.019173
770.493415
770.604057
770.770836
770.911383
771.099118
771.347771
771.514913
771.796389
771.851101
771.968131
773.204253
773.646199
773.852753
774.209658
774.352010
774.766740
774.907785
775.187165
775.798820
776.304946
776.480939
776.592406
777.175880
777.504738
777.674288
777.766080
777.889645
778.092817
778.307998
778.426629
778.574401
779.163778
779.319882
779.455194
779.673213
779.758447
779.863873
780.218044
780.551198
780.704923
780.838289
781.301040
781.607893
782.093685
782.251424
782.365659
783.165835
783.227015
783.652784
783.727294
784.034976
784.725136
784.980105
785.189186
785.443821
785.748608
786.027918
786.132031
786.229475
786.264537
786.408124
786.608510
786.652947
786.850452
787.409528
787.494021
787.652240
787.786811
788.172015
788.750756
788.942598
789.256059
789.576026
789.942634
790.220751
790.549673
790.830715
790.939447
791.260857
791.318822
791.356811
791.380197
791.492271
791.633036
791.964736
792.469961
792.626753
792.964193
793.271281
793.394108
793.467144
793.572985
794.061215
795.114905
795.516061
795.907702
796.712897
797.142701
797.277643
797.641160
797.796155
798.003407
798.117699
798.211845
798.377196
798.430983
798.584462
798.861039
799.186210
799.671224
799.915973
799.942823
800.286723
800.660013
801.065475
801.541466
801.717668
801.861248
802.353585
802.535788
802.844369
802.886316
803.188101
803.529802
803.608912
803.887365
804.422798
804.877833
805.002299
805.132218
805.322522
805.664602
805.818582
805.898361
806.354343
806.478365
806.785188
807.402847
807.822119
808.003829
808.272552
808.704081
809.299696
809.441546
809.662851
809.835790
809.904543
809.930022
810.055581
810.304179
810.451616
810.545735
811.026769
811.468787
811.813972
811.957542
812.362593
812.422244
812.600299
812.737985
812.817152
813.139119
813.383703
813.584411
813.883887
814.159966
814.404091
814.615035
814.907586
815.283400
815.476184
815.609767
815.642288
815.755182
815.941438
815.980814
816.334045
816.515642
816.612754
816.789254
817.167018
817.250218
817.826915
818.653422
818.885169
819.789404
820.075872
820.100757
820.279155
820.293407
820.917881
821.217092
821.468600
821.576117
822.360942
822.377287
822.477497
822.778386
823.226588
823.518763
823.929291
824.101361
824.219787
824.423969
824.667525
824.968688
825.060982
825.249012
825.343467
825.359764
825.534680
825.701407
825.862822
826.284210
826.641765
826.725931
827.063894
827.536841
827.578845
828.026789
828.325112
828.859583
829.166278
829.581194
830.001670
830.073274
830.428307
830.560817
830.603070
830.673569
830.906162
830.988778
831.226594
831.425335
831.595973
831.780214
831.819690
831.999716
832.267295
832.735975
832.975560
833.151472
833.333293
833.443326
834.066718
834.178562
834.334741
834.723997
835.350130
835.383926
835.555849
835.723317
835.982523
836.335963
836.740414
836.953159
836.980887
837.433403
837.669148
837.926695
838.260017
838.742796
838.878956
839.032152
839.333934
839.621279
839.811849
840.113213
840.392676
840.528096
840.890936
840.938621
841.100428
841.271393
842.078099
842.210350
842.266935
842.597985
843.252043
843.921774
844.480436
845.275961
845.496370
845.650430
845.941985
846.981026
847.264190
847.333014
847.568149
848.105180
848.746921
850.064138
850.213063
850.531497
850.750880
851.055332
851.325318
851.686783
851.882693
852.243374
852.315820
852.465080
852.517545
852.617769
852.812548
853.081556
854.035418
854.585394
854.725664
854.738072
855.111753
855.259715
855.529690
856.094516
856.264266
856.651725
857.275931
857.364847
857.782152
857.798144
857.994907
858.328470
858.418867
858.777610
859.095696
859.399709
859.511837
859.803888
860.048375
860.294195
860.610858
860.690486
861.326119
861.471085
861.603169
861.679760
861.876130
862.018684
862.086044
862.947466
863.020524
863.169554
863.237620
864.041611
864.327781
864.622191
864.726402
864.832861
865.203830
865.494549
866.323337
866.369166
867.050751
867.586517
868.017834
868.492337
868.825747
869.085704
869.263616
869.512596
869.898385
870.312057
870.884319
871.077514
871.402666
871.443511
871.649572
872.128394
872.394033
872.579007
872.818593
872.856426
873.158885
873.468504
873.779113
873.869972
874.728866
874.980724
875.396319
875.513448
875.844829
875.949097
876.225019
876.403658
876.850145
877.320935
877.562116
877.788923
878.053981
878.409709
878.614579
878.988204
879.414448
879.797810
880.254155
880.583624
880.856220
881.034610
881.503918
881.563647
881.773722
881.891865
882.054821
882.465773
882.623864
882.935057
883.212748
883.606183
883.975214
884.144862
884.726365
884.765780
884.841278
885.242533
885.405974
885.624686
885.824203
886.033126
886.099740
886.767221
886.944529
887.115505
887.392500
887.470167
887.744528
888.055457
888.492301
888.935348
889.038166
889.348764
890.019543
890.217888
890.344226
890.637343
890.944902
891.194723
891.366291
891.525298
891.618925
892.092580
892.457923
892.681473
893.150728
893.218460
893.461832
893.532727
893.745564
894.289282
894.978913
895.098212
895.296081
895.431074
895.827079
896.530827
896.643585
896.673816
896.856847
896.999917
897.157612
897.435813
897.482763
897.580676
897.638529
897.729841
898.600943
898.888650
899.202666
899.471586
899.575076
899.614775
899.973823
899.985300
900.096909
900.453290
900.632450
900.819947
901.085254
901.124782
901.367385
901.649407
901.989396
902.259660
902.487378
902.768302
902.882314
903.243622
903.525472
903.991750
904.531956
904.614857
904.858210
905.147749
905.439212
905.864941
905.926345
906.022121
906.319900
906.509932
906.744662
907.026709
907.133635
907.202974
907.598246
907.780879
908.000533
908.169521
908.602986
908.842038
909.335721
909.473179
909.512983
909.726000
909.791038
910.019071
910.408939
910.702535
911.361068
911.954201
912.110812
912.316523
912.468756
912.721748
912.968691
913.101482
913.565787
913.709389
914.358893
914.764730
914.894747
915.174483
915.444173
916.269397
916.789975
916.953821
918.109038
918.230225
918.492018
918.774597
918.885400
919.240043
919.303698
919.406749
919.493526
919.814509
919.873904
920.029896
920.107683
920.313126
920.525310
920.907056
920.971644
921.099969
921.258965
921.419871
921.880321
922.095358
922.272715
922.422747
922.511802
922.879804
922.960678
923.061349
923.249625
923.524586
923.706912
924.161914
924.428634
924.701310
925.263936
925.303949
925.560969
925.766908
925.857155
926.000884
926.516983
927.070112
927.373854
927.698842
927.920680
928.196298
928.509273
928.542359
929.246551
929.478616
929.785029
930.062119
930.597115
931.625404
931.863727
932.457254
932.604830
932.824752
932.848663
933.035275
933.060586
933.407538
933.608374
934.564823
934.803654
935.092337
935.467823
935.645530
935.758306
935.976944
936.470514
936.572290
936.683941
936.725937
936.994898
937.166916
937.565342
938.053863
938.942101
939.000823
939.159483
939.213332
939.391686
939.456704
939.856287
940.092922
940.677076
940.893156
941.078127
941.321723
941.591840
942.135731
942.257879
942.728762
943.025216
943.295571
943.396058
943.837480
943.975275
944.252131
944.382419
944.989843
945.628476
946.145127
946.279050
946.543400
946.834553
947.032400
947.497594
947.654737
948.088244
948.126261
948.207464
948.311666
948.657571
948.859357
949.554259
950.062321
950.366787
950.524524
950.594854
950.647968
950.860835
951.159443
951.174533
951.614730
951.828088
952.244665
952.288912
952.517460
952.861544
953.230178
953.574035
953.996303
954.186599
954.280067
954.706367
954.913493
955.253353
955.560253
956.180738
956.303855
957.713235
957.993221
958.134595
958.322348
958.781997
959.343379
959.650212
959.832695
959.904553
959.982219
960.279833
960.847658
961.316431
961.925719
961.965921
962.846344
963.375310
963.725719
963.925538
963.957977
964.307574
964.403109
964.603069
964.748038
964.953301
965.400618
965.573583
965.662850
965.851833
966.076081
966.876892
966.988883
967.069481
967.319244
967.465812
967.626695
967.994301
968.273336
968.318365
968.801072
969.015779
969.093548
969.531603
969.650401
969.749164
969.981613
970.204488
970.394564
971.176124
971.196215
971.360310
971.703986
972.018238
972.117886
972.224369
972.318387
972.409510
972.880628
973.093958
973.214238
973.869735
973.986920
974.311622
974.457955
975.023466
975.224948
975.551092
975.872417
976.297310
976.644766
976.733124
976.838087
977.053660
977.192796
977.320733
977.441852
977.899772
978.141412
978.690217
979.676014
979.961634
980.096372
980.302293
980.624104
981.198340
981.371789
981.623110
982.478998
982.554701
982.658600
983.014580
983.223905
983.347645
983.606078
983.651702
983.736168
984.055806
984.436867
985.018818
985.211901
985.640217
985.747378
985.954540
985.995853
986.055446
986.122473
986.355896
986.544836
986.882317
987.085619
987.237000
987.546885
987.943526
988.348599
988.495701
989.056028
989.529602
989.761019
990.192125
990.501117
990.825768
990.993633
991.429504
992.445641
992.835415
993.149516
993.318031
993.607119
993.684016
993.996880
994.092492
994.388782
994.466977
994.789981
995.030061
995.102569
995.348828
996.122136
996.714618
996.917763
997.682295
997.746889
997.933306
998.316137
998.579997
998.798104
999.173467
999.253557
999.592876
999.970610
1003.331417
1004.334625
1009.518192
1013.692200
1017.324274
1020.871343
1026.422330
1028.416066
1033.030858
1035.632565
1037.990790
1040.477348
1042.534901
1048.795115
1051.419477
1055.988671
1057.650435
1060.202332
1062.986354
1066.561707
1069.036923
1070.192017
1074.562945
1078.302766
1079.367183
1082.944092
1086.738720
1088.737691
1091.403870
1093.695083
1097.208098
1105.195290
1106.479940
1109.281092
1112.059280
1112.746110
1113.759442
1116.924985
1119.674600
1120.173557
1122.523249
1127.595817
1132.598869
1142.655710
1145.637566
1149.245757
1150.866866
1152.259391
1155.790353
1157.350697
1159.026199
1163.115524
1164.527635
1164.992267
1166.547272
1170.127330
1171.136391
1174.474615
1177.002454
1178.357919
1180.590011
1181.488220
1184.329129
1191.255046
1194.115074
1198.907243
1199.649618
1199.969486
1204.522586
1205.586756
1206.149037
1210.630964
1211.372698
1212.269686
1218.614783
1220.935071
1225.046452
1227.697084
1235.275193
1237.921656
1239.315270
1242.344084
1244.986484
1247.574226
1252.651386
1256.437627
1259.868526
1264.066502
1265.783201
1267.499366
1271.690238
1273.546198
1274.935992
1280.047063
1284.147933
1287.004953
1287.274293
1288.072482
1289.863134
1294.016922
1298.635554
1299.494798
1301.527652
1303.885604
1305.877862
1307.947113
1308.689950
1310.674697
1311.872220
1315.352929
1317.791147
1325.396990
1336.177990
1338.835190
1339.274624
1340.394503
1344.507941
1346.842690
1348.227923
1351.265831
1353.560629
1355.815096
1357.459395
1360.956448
1362.470881
1365.401824
1367.350749
1369.507672
1371.873430
1375.539656
1383.662144
1384.755463
1385.654916
1385.950766
1386.366698
1389.256160
1390.643905
1391.556815
1396.132141
1404.029831
1407.669835
1419.285126
1423.583638
1428.176721
1432.947289
1437.438544
1437.804288
1440.046981
1440.722858
1444.619778
1448.897298
1450.647859
1455.559344
1460.133133
1462.271060
1466.498268
1475.033057
1477.449040
1482.621060
1484.534831
1485.066079
1486.552257
1489.220103
1492.194529
1496.286398
1498.784825
1500.609930
1510.327906
1513.992035
1520.928717
1521.638168
1524.051561
1527.646111
1528.786094
1533.019006
1544.721374
1548.486377
1552.875279
1554.264629
1557.430793
1561.641310
1565.138536
1567.339128
1568.207077
1569.381404
1572.050732
1574.711551
1577.519375
1578.055675
1578.926232
1581.724155
1581.936635
1586.586052
1589.402942
1590.875030
1597.825565
1602.231122
1605.873457
1607.833727
1613.566346
1615.394870
1622.421652
1623.011799
1627.810345
1627.884328
1629.787816
1633.482912
1638.176073
1639.511721
1645.243824
1646.790224
1649.511480
1650.838700
1653.795718
1654.606955
1657.449752
1658.827293
1665.720743
1672.327971
1673.087816
1674.196704
1678.690390
1679.831279
1681.866934
1683.860066
1687.495923
1690.313720
1695.245055
1703.435365
1705.761908
1708.082078
1710.929598
1713.007829
1714.116091
1718.820014
1720.615236
1723.623166
1725.377449
1731.429560
1735.705165
1736.403558
1738.542649
1740.116933
1740.790667
1741.995203
1745.157421
1746.365559
1746.457822
1749.823666
1752.129296
1752.613467
1757.440284
1760.906567
1764.056354
1764.787744
1767.822147
1769.834933
1775.905737
1777.212732
1788.801239
1793.623429
1799.998496
1804.009744
1804.156905
1806.473877
1810.263916
1815.959882
1817.221329
1818.070523
1819.302808
1822.614575
1824.630068
1826.862059
1827.371305
1829.459860
1830.152538
1830.635325
1834.468274
1836.120069
1837.076317
1842.037685
1845.355173
1851.678371
1856.310247
1858.643552
1861.911444
1862.935388
1866.707745
1871.413708
1873.689770
1877.756493
1881.274090
1889.429470
1891.643931
1892.438418
1893.136900
1897.556535
1902.474870
1908.479598
1908.693751
1910.010161
1913.654718
1915.486231
1916.923904
1919.700609
1922.909312
1925.923271
1929.380571
1933.503091
1936.304562
1942.352547
1948.460507
1949.188196
1950.982008
1952.155662
1954.462127
1957.104396
1962.970873
1964.356975
1965.266303
1969.107205
1970.002341
1972.559182
1975.612528
1979.266094
1979.788939
1985.528910
1986.792866
1989.399543
1991.083999
1996.797897
1998.942532
2006.029309
2008.909102
2010.410593
2011.407742
2016.017179
2016.714940
2020.389433
2022.461232
2026.460755
2027.284647
2029.010301
2031.723291
2034.944474
2035.590496
2040.787138
2044.464285
2045.065551
2049.787442
2052.385761
2054.093764
2059.259450
2065.701441
2069.649667
2070.171591
2071.238386
2080.260602
2081.068132
2085.804784
2094.904411
2096.823510
2098.408060
2099.223329
2100.795684
2101.916802
2103.872247
2106.078647
2112.253335
2115.986663
2117.871530
2121.221797
2123.783899
2125.904692
2126.119467
2129.616999
2133.171926
2136.684521
2138.691308
2141.476887
2142.936760
2143.750030
2145.884245
2147.084403
2147.460240
2149.527473
2151.856292
2154.833358
2155.452268
2157.465471
2158.746667
2160.402837
2162.944028
2163.030665
2167.469263
2169.127824
2172.076606
2173.903381
2174.409672
2180.122152
2182.507896
2184.226922
2185.005888
2188.781347
2192.290428
2194.320746
2197.856361
2203.694114
2204.716009
2207.927812
2211.826885
2215.904144
2220.326819
2222.167960
2223.611898
2224.177666
2226.768604
2227.028122
2227.724129
2229.531805
2231.377043
2234.956023
2240.009220
2241.372567
2242.351140
2244.652732
2249.044385
2253.759572
2255.771732
2259.894143
2260.350758
2261.427612
2265.965154
2268.533173
2271.291437
2273.405988
2278.287083
2282.398582
2283.486533
2284.078089
2284.868700
2293.540257
2300.228561
2303.624167
2304.546190
2307.085488
2309.584181
2314.124726
2319.903673
2322.493896
2324.871069
2326.615533
2333.379038
2335.163318
2340.137440
2341.467307
2345.566022
2346.822547
2347.730735
2351.018952
2351.705507
2356.605669
2359.891865
2361.787223
2363.791036
2366.142520
2369.022129
2371.809067
2372.850295
2375.299747
2377.076355
2379.760374
2380.569196
2380.937130
2387.427354
2388.208793
2390.591162
2393.381540
2397.182310
2398.687409
2408.166813
2415.626901
2419.316400
2420.602336
2426.280517
2427.051479
2430.149457
2439.028936
2444.930227
2449.976640
2451.286174
2454.046521
2455.640420
2457.656519
2463.646890
2464.418652
2466.443980
2470.488036
2473.221764
2473.850272
2475.692789
2480.032300
2482.000278
2484.916191
2486.333294
2496.165473
2500.116046
2504.598369
2509.777789
2511.989225
2515.534951
2517.297725
2523.341754
2526.949404
2530.943768
2535.841429
2542.747904
2545.594220
2547.506188
2553.003036
2553.849506
2556.260502
2558.357284
2560.478768
2563.262208
2565.238933
2570.003757
2571.034599
2580.667381
2583.574227
2585.741441
2590.709542
2593.680140
2599.051575
2601.456709
2604.006048
2608.376348
2610.319508
2612.611237
2615.217486
2618.433533
2620.537191
2623.066037
2627.520996
2633.242888
2638.124263
2639.666397
2643.126074
2651.515082
2653.128016
2658.314274
2659.989048
2662.465773
2663.495353
2671.277579
2674.351449
2678.404869
2680.902838
2681.396293
2685.285281
2689.636593
2690.492023
2694.375054
2696.106824
2699.104624
2701.421796
2704.113424
2706.352486
2710.990181
2715.159098
2717.595220
2719.537450
2723.605645
2727.974833
2730.171130
2733.628759
2735.078225
2735.818734
2737.906918
2739.684620
2746.568595
2749.481292
2752.339969
2752.861573
2753.326124
2753.913378
2754.872710
2763.946535
2765.490188
2767.495387
2770.537176
2771.174733
2776.164967
2777.941418
2779.542714
2782.018319
2783.914531
2784.810378
2787.552275
2790.935948
2797.274159
2807.538816
2809.606786
2811.167966
2821.236731
2823.514888
2827.260883
2827.464970
2834.923337
2836.902052
2837.868349
2838.979516
2840.774493
2841.861533
2844.632920
2845.355897
2851.217154
2854.958677
2855.615764
2856.504984
2864.195758
2864.687800
2868.527168
2870.961827
2874.704320
2875.516244
2876.901351
2877.502923
2885.345476
2891.181409
2900.840548
2903.265959
2905.150574
2905.308147
2905.628577
2910.124816
2911.382082
2914.047347
2916.383244
2917.068738
2921.407497
2924.626198
2928.057445
2930.955747
2937.468279
2940.290506
2943.679265
2946.302812
2948.197539
2951.444670
2953.997872
2960.536959
2960.772651
2965.366167
2971.047097
2975.240842
2976.798531
2977.843112
2981.383986
2983.309779
2985.362954
2986.972334
2989.502392
2991.565637
2995.056204
2998.389217
3003.922525
3009.587638
3014.463709
3016.282176
3017.505764
3018.729339
3021.174564
3026.618852
3027.701723
3029.849170
3034.460844
3037.256021
3037.551833
3040.036145
3040.446562
3043.847944
3047.795724
3050.844237
3052.395915
3055.966720
3057.823719
3065.522242
3069.254669
3073.031394
3074.535345
3076.162853
3077.916006
3078.620204
3081.139900
3085.022223
3092.258490
3099.162369
3102.540422
3107.751713
3108.877040
3114.368753
3114.535175
3118.493926
3124.966331
3126.775599
3127.846592
3131.694391
3134.152881
3134.689149
3137.319879
3141.485966
3144.262281
3146.161817
3147.859419
3153.126054
3154.195081
3158.547237
3159.598758
3160.863487
3164.819343
3169.435113
3171.766463
3172.772879
3177.044819
3182.183999
3187.241338
3188.751728
3189.163519
3196.226527
3198.951727
3201.957265
3202.788839
3207.410652
3209.635816
3210.639375
3211.669701
3214.628141
3218.702880
3222.402959
3224.801506
3228.588723
3235.235832
3237.536432
3245.133235
3246.640867
3248.593617
3249.594834
3254.210721
3254.628297
3257.124699
3258.233492
3259.258197
3261.789105
3262.566432
3263.356699
3268.681564
3270.663578
3272.778267
3274.978906
3278.817140
3280.024003
3283.864611
3284.557499
3289.367307
3295.313995
3295.583375
3298.027962
3299.666447
3303.633468
3307.707542
3312.542003
3314.174835
3316.101321
3319.863770
3321.491889
3323.092057
3328.683325
3332.668095
3335.647790
3340.805931
3341.647365
3346.567920
3354.038957
3355.219041
3356.045805
3358.979781
3361.423491
3361.923261
3362.108435
3368.141995
3370.938306
3372.767505
3373.202615
3374.831907
3377.764299
3378.394764
3379.413733
3382.724414
3387.520767
3389.904566
3394.693756
3395.588126
3398.977340
3399.566633
3400.723782
3408.491705
3409.240203
3413.300191
3416.993369
3420.990902
3421.596672
3422.724729
3423.518694
3425.570367
3427.534119
3429.542871
3431.339797
3435.547524
3437.987512
3439.755858
3442.504935
3445.348057
3448.363624
3450.376740
3451.093931
3453.177460
3455.846913
3461.598630
3464.209914
3465.295626
3467.730349
3468.992678
3469.862722
3474.965946
3478.465739
3483.875735
3485.616366
3488.428013
3490.702396
3497.261268
3502.596448
3503.098662
3505.497513
3508.149253
3513.819211
3514.957283
3517.038586
3519.937106
3523.515559
3525.733237
3528.793695
3529.428469
3531.334364
3533.288082
3536.131211
3537.007831
3545.294171
3546.283148
3547.009926
3554.008078
3559.556303
3560.918368
3565.992005
3570.902687
3575.898706
3579.569145
3581.834850
3585.037496
3587.609410
3589.756751
3594.057060
3598.226703
3598.315630
3603.135030
3607.507386
3613.327247
3616.549938
3623.718541
3624.902926
3628.361694
3631.444245
3634.067162
3636.386487
3641.543978
3644.868763
3652.818919
3658.113814
3665.671986
3667.640982
3672.464175
3674.641958
3676.329920
3682.697338
3688.111428
3692.868451
3693.733114
3694.866875
3696.505092
3698.702872
3705.560248
3707.844831
3715.474736
3718.181061
3720.796815
3723.449281
3726.212357
3731.747675
3732.356867
3734.864624
3739.026525
3743.491356
3745.556663
3749.928661
3750.698471
3759.821223
3760.132660
3761.030267
3762.561201
3765.517026
3767.349807
3770.153690
3772.220236
3774.110743
3779.955434
3782.842419
3785.311745
3791.980180
3795.748213
3797.389323
3801.002144
3801.949720
3802.234422
3810.067561
3813.237229
3817.150268
3824.640450
3825.767691
3829.342159
3835.600455
3837.666378
3839.839059
3843.918790
3846.322499
3847.639432
3850.290348
3852.081989
3855.374448
3858.529010
3869.090579
3869.449128
3872.422031
3873.729081
3875.591609
3876.892758
3878.274531
3881.550130
3882.661965
3887.916986
3891.546298
3892.622831
3896.802627
3906.816283
3908.845014
3909.617384
3912.096627
3912.980742
3917.038156
3917.663653
3920.018877
3921.669399
3924.489869
3927.703986
3934.342583
3937.396435
3937.697269
3938.795101
3940.368067
3945.075103
3950.047592
3951.081712
3955.162103
3956.565819
3964.226427
3965.309891
3973.644652
3977.239630
3978.652451
3981.369067
3985.477883
3987.291593
3988.156075
3989.195084
3989.893414
3993.204557
3993.404208
3996.568382
3999.748666
4001.954480
4005.886217
4008.051667
4019.198399
4025.730302
4030.838200
4033.397906
4039.324878
4041.965817
4043.880640
4045.230643
4046.611657
4050.768139
4054.040646
4054.958708
4055.600107
4057.847768
4061.771196
4062.798251
4068.205826
4072.457592
4075.998881
4080.944155
4085.983590
4087.210534
4090.405066
4096.580841
4102.027129
4107.356516
4109.360088
4114.810623
4117.991573
4119.931266
4120.380820
4121.459591
4123.718980
4125.155406
4127.812132
4129.195078
4131.188779
4133.697307
4135.768448
4139.195114
4140.392233
4142.004713
4142.366761
4148.935501
4149.147707
4150.232218
4152.561642
4156.962643
4161.510220
4162.726821
4165.121136
4174.230461
4175.921099
4178.133585
4180.461560
4183.711790
4192.557193
4194.702404
4197.834130
4200.672644
4201.892902
4203.894089
4204.830009
4206.924183
4210.325386
4214.769163
4217.878372
4221.578233
4227.118028
4229.761937
4230.917770
4234.598709
4241.687245
4244.320891
4252.021406
4255.189335
4258.325691
4262.083804
4267.535894
4269.270728
4273.433976
4275.378730
4277.515386
4288.106332
4290.356162
4295.728428
4298.737736
4307.053748
4315.948739
4319.563790
4325.008737
4329.428357
4330.315474
4333.266465
4335.677169
4341.077292
4343.205131
4346.019221
4349.468146
4350.984408
4353.797239
4356.436164
4361.522364
4363.235406
4367.502822
4367.755038
4368.505606
4374.086097
4375.638591
4378.642250
4380.383056
4383.113482
4383.626975
4387.795274
4388.254401
4389.057389
4394.126783
4396.820103
4397.708103
4401.485723
4405.878180
4410.901748
4411.896133
4417.798895
4419.268677
4421.821885
4422.566130
4423.732143
4428.390280
4434.154101
4435.931740
4438.383276
4445.548563
4449.096280
4453.375598
4455.444674
4457.581070
4463.803583
4464.660753
4466.030737
4469.358113
4473.267307
4474.865958
4478.753201
4481.935718
4485.301560
4489.252733
4491.393781
4494.110657
4495.492032
4496.783251
4500.590439
4501.691983
4502.901904
4506.483485
4508.918798
4512.707210
4513.914373
4514.309144
4514.615287
4519.319223
4522.128841
4523.024240
4523.944837
4525.407462
4527.626398
4532.183076
4538.199798
4539.643406
4545.380351
4553.232984
4554.524258
4556.756588
4563.511413
4569.140347
4571.639992
4574.352665
4580.776611
4584.975935
4585.015096
4586.040265
4589.993190
4592.258018
4593.478905
4596.960188
4598.300474
4606.545281
4608.911611
4612.301381
4616.235172
4621.149781
4624.070018
4628.528266
4629.663202
4630.354238
4633.121103
4634.223686
4640.406050
4642.711799
4646.985073
4648.314066
4650.560816
4651.883294
4655.011013
4660.581355
4668.242064
4671.153714
4673.333767
4676.369905
4679.574787
4681.321048
4683.893225
4686.733412
4692.701455
4697.599082
4698.533614
4698.926040
4700.691456
4704.889503
4708.310885
4714.015755
4715.684345
4717.678746
4721.074483
4721.836669
4725.171035
4729.982249
4733.816211
4737.899518
4741.737603
4743.733307
4746.052414
4749.476083
4752.199400
4752.893156
4756.103579
4760.257128
4762.745702
4766.445572
4766.461888
4768.652347
4774.422579
4776.515990
4780.643914
4786.507843
4788.299584
4789.093925
4790.608797
4794.007828
4795.930958
4802.120260
4808.525746
4811.636736
4814.291390
4816.067949
4822.876692
4823.538620
4825.796633
4827.591508
4831.253788
4832.669866
4835.649521
4836.730712
4837.769975
4839.147457
4840.274819
4843.818560
4845.978046
4848.416106
4849.898431
4855.187725
4856.273686
4857.435143
4861.517018
4862.573246
4863.580952
4864.204333
4875.883713
4878.360463
4881.195047
4885.071123
4886.110310
4891.067591
4892.770540
4894.224058
4896.403425
4899.984443
4900.249306
4901.782090
4909.856728
4910.116257
4914.567129
4915.988882
4920.459069
4924.184039
4924.546541
4925.498066
4926.385754
4928.900968
4929.769488
4932.470908
4935.079103
4941.032990
4942.251666
4946.534039
4952.068184
4954.175845
4956.389367
4958.207943
4960.087858
4963.403236
4968.287724
4968.694495
4970.219084
4977.388528
4980.665703
4983.719888
4989.730604
4991.261294
4992.870694
4995.699885
4998.786273
5004.471176
5007.713187
5009.487995
5009.783490
5016.235999
5019.624872
5022.803510
5029.385198
5034.857987
5037.348729
5041.019902
5045.874276
5048.649267
5050.629462
5051.919971
5054.021081
5055.762062
5058.278596
5062.198964
5063.891479
5066.209792
5070.173331
5071.752843
5074.491638
5079.411093
5085.615195
5086.912522
5091.220342
5093.021578
5095.793822
5096.190228
5097.013856
5100.187777
5103.010296
5103.321708
5105.217781
5106.950231
5112.038287
5112.742289
5120.752634
5123.298788
5125.625687
5131.571548
5137.292781
5138.530508
5141.689501
5143.176716
5144.562617
5146.558348
5149.112939
5153.880463
5156.949091
5158.133338
5159.138677
5166.172261
5167.364693
5169.542445
5173.446024
5178.384816
5179.769917
5180.940845
5191.570380
5192.444679
5192.859182
5193.469406
5194.989800
5197.972630
5200.466668
5201.772782
5202.363189
5204.617204
5207.412915
5212.187973
5214.454727
5215.657578
5217.385350
5220.280866
5222.918487
5226.192308
5227.717762
5237.762916
5238.821576
5241.418845
5249.064923
5250.450474
5252.579673
5256.033734
5258.685024
5261.507806
5263.377261
5265.282521
5273.384525
5276.170426
5281.374161
5284.919341
5288.034061
5290.192708
5293.406953
5295.326380
5298.187911
5301.684424
5301.969298
5304.369654
5306.187985
5312.159114
5312.839917
5316.661649
5320.963291
5321.764846
5322.506692
5328.525762
5330.878560
5334.268336
5338.719371
5339.179622
5342.118537
5343.626256
5345.755787
5346.637203
5348.921044
5353.111144
5354.057758
5360.241949
5363.947753
5366.182343
5370.418874
5371.787230
5376.017317
5377.028297
5378.851855
5383.915335
5387.726481
5391.508631
5394.483344
5397.548582
5400.267555
5406.994665
5408.855920
5413.251673
5416.432466
5422.299037
5422.572822
5424.708350
5425.695466
5427.484283
5427.698002
5429.421145
5431.893481
5435.536119
5435.933613
5438.776967
5439.724888
5443.570253
5445.609056
5447.049860
5451.071862
5451.683432
5456.372278
5459.667029
5462.665542
5468.822344
5470.406996
5474.533610
5476.155178
5477.568992
5481.423979
5484.074608
5487.184781
5496.691177
5498.473783
5500.118808
5500.869722
5501.064853
5505.158252
5511.655286
5517.829970
5518.931385
5522.692639
5526.272175
5530.230633
5531.838226
5533.168651
5534.156812
5540.059692
5541.204979
5545.357882
5546.915605
5548.544164
5552.218612
5560.233974
5563.296581
5568.629718
5570.604151
5573.571790
5577.883591
5578.990483
5581.717239
5585.340123
5587.837350
5589.702101
5591.041247
5596.462127
5601.944661
5605.010723
5605.553013
5611.161070
5616.361722
5619.311765
5621.225372
5622.238710
5624.297927
5625.402961
5629.151791
5633.621276
5633.774862
5637.148740
5639.030269
5643.252971
5645.626271
5647.109398
5650.149591
5651.590691
5653.932345
5657.725635
5659.491791
5663.492533
5667.575502
5669.295563
5673.369467
5675.985846
5680.901176
5685.986013
5690.197340
5690.907500
5693.379698
5694.385315
5696.226176
5699.451363
5701.131610
5701.797605
5703.841625
5704.465281
5707.806129
5711.796011
5713.287967
5716.825937
5719.186749
5729.783018
5732.235565
5741.573394
5743.017981
5755.120225
5755.936495
5759.053467
5761.186417
5769.589831
5773.479764
5775.726785
5776.645833
5777.868848
5779.658312
5781.735349
5782.118676
5782.396437
5785.882072
5793.300819
5796.357089
5796.948084
5801.354146
5802.954185
5806.017194
5808.287163
5810.423370
5810.505610
5811.884942
5816.442687
5822.829771
5830.203193
5832.711020
5844.960878
5847.208828
5852.137692
5853.994293
5861.300418
5862.977698
5863.614389
5865.087236
5869.641370
5871.051771
5874.094257
5875.093428
5875.703388
5876.890147
5881.588230
5887.055281
5893.165750
5896.385885
5898.078236
5900.759839
5902.523519
5907.094410
5907.701378
5911.998139
5913.819448
5918.711096
5919.355925
5923.368379
5928.224761
5930.591673
5932.637146
5936.233522
5940.648260
5944.867899
5947.295185
5953.191416
5957.140198
5964.379546
5967.487400
5971.573414
5974.748683
5977.778418
5980.222929
5983.381725
5985.504138
5987.486423
5988.970785
5989.525089
5993.114877
5994.134285
5997.323847
5998.329414
6000.468215
6004.590295
6006.756106
6009.250619
6011.466064
6014.336551
6015.659726
6020.626925
6025.861464
6027.691900
6029.873904
6032.239184
6035.715362
6040.026927
6042.681748
6044.880949
6048.064826
6052.494159
6054.572258
6061.179842
6063.130919
6063.891508
6066.319217
6072.375886
6074.475476
6079.621967
6083.720512
6088.771009
6093.996835
6096.281723
6104.681206
6109.618687
6112.746466
6116.257583
6126.630267
6127.196657
6130.409932
6135.115158
6140.313720
6142.044862
6142.181339
6143.838142
6145.585225
6146.107824
6147.182020
6148.431099
6152.721936
6159.754725
6160.158834
6161.991203
6165.133433
6168.893766
6172.618282
6174.350013
6176.456081
6177.601598
6182.360757
6185.384855
6187.504032
6188.574505
6190.515960
6194.084175
6199.663858
6201.055416
6205.360018
6206.439539
6210.100895
6213.943453
6215.854519
6220.265443
6221.496367
6228.115231
6229.218300
6230.895184
6233.317922
6238.540040
6247.077273
6249.699588
6253.270232
6257.362425
6261.288392
6261.803060
6265.542028
6272.193528
6278.233339
6280.418694
6281.597806
6282.869311
6284.175610
6286.471723
6291.407251
6294.001758
6298.295108
6301.689863
6303.689959
6305.949607
6310.988508
6312.424856
6313.782875
6314.135990
6314.716515
6315.821926
6319.800867
6321.399145
6322.412138
6323.258319
6324.045627
6328.681039
6329.414588
6335.246952
6339.722510
6343.258724
6349.553454
6354.128733
6355.948362
6358.348952
6359.727598
6363.762141
6365.947070
6367.712627
6368.955929
6373.341141
6377.580565
6379.099330
6383.688879
6388.012931
6389.894758
6392.385285
6393.785227
6396.500385
6398.235268
6401.180594
6410.254524
6415.811255
6417.488871
6418.715893
6421.526744
6425.814062
6428.206971
6431.645049
6433.801920
6442.364726
6443.938810
6444.696118
6447.096227
6449.229484
6454.954775
6460.665768
6461.468813
6464.314976
6466.559699
6466.962397
6468.351296
6470.171368
6472.139981
6475.516389
6481.083306
6481.326038
6485.099482
6487.606634
6490.344386
6495.971996
6498.559215
6499.287844
6505.526950
6508.914655
6512.403485
6514.140447
6515.204533
6515.858323
6524.881735
6530.790673
6533.242649
6534.230526
6535.752512
6538.602278
6540.636805
6543.150820
6544.190924
6545.227773
6550.692095
6555.502028
6556.836726
6558.335348
6562.803637
6563.089338
6565.480062
6566.787026
6569.355071
6571.786501
6573.008357
6575.509982
6579.772127
6581.309618
6585.074053
6589.179947
6599.356956
6601.804416
6605.158982
6610.547934
6615.644136
6618.227618
6624.013999
6625.294853
6629.273559
6633.227544
6639.066965
6639.340879
6643.252427
6647.295859
6649.984591
6651.900087
6655.095057
6657.778738
6661.257372
6663.748693
6665.542824
6668.116064
6671.500968
6681.386542
6682.902913
6685.159286
6692.527038
6695.585422
6699.584302
6709.616135
6710.966733
6712.545958
6714.549548
6715.895742
6718.094108
6724.347293
6728.585057
6730.706131
6733.868048
6736.951205
6739.458747
6744.349793
6749.391585
6754.266509
6758.353767
6761.757813
6764.614812
6766.331216
6768.968216
6771.580553
6773.119940
6773.417941
6776.778536
6779.709231
6780.558562
6782.422769
6786.556255
6789.972400
6794.941066
6799.364565
6800.641747
6801.495636
6803.243146
6804.432985
6805.596361
6809.361121
6812.578412
6815.613566
6817.537722
6818.126566
6824.567735
6826.423447
6829.127028
6832.591677
6837.602344
6840.258880
6841.936579
6842.477019
6844.235830
6847.539096
6850.494677
6855.305441
6856.486411
6859.126484
6860.460371
6871.572590
6875.516473
6882.228050
6884.620747
6889.304961
6894.141597
6896.626156
6898.763927
6899.567288
6900.065456
6903.111080
6906.217229
6911.140829
6911.289583
6914.216154
6914.879582
6921.506840
6928.207500
6930.507157
6931.570089
6934.177320
6937.724836
6942.392267
6947.080361
6953.295623
6957.443135
6960.332585
6961.713277
6965.888422
6967.957774
6973.548082
6974.039274
6977.392219
6977.883337
6981.380525
6982.366511
6982.958868
6986.134637
6987.573204
6989.008661
6991.938274
6993.626861
6997.521579
6999.546911
7000.075827
7003.536325
7004.621205
7011.724984
7013.726905
7018.212730
7018.922540
7020.037148
7022.636221
7025.567718
7026.915082
7029.622454
7035.153347
7043.501708
7050.957249
7051.410410
7053.800037
7055.008034
7056.147353
7056.539175
7061.160422
7065.348113
7066.770444
7068.261118
7070.174839
7074.049362
7076.807960
7079.443556
7083.907843
7086.452664
7090.570943
7093.295362
7094.858966
7095.491048
7098.299948
7098.633408
7102.176809
7102.423376
7104.243628
7108.705278
7112.484984
7113.530811
7114.583753
7115.745021
7120.500770
7120.813264
7122.931166
7124.054389
7129.684723
7131.537180
7135.999090
7138.339347
7140.344435
7141.224217
7142.976939
7148.380159
7150.250362
7152.457301
7154.706724
7159.288731
7164.671140
7167.981683
7171.272541
7174.381550
7180.933732
7182.725852
7183.154017
7185.746188
7189.635566
7193.327699
7197.092449
7201.709098
7203.859081
7208.615277
7210.572438
7211.829242
7215.176700
7223.524553
7230.870135
7234.287987
7239.509306
7242.250799
7247.770283
7249.594379
7250.720269
7255.401473
7260.415810
7261.421514
7272.217874
7274.966057
7276.971301
7280.465662
7282.027573
7284.047282
7287.954649
7288.822595
7296.189143
7299.276095
7302.326054
7302.484645
7304.778707
7305.648357
7309.079440
7313.340987
7316.791964
7318.554423
7321.791203
7325.430593
7329.826853
7334.610879
7336.340291
7341.720476
7348.382593
7350.877311
7352.355986
7354.155793
7359.125610
7364.470293
7368.294256
7368.558289
7371.954844
7373.559338
7373.933634
7379.564854
7383.755313
7388.225681
7391.637337
7394.922445
7400.651290
7404.278344
7407.221674
7409.054068
7411.358013
7412.752521
7413.241524
7415.104680
7424.466704
7426.071847
7428.940131
7432.445945
7433.338107
7435.332814
7435.773700
7439.564514
7442.298547
7443.304770
7447.521501
7450.879746
7457.903363
7460.308456
7460.736028
7467.136948
7468.317800
7474.431829
7476.465273
7480.779139
7483.073627
7485.912675
7490.189915
7490.337720
7491.927238
7492.692479
7501.522805
7502.349163
7503.439939
7505.875486
7507.600316
7508.990546
7512.232315
7513.624203
7519.168215
7520.319652
7521.598929
7523.538988
7523.763057
7529.293615
7531.799738
7542.067365
7548.028661
7552.150544
7553.058092
7554.574874
7556.327550
7558.637906
7559.828477
7560.956999
7565.562740
7573.955675
7580.919802
7584.123280
7587.099850
7589.962997
7593.637517
7594.461308
7596.388036
7598.843889
7602.473549
7603.925235
7604.668402
7607.727511
7609.202992
7609.706700
7615.189347
7621.582694
7626.788634
7631.014718
7631.854961
7639.198680
7642.359037
7643.501391
7648.644242
7652.228157
7655.470837
7659.158373
7661.405081
7662.416540
7665.260875
7670.959604
7679.655589
7682.446657
7688.660163
7691.311544
7694.596566
7698.647231
7705.939561
7708.213906
7710.578887
7712.894056
7716.936511
7721.877755
7725.693464
7727.976793
7730.335766
7731.500666
7732.615478
7734.078137
7735.740847
7737.584729
7738.269713
7742.136176
7745.863735
7749.813376
7752.533767
7754.542499
7759.069137
7760.001707
7764.319748
7766.512759
7768.881140
7770.658536
7776.484226
7783.740698
7785.886510
7789.121252
7790.742525
7796.689000
7796.927505
7801.098995
7803.144182
7810.096772
7813.768102
7817.403274
7820.301737
7824.609353
7826.880561
7827.500929
7829.936982
7831.189649
7839.526548
7840.159093
7842.630535
7842.727125
7847.694515
7849.352175
7850.525705
7854.230282
7863.030165
7864.140439
7868.730883
7873.662928
7874.238223
7877.998530
7880.368588
7881.859240
7885.667595
7888.988980
7892.760315
7895.154581
7897.328463
7899.457507
7902.927525
7906.735348
7910.948014
7913.693259
7914.199787
7916.690272
7917.363358
7918.956035
7920.861325
7922.055901
7924.799966
7927.984522
7931.936840
7933.524556
7936.466459
7939.045945
7943.962982
7946.953738
7952.339512
7955.471808
7958.313872
7961.036952
7963.712999
7964.688928
7968.060094
7969.078479
7969.924556
7971.436479
7973.049235
7973.974066
7977.335558
7978.162819
7979.515332
7983.546586
7984.624284
7985.397097
7989.302939
7989.741866
7990.361473
7991.345329
7994.230576
7998.465661
7998.964984
7999.790861
8002.698274
8006.657314
8009.198025
8011.952930
8014.275390
8017.682177
8020.555817
8023.065358
8024.062710
8025.743575
8028.888435
8030.293668
8034.644238
8035.963516
8037.193247
8037.378216
8039.521268
8040.554827
8047.507138
8052.015653
8053.701006
8056.202365
8058.664197
8061.380919
8063.925668
8067.632312
8071.146888
8073.151616
8074.088389
8076.382376
8077.355380
8080.902095
8083.915906
8085.601092
8086.933915
8092.019923
8093.217104
8095.994346
8096.622366
8100.192174
8100.449008
8104.964232
8109.792410
8112.218620
8114.381739
8115.712423
8117.335761
8121.810352
8122.735949
8123.553168
8129.043536
8136.924507
8139.159064
8139.940589
8145.209370
8146.516800
8148.614226
8150.547884
8155.109150
8160.126232
8160.663139
8161.104367
8162.260525
8163.484545
8166.146752
8168.695611
8174.180828
8180.157662
8186.783158
8188.501944
8192.272146
8197.573194
8198.347921
8200.037563
8202.180232
8202.530567
8205.070865
8207.343805
8210.290411
8213.025945
8217.931495
8221.011927
8222.930113
8229.245955
8231.236376
8233.808445
8233.904303
8236.027612
8240.790091
8245.411248
8246.949259
8250.113282
8252.846306
8254.873071
8258.850544
8260.994863
8263.784267
8265.553523
8267.946858
8269.363901
8270.790447
8275.431890
8278.847976
8281.491564
8284.127692
8287.480323
8293.022655
8296.147054
8300.132733
8303.469682
8304.800840
8307.806173
8309.880404
8312.669732
8317.056975
8324.286909
8326.830530
8332.199515
8334.357801
8335.876721
8337.118584
8339.850272
8340.333373
8341.322665
8344.375312
8346.831636
8348.211990
8350.448597
8351.706288
8354.177498
8356.011903
8359.529031
8360.524087
8362.965804
8365.299449
8366.883918
8369.308452
8369.635639
8370.815895
8380.199124
8386.393643
8388.064849
8392.108927
8393.236016
8395.674521
8398.690195
8400.755738
8405.812047
8407.861557
8410.149285
8411.178756
8412.802151
8418.059248
8420.679109
8423.406452
8425.664428
8430.538508
8433.121541
8435.409183
8439.503885
8445.007523
8445.393264
8448.884366
8449.880631
8451.548112
8451.969032
8454.220398
8455.183187
8458.202951
8460.522005
8466.742063
8468.009048
8472.521674
8473.863955
8475.009748
8481.060207
8483.370553
8488.576851
8490.402398
8494.385347
8495.182872
8497.198026
8502.274093
8505.347474
8507.454950
8509.181027
8513.677168
8520.587804
8520.853885
8524.644427
8526.586432
8528.191602
8529.429272
8532.695597
8538.855464
8541.491077
8543.542524
8545.963729
8547.733149
8549.226272
8550.616964
8552.329400
8557.331385
8559.330002
8566.793898
8573.714374
8574.954574
8576.562760
8577.237432
8582.168154
8590.036092
8593.995200
8598.395195
8599.920821
8601.734453
8603.561466
8604.826421
8607.264283
8610.412072
8614.051625
8614.408898
8620.146237
8625.499236
8629.633649
8633.551970
8639.596282
8643.409762
8650.751399
8653.429331
8654.733526
8656.536039
8657.749764
8662.112197
8663.879186
8665.544322
8668.881732
8673.180717
8676.001601
8676.533270
8678.157290
8681.376710
8684.560778
8689.135811
8694.089465
8698.378732
8704.487957
8706.414323
8712.169742
8712.724712
8715.019340
8725.938348
8727.555424
8728.108243
8731.100056
8731.600243
8732.287900
8733.765730
8737.981867
8748.043327
8748.772641
8752.390863
8755.554413
8757.306729
8760.868608
8764.025986
8765.399103
8771.652828
8773.078802
8774.611992
8779.357515
8788.325397
8792.481591
8797.182910
8798.717710
8801.791441
8805.475326
8815.600407
8818.409741
8819.929211
8823.211753
8824.264049
8826.646657
8829.873656
8831.200750
8832.903022
8836.967068
8839.438244
8839.953309
8842.394809
8843.805457
8845.043977
8846.968236
8848.737775
8851.593789
8852.552267
8856.772029
8858.363627
8861.026828
8866.353744
8869.672690
8870.167588
8875.525034
8876.822865
8877.393111
8880.508960
8882.695809
8883.881985
8885.028386
8887.438095
8888.514166
8890.602398
8893.065527
8894.698489
8894.797144
8896.243267
8898.578059
8898.905595
8905.542180
8909.510296
8914.340589
8915.381128
8916.982275
8921.567449
8925.570917
8932.869254
8934.344828
8935.932786
8938.593545
8941.248266
8943.588718
8950.025993
8950.361003
8954.526381
8955.842955
8960.579794
8965.273407
8968.039052
8969.850703
8972.487820
8975.254402
8977.103138
8978.987080
8984.134849
8985.976025
8990.539189
8995.142600
8999.248138
9001.632347
9007.485399
9008.812058
9013.896158
9015.527989
9015.910621
9018.842417
9022.916990
9026.225527
9026.833784
9027.659923
9029.403681
9037.080232
9048.128258
9051.095091
9051.738565
9056.670659
9057.973954
9058.820555
9060.122383
9064.547427
9069.189628
9069.644969
9071.525162
9076.806884
9079.079236
9083.808009
9085.262576
9088.035142
9092.261613
9094.862912
9096.255517
9097.343909
9097.994087
9099.437882
9100.490918
9100.699965
9103.707193
9103.920652
9106.118810
9107.168501
9115.429709
9119.021069
9123.437406
9126.698553
9132.404957
9134.335796
9139.411694
9140.765136
9144.920481
9146.708494
9148.283969
9153.871991
9157.550361
9158.308908
9160.914348
9163.328145
9168.600923
9171.261039
9174.448923
9175.965211
9184.206020
9187.961335
9188.678931
9196.944290
9198.443374
9200.118648
9202.589642
9206.002995
9209.341326
9213.373206
9218.163123
9221.810737
9224.484362
9227.326194
9231.419257
9232.001089
9235.214058
9242.095938
9242.883970
9243.374321
9246.480988
9247.904324
9250.446146
9253.448569
9255.063566
9258.187917
9262.458427
9265.999448
9275.864681
9278.820172
9280.566595
9282.409772
9283.867497
9284.222780
9286.394475
9288.541106
9289.286257
9290.335092
9292.889298
9294.338419
9299.125020
9300.682474
9301.512736
9302.888522
9303.614114
9308.323501
9310.597487
9312.704990
9316.703177
9319.461876
9321.200969
9324.611364
9325.824674
9328.535335
9329.326315
9334.285784
9336.327337
9338.388114
9341.483445
9343.183333
9344.357112
9352.364757
9354.912729
9356.999421
9359.211696
9370.702654
9371.009949
9374.773587
9377.333125
9381.846227
9384.840730
9387.708413
9389.119929
9391.451359
9395.302281
9401.011195
9405.050761
9407.765229
9409.845305
9410.608113
9411.528107
9413.691070
9414.424718
9416.817545
9420.639053
9421.105483
9426.057548
9430.488432
9436.137595
9439.225533
9439.951288
9445.259079
9448.170246
9449.780540
9454.979587
9456.344247
9457.043052
9459.281504
9463.216203
9465.849490
9467.012043
9471.629986
9473.524261
9477.973044
9480.895320
9484.199836
9485.941669
9488.529552
9493.348889
9495.849605
9499.374931
9503.805505
9504.253245
9506.450516
9507.566349
9508.441161
9509.262118
9510.924446
9511.009164
9513.124442
9523.950908
9529.336655
9533.695151
9536.483696
9538.894475
9544.984127
9547.281423
9551.194569
9551.752208
9563.405371
9566.378776
9570.146107
9574.100202
9575.420862
9581.112215
9581.815300
9583.267200
9584.708125
9586.584583
9589.526077
9591.313843
9595.953156
9598.506565
9602.749850
9603.289404
9605.534703
9607.575479
9610.209111
9612.447225
9614.039933
9617.839968
9619.722261
9621.808621
9622.743104
9630.074970
9631.586754
9637.909531
9640.018137
9642.711829
9644.611055
9647.247865
9649.796162
9652.298045
9656.398020
9657.419685
9663.385700
9666.570701
9671.597013
9673.877581
9677.052120
9682.526140
9683.694033
9690.099675
9698.148552
9699.591982
9705.249427
9706.232943
9707.466474
9709.759813
9713.569291
9715.434711
9716.668387
9726.327390
9729.200336
9730.620007
9731.381774
9732.657551
9734.650804
9742.612776
9747.047481
9750.891054
9753.140479
9757.097857
9760.904853
9762.017533
9766.095373
9772.576384
9773.381946
9778.196312
9779.373050
9783.446689
9784.344915
9786.303059
9789.788918
9794.970858
9800.199556
9805.542322
9811.184098
9813.911174
9816.197431
9816.876626
9821.857884
9825.611155
9828.839639
9829.086469
9830.766337
9837.304762
9838.775215
9840.757208
9843.150064
9843.933102
9846.168547
9850.316462
9850.730913
9854.456998
9855.986379
9861.788271
9867.476190
9868.316731
9873.615045
9875.505185
9879.830785
9880.890526
9884.667274
9888.058312
9889.776254
9894.027834
9895.798339
9897.971071
9902.387755
9905.029126
9907.779988
9908.245771
9914.561644
9919.189038
9923.391935
9927.362403
9932.751534
9936.862530
9937.279878
9939.136330
9940.444440
9941.293882
9941.693083
9942.425095
9948.277208
9952.316134
9954.243198
9957.008009
9960.806471
9961.431980
9962.041462
9963.317611
9969.387232
9972.355089
9977.908137
9979.510715
9981.006286
9985.423059
9987.725031
9992.065434
9995.400541
9998.041842
