40.354916041631114
6416.3265782639
8.841297026602064
9145.587359976984
5875.129143068047
5.332904458188635
944.3242506702848
1.5936700361928158
282.3576234834827
7.519280058935127
2.541292636497311
0.991688367869811
815.4871052200843
594.916590199436
8160.7756468102225
8823.704107203323
749.0488037484467
118.40959684745123
9370.74259695445
4824.88715423987
0.25756920481426915
6346.159441682947
463.2166655395895
9095.387286665917
6634.681317378572
6452.624113694342
8.400988513385032
1036.42405695471
5530.34810879205
98.20466803191407
6.792873505549856
0.766099790889836
7403.026812135036
56.34754069858574
92.983570278391
39.59037558287519
147.38385080665785
51.59822074443543
0.4237799121663457
573.7619981574012
7603.930849870352
113.3881868637272
87.64832636833032
973.6739696163415
7561.487073357127
5.605450203365746
7917.148386897154
0.6368598908998762
2.953276430448742
587.974910138204
757.6192143720191
791.0205506382214
7450.971270727888
49.55326182635711
5.533653060533092
60.84708194066959
4408.54577534901
0.6806865869046628
0.6343200382890531
7.704358968209329
7060.746461401312
75.42758568590703
7.794805177064152
0.8897716350426353
4.649517714908754
7989.669974984955
0.25711999214152237
9.322506359132896
667.7844346480009
8552.963486165163
52.75905974863877
0.8200965710447162
4.440271722204122
42.06715913186626
9352.38073307985
919.2985099519585
0.512749323771638
48.91691602738878
335.81492226552933
6.541345033219822
1155.7997274841648
12.519166358699628
67.4900813200161
4689.472949131995
50.598170246198016
5.700695211334253
3.1609108314060705
315.28534434165766
0.4642728284406956
0.9709135710738932
5.764065687433001
0.26672581995787936
12.141942086440306
7.402011606918157
97.08339804149915
0.3296567821983103
964.9243928049623
0.9664807017744819
8740.778804162655
65.99294592642607
0.8187073795134551
19.570120459724695
14.581958432332232
0.08173667885713609
0.5938085632192306
563.6653841349931
780.3797439584137
8.652777883418064
4.053745396029407
0.8565942690132688
959.2647376938176
9.81205095550499
0.2172787177147395
58.850431287165286
4701.591408159931
18.42513258949826
6.412011862175834
2.5542796130302934
584.3311896616592
0.4344979588809913
64.57447031161539
2.3349870620516855
17.753831032394274
2606.0094815972134
86.44637664765315
51.961292757325026
0.9314630221812138
567.6444459324124
1.369049439618415
27.855521526252346
7131.225276491008
67.09353161217771
3336.426026335787
0.6990746784393541
5.358085123811037
501.80080400209073
2538.367032743993
0.29552683920281997
2.5101639747562188
0.14049738045542282
0.8339788604348836
9673.60291650083
17.398820076291187
0.26245755837711604
320.8201689396255
0.959352081496376
0.05729052697885639
66.28671264875533
0.04880760448768051
675.2784841012259
8706.617783104135
3427.2025275672004
73.01135301341141
66.8302697459596
5265.635185648118
5142.862366326181
0.42931771746086245
8.870959652867827
8.730204591587492
9153.260590020873
1083.6678753968677
621.1755879466444
0.9332743524527807
6.7274014322712725
42.721426190135816
2380.623187814683
6961.503755062497
0.5608893090724625
124.21809135692197
180.61521565608808
49.22758643131275
0.8654456729666754
2800.6590681721686
2659.2544627628845
378.2471419758073
341.61616784815783
991.109849392339
545.8628808002228
4618.803397576338
9.273077675378902
318.4242959494824
0.7618651159389404
438.7649627441237
4587.964886131937
93.82725091304373
5.096974777501857
78.67996270738114
0.1974099135306251
90.22860296216338
5942.252752759718
0.21142146440713439
48.9420558216882
7951.327191516536
755.6089339374395
2.505894696709241
614.5657086234621
715.7966150627188
857.4881839336381
9077.540501173904
608.3301367116387
0.36723520507106566
52.414707150612195
7600.771109160534
909.9445353542767
31.40795685428509
0.8866439900559238
6771.878128838555
1586.3708916579044
312.5222424761757
36.14402864120543
105.04221815332949
0.6087457613341656
5098.57696981112
326.1849908634369
12.710775821340391
77.50024887964474
4.112815267511422
75.5801520620303
81.0168941015892
0.845660026778672
0.36899777887577034
36.320124758935776
998.8011225025862
43.46551046751907
241.1168629640269
81.26608519546055
5.3598650166621455
36.02615314920333
1.5575143316883855
488.03000908369773
642.1938561990703
22.164025560792886
0.07653799968119523
2.3035400058019517
1956.560868643107
619.6613452006385
51.27500887681278
9893.345246093706
5.073557141255902
3869.835326171087
3.2791350783992854
39.01075804671191
0.969456856385611
69.61145259363387
350.94512596577454
81.8455023099591
0.8069599524057285
591.1956068517587
570.454019315712
10.46327951348962
45.05705552635967
0.8199012092805796
9.965518091264261
7.38019924279819
51.16766638947134
7.176748175820422
25.561437659331876
4326.752145847576
7790.330881741466
692.2064193907788
0.28621848252291593
26.010196826949674
19.221358148263057
0.15313852085655388
0.6885092543630724
5250.399381386636
0.973739377830135
0.9213666163266996
0.8363367787630014
396.7165285623527
1441.6235408121136
3342.335741404029
18.8564534457753
57.64824946321349
687.8456889779017
7102.205022014588
320.4245566968207
67.05415521533325
25.949727592767445
46.27168919056057
0.6991506729478386
26.244398431144955
1.9542511211911429
749.5636255922731
0.5020778418565379
5723.893511725905
43.15924848471764
21.814461071447123
3326.160413814674
435.00872851754167
638.8632634096631
65.30073416170139
7732.918031199601
3889.9326147651736
9440.71857941951
1.003046836197241
0.7720046461203551
52.84875141053147
29.057073454758775
1988.621746724778
728.3934839244562
98.2878640029892
0.22717900469391317
0.7950177362765478
0.5945047276237428
717.157991812882
56.36636444629536
52.605019251345134
0.20264647630727284
0.5252744919655007
4.81538893666801
8.99287152115248
7.85649455458667
878.6224724078598
5569.8594499927885
1177.2988102788318
5056.812000029356
3698.6155075550687
75.95314343207077
0.9819775876725333
942.4085860936436
7.232069002846204
0.05831299280436464
317.32093385218127
0.9139986462322969
96.69775159803673
7873.093487064292
0.9571559420345791
33.3823543069194
891.008105835581
3773.695753317463
6.626253362006556
5.689199852510654
71.75379095386913
5.699809551286109
5866.30608462213
73.25924990627058
9943.496943121145
0.5143978025658262
16.467183362877414
67.48288628057341
3.371152833439792
1251.0487756414768
2143.0826322913886
5.867265701458178
151.54106172426785
5138.4716684300765
8.504199925360702
763.5787817333998
84.5367105461601
8.204378643741652
47.1828089004718
3.925253515207754
77.79218191397285
0.44863243815738707
0.36463998197702296
9.579342670589519
60.18009428855259
8.038480692702624
626.7199866175105
1.8091140447711285
239.1270546261134
44.4393556184278
187.60800166684277
0.42264359531750917
7.702242341080545
0.7253315124754767
9.815754683115156
0.320612913421072
130.2467881730618
0.12177353569532257
3531.106696219114
3.8032386124223083
0.05577474954529926
50.34560067883284
110.21974855147675
8301.687217223878
3.695673055114269
97.97546641134879
0.7564311144747272
5.438365367422048
274.10758253027734
1909.004835207897
788.6491908443506
48.90492335729428
8464.173167047795
14.588034229871926
496.3299727327981
3676.2333751623023
0.00580746913842245
62.66618349338682
0.11507677927153326
0.7854755985394181
9320.162167186738
0.04796590370442666
0.4851216062071906
0.1648411527617124
5.367860964592131
47.998248874169015
0.08401555080237122
33.30925963273552
30.409618229601787
5.724574779224742
834.9142431794993
54.48554723066238
797.8534485680435
1391.5098937448522
0.4034097841825417
34.37003434441436
205.85115281820842
0.48031598744736836
0.7042099383007563
69.03779306234797
0.7684216890776311
1646.6884941568317
3908.669363852131
646.9850251687599
89.24923652423841
542.7299006335883
234.82647392928135
6557.182972417256
8.418953089987268
94.2492748086175
546.7955153190561
8364.881512200822
62.51248052593178
383.92889653944206
123.64657157291303
0.9124414075289482
9.502965768593226
9978.069189726924
70.12631072384302
52.78810715475546
0.23177893108435932
1438.8622375974492
9.603015803552658
5416.071872510606
438.1387515695485
4.377786170271413
0.03780152473557763
0.23253162253503668
3585.5161329456196
0.12993455993353276
82.57627352275809
359.3572981733313
179.40138491125657
5937.781540777089
2678.6558270554415
2.5129411396558443
0.03552762353534189
1.0117987420633445
0.26069462997438464
9.326400793304611
0.5472728944420693
9.726796390676396
0.27529383730444557
1.6678954634556098
80.90478496899706
9.402956521809656
0.7072984141097864
69.14047745417142
29.775936544834536
29.947953939598936
0.7823653052376971
45.90034109063138
13.26737047898574
99.10877862615916
12.276872508588887
99.60024113846245
70.82109405615921
0.5540781756097773
0.9482760982261543
744.161474662716
0.9584946476000185
1450.6265859743305
8.233847379230072
861.9550727570173
2.339401306553779
7.341950564149533
1737.2721129576107
377.18120164990063
4142.073730310519
89.03001829067259
1.9577500725549235
0.5872749103810286
0.44085448207091504
11.236147010877751
0.5400886581594453
1.1129355015243125
2823.367002453464
3575.263699178742
23.20100283473183
28.498350706542585
59.8778006960487
7.997586511905724
0.5372127854437933
4527.090296298807
116.78306497947544
1.6613676851979786
767.727826058548
341.9790424960356
110.97793578298376
2.142856048253461
760.1999733309086
15.715886454794425
0.07498249389762268
8.612369906801323
223.63920398788127
354.5724260204326
896.8086780490138
1521.5433062694683
0.5164135860548685
4.868718515693221
38.12156247195328
2193.1748115834603
9.703270187444124
417.2424557423282
8.434096100789983
97.28048304510446
943.5099338073036
73.79943722900146
0.2517264688607853
0.4692456465185112
1.1720581727111268
0.5342616835511699
4102.092339140665
4.345294275246607
6.069169430676331
674.5723574667082
3516.0947916335326
83.77164282937255
0.19729010065054675
9.362898856711965
735.8884588703218
188.79196946658004
4325.892576472895
691.2213667273747
0.4021519268203749
747.8202635197107
5761.009572056415
0.9032526465700039
8.863160497274361
39.09442400280811
0.8425725199352756
427.78377413326217
38.959041649615386
5702.956769558113
6.687870749790821
9264.343866688867
857.7969530218699
0.39810081525269103
4.532374572668977
97.53213623640077
9.873556593450209
300.7093099595418
5.951536410442559
8.413631709117515
374.8256925019088
22.7128051944544
329.65776499185364
0.22061891229541397
115.11434170088842
640.0546215074731
40.9569604826694
5778.489979826483
8.985104196060052
5.09304032504589
57.27420460448144
0.28583432943581555
37.5347054220446
41.13314176646836
3.116928005776247
1.891104360186342
275.27578276606357
0.7526213246758413
170.17526436494455
90.8222110637897
8.539388233816203
1.2824855783964895
4746.926487144118
453.5775055535085
6328.903919417635
7.232195986422417
0.9874817473613384
2.685953169166523
321.46887721441254
906.375736405315
1.4295844463909135
42.15106654517184
7.318562386365763
0.6636742914128348
7.523196076862465
2.560542182410189
61.3816648031287
4.65916280614699
0.8842269733670944
0.8755737548851275
0.6612135483488013
24.91736111225832
89.30019416013799
0.5359102094852526
7.315112472109294
230.48523727104865
8825.89923249208
320.1025243039564
4.037052164866362
694.9348511682347
0.07460090802009556
41.7091857205611
997.2560109472483
474.6619807636288
7351.960014620223
54.572212359312545
666.204680363216
443.33908092243144
48.68583365486687
950.3502562332081
8.39957328900453
8.638605072642125
2.3322310206484484
2490.3321655511045
0.5880582658294954
18.28126860515712
0.15354972457113958
0.06336448191604183
46.035981503289825
0.17496588568342253
7.34227442721525
160.36759389667088
1567.894445207012
9305.91962086684
782.9230064793919
0.5289224293494231
0.27012383042296395
455.778900797422
3341.782963261474
5064.391571456354
0.12808827027513192
64.43150734757785
884.1212337224924
96.97434490614816
113.05067459801322
526.0891798052385
63.70691849132453
8350.450541943657
0.20734773614613167
0.811282389595657
6.813411717717681
0.5291555760480321
28.542135575984783
22.18369320549184
5.047338724671798
401.16180396235677
9953.255042188692
0.9294331331335284
6052.004279191152
456.5918131422678
493.4821607879478
0.41791136717878974
651.2623234666894
0.4057818783999071
6.802751810793249
80.2776908216546
1.2828742012184602
817.2125619873232
983.9182605633547
0.8598433175174279
3133.436958611172
5.100554682485779
38.68008036507121
25.82719106253505
0.6100719871852636
1163.4729985134218
85.51217138497212
5.81917146395392
5694.658258806328
6748.307396642229
2239.027922909915
268.4620190029182
288.86422150763315
7281.972711373143
7502.737477200159
95.32477043598385
47.42547989337796
4017.2666581482863
0.6569417503481833
0.08071675427574665
343.5226756702517
11.675596625471574
0.3416398441298739
54.369164526712034
380.04461457635006
0.7529379388660277
853.8344954339847
4.4471729075845285
2208.904882083286
45.33651887952649
9.406010935198516
86.51157898490793
53.19113571232765
2.790468514582849
2112.08260002124
3.942686815804781
8139.884031495093
108.74582751134731
812.869630764982
41.58683122918239
5948.588375969559
454.00916411368377
9854.939911454338
2281.215275709991
48.551702162099076
447.22129797214336
66.6584402727622
651.7935867628792
0.459290319985036
0.23129068536300645
4627.743296056824
3.7522263759694585
6.1587813860909435
0.06470321872140727
0.1963991212938776
0.9905374545965733
0.06775109582563554
0.5188986207269282
4.223160215895075
1.2080230770693157
0.7870052995971163
104.24215683130467
0.6302307884915781
1.0112317030889062
751.332787216008
0.5083590107223909
892.4912849894872
0.8008136298317502
2640.496168090364
88.42312249095416
923.2046030129754
44.04009873429457
9836.74329802342
0.8746548286792861
91.92438575776082
547.1475106501671
0.6732524740057921
5336.837636544169
5.368330331957042
560.92585419799
3.690710991301308
824.3509778290716
7.739057771510068
62.79995014459756
0.6350469435176734
41.023788106766204
0.0032195630823372845
4.342161027342669
486.56040863830816
204.3686388009559
470.985285310389
47.955044381919485
8.445753132803826
20.75869655579783
9.661896124762542
80.41390988420386
9.79423479861206
7.6264523236499535
0.5524455659528986
75.46468804135588
2.8501188426372237
9.025886287800118
559.9573575332266
0.7066292259997098
1.3037594783600848
9.637623141882557
92.84020077100364
97.03414927105354
8.577740763480604
37.95284111306058
0.20443784664097664
1.9512661433628264
17.034413770466927
1.7017347277936667
3.470019561571591
464.647732353079
6569.05544321206
0.28872679772253595
227.81532395297532
190.7708410662312
96.52291645033004
563.2932031347603
29.62475457400093
122.34278874274752
68.4817979571457
7725.451291382021
1779.326825632711
5.630526509724674
7598.8438894285555
8599.666550573962
342.2968306047611
2474.8709429811965
0.5869239062883197
18.561142071677693
1.9200914912966327
85.13447595339296
0.4697570084211933
4.780160958906665
785.6577911523646
279.9678404996951
5061.437534292517
0.7104124809212728
840.1693114906028
0.23574242330446205
64.36536576999013
3335.2172414515403
0.3978564357050658
0.5105432826210617
4101.623759132228
1.9460666221890544
98.61303096351526
0.3789466965201933
76.90668725544604
655.8674850560847
5.282772452497319
0.15975136119946198
2387.4455238965543
726.5447531291087
58.00686835462447
2748.8096050170475
6.690631793210792
728.1367865261308
0.6457881376657012
5831.7329141295195
14.81962683287339
7173.1490045539795
0.032240098863271616
99.54703003493366
8.574593270141584
0.31304142810942515
14.292232625533252
5.361348280885832
4.391252052426537
0.24412402410011158
2696.0382413982065
0.9300594851769544
88.61274225407543
28.789202390532264
4393.029018714973
5589.79879615359
95.5638984418848
89.45919808888459
50.600637445433925
3634.193183689536
9015.764451828845
617.6394270623737
0.598213593063971
4.589831815218487
133.9572103591842
0.38010394149851523
0.08997530149615318
0.9093619128548944
0.17909070777993052
6369.8447609059285
403.67638526543357
8783.389371032781
8.882852786075242
6.846411836233789
306.2168644234948
82.65378580494522
6142.051249241716
97.22641406715773
0.2908876412988972
0.2333307961279425
0.5480439164666004
636.7186293778637
339.36231041441835
0.3704616712708081
0.22438699541635032
80.14076089532966
914.6928124478453
5263.66439667637
51.98428274600771
0.7683590536897723
0.07579928912662115
48.62046286109173
56.63325710135329
7.4530161926995255
0.7350053917943472
11.60498143812745
0.475122227462631
79.72202654740018
0.28226743007688126
7.677598922782058
997.7927275833829
2465.5508222068147
3.984379860334567
1.4918274166796475
4840.69476781857
33.10027556022065
79.66149782872527
918.6064944345192
7.182661030989711
1.46345737209713
90.36726099414051
7056.362044917693
289.4951953574656
145.77971366937413
0.9266262065633925
2999.520409709827
5873.505240142187
66.44858127314099
8485.757101742189
26.95793104907581
2.0464052922666953
736.4825657091941
2828.240937121579
0.19843913874263464
6.193340424108426
531.93664483028
1.8346040303617084
8549.055708181382
0.24425598603595722
33.059214748939304
3.4062352317466393
6659.802076702725
67.7514404438504
47.56243867377308
5.641321263348287
28.62239254704033
23.39658942849442
3.180591540461416
607.5745398655541
2.3428928453578477
0.4178237475052421
2519.811550355632
9.227560326899745
4753.695532573202
1.2605134202442148
295.2056403517699
291.78936662163466
7393.0163352866675
5196.640513886078
7.313080626426338
8.36035715610359
38.01114812597296
8.110729729035882
5418.1845454744125
364.57763872297954
4.344950770525905
598.9388355046046
8201.218802285177
90.76995021930064
5193.8598743485045
0.29827798912721826
5.396298208289475
6.77945078551174
0.18476245413798942
4884.128198750836
2.0054644507580854
2507.491344457782
0.43646066572992914
0.8119125137902462
3964.9111718045815
8369.41997178097
6.997403876523811
692.8234825769155
5.662305766375071
3585.044461288579
432.476734087916
30.025771770252398
0.33892165265621266
2.169730838330092
899.9719080622667
0.33459547601143513
292.20319101030753
0.8959474793036248
3.2700109629566487
8.351288099968219
276.47282177878475
0.28849457729421935
1.9399637014003757
0.5454126835351847
78.75375184733797
0.6776852617635348
8020.382689806941
0.2380043588056252
0.11703033626636739
0.8933691975152608
765.6195869110696
6.003649630490652
7769.454652482034
32.319085113045276
11.229253556668384
7714.256552230427
0.5096172005426716
53.84746710242405
2328.679717299933
3760.6658860582197
0.07559871513279426
779.8074183262572
1.47060591807878
0.8168098660635371
769.5270703954758
911.4974459111324
0.3277542702045495
556.1945562460613
3394.854515793357
4.216070972979919
6429.485550285463
1673.787775813449
7.484667999724709
5697.365270192996
92.39650248778885
39.47943143949153
4.832427284278756
2347.6670109837614
676.2204795384893
804.3108255555769
47.977205815051384
56.23147398975086
8837.313380539921
1683.3593445500383
7997.484440815708
0.7277272965253578
0.3682363110803174
9505.728557549775
354.6850812408411
20.76894194582879
983.6267024107506
8.078904826238965
0.4009843807215052
3.422315777588356
0.4089283143996155
12.006948088803282
2.481035575202879
0.7578689329054319
0.45844011954628183
1809.6468758387784
44.35133426701475
861.3405645860483
126.59235814069535
0.022579708059426995
83.60038704881046
65.19595501144937
0.33137895713834176
2268.7812229141546
464.54724677904034
2.256337640029037
59.121941594355185
4.218911567455422
0.05697639586093217
0.5311230361389829
0.6661241005662261
7.119258945475886
905.0747540757245
92.87246170948335
56.86318465330204
0.35812370471042465
57.63177121028896
7.397408485598796
218.97950424598633
0.8379532167474402
49.822268340755095
2.827091735082674
29.675090875754538
0.38513006515099046
7198.405288862614
8167.682981526091
0.19107057861167387
873.1491113905184
261.18423257927094
146.18685807044474
380.7018293162956
0.813083726257855
6511.200352627165
56.12296141829641
7.431053556917634
7.53854378898439
9.909382876937832
3663.7049683501964
0.4278849299202775
106.69238589979324
440.22856840604396
56.58724646228168
0.7425861359839337
7517.713665435683
0.2973363964342344
71.89072090325533
4055.1692000287044
3340.805931433185
0.9517486329455926
6.069948268899563
794.8694219333339
684.601925806101
4062.5453271895108
9102.692855219022
2.038568808138871
9665.065651560975
2097.571407542247
1.110784423056943
0.04767420518895249
844.8498475822204
4.959191673055808
7.658949959739447
62.88876526097557
0.4823904913547862
4.307278836283624
7.133145868047718
14.835020305873158
0.1637765003517454
18.713778407425874
414.4784415174307
35.616541891465715
3074.348863367167
4.6795460476708906
0.8963167813799624
6.574347106069359
66.63295052327577
3.620607226701129
6.1806955151875895
6514.396081207262
0.22124297348780753
581.633110481203
60.73816838977669
9615.786428610034
8627.609180331916
82.89860016914703
9911.589536748064
2325.005453879375
6238.173182461275
0.7074290633190013
40.988330887035616
234.8655048813364
10.579068799034818
7301.7481761360605
566.0690138200877
0.5854657928972629
1830.4890527237428
34.28782256593945
5849.710279279555
508.544777901505
3399.2679614913477
5555.7970925365225
4.534859224788223
4588.084092679523
30.136627714650277
3062.585447905544
3376.783280819564
0.9989579757894529
4867.277262650177
209.7489016095908
956.8734493360333
389.56703857620835
1399.8902934709035
0.1363041083507346
3.7568892200607786
8.70413176437861
137.48741838653845
0.424349903808542
3107.442025907796
0.15003348996615928
1.5706262846726526
34.7575249930222
259.64405476068765
919.3604401099265
924.5125213893324
4.779811178863613
8937.930542467206
878.1940660208639
0.26178847841366093
217.88803116576162
0.19009773486685233
47.42703928110833
0.32597937126901066
30.626285513548957
590.9130215802984
2.632889718804824
6.910049376700166
7.580214750087072
397.49905890131663
0.6994392713052877
0.6655878902467588
90.15333875861381
2842.014101301155
3.0430155707911433
6.866064107459861
83.9496873608346
8.231819544637107
793.437227373078
3722.9679918126258
93.45257982701514
2982.117838365329
8.009229562424414
740.1085535482238
579.7491693594272
0.10603416614323735
39.727341276596995
870.1593669052329
812.7835186303273
62.29549495248599
0.10290917946763578
0.6983543543586871
0.12054506614835492
51.666286058705865
8245.93774715642
5.914368966858841
0.2535859354625625
2380.937130258899
7637.064651040155
2294.0491472487092
830.9752613392684
0.5843225285361687
0.9680216165244402
9188.261149550268
1.8909587552259677
143.1901577428618
878.8884662306605
0.29233842314699177
74.69909926811592
830.4781667629446
7.143575002191906
9.491942351903575
70.32540684882117
71.64597605716882
1856.5947706557972
0.13306545806918113
1.3093655827790096
0.9614647379464463
2474.2891521152533
96.3153734034194
0.6193613155957789
0.11438418214820789
16.811654542527755
0.6503367567640406
0.7087364925035088
832.5129037829556
842.3381527804517
893.0940186799997
76.91897812551089
5.2809492959463356
0.7567777785912524
2691.8575007795753
8.261201206135226
512.4437859084218
0.3684892180616668
532.1561624402007
512.4493534530961
8086.568144286155
762.4235285808273
0.25417553055099185
0.030050836777971934
22.95291943217498
257.2686104064795
0.8835876799657021
8.5026493975932
3.7759345559160504
2588.6909834190465
2.7268386539456424
7066.366807430762
4362.022280745259
3975.912311621608
8.905078181159725
1.1941442855529794
5057.655338783678
0.7527226291732805
584.185515523048
0.024860334153680608
0.8166029777817845
668.2490022325856
970.3884363602289
2.0506645687194958
158.27473542300197
193.8331330237103
3606.3084274107528
17.86085256698502
498.2351585372109
469.5168101297125
54.703615579665545
0.7297359016656666
0.3534449081537572
0.3888152685859225
71.0184950129237
3.9194510929857773
172.7930545174071
0.016052982204487698
3.7423970183233592
584.1711505961754
225.90086701881862
0.07673652866767755
675.0825789383412
88.21816246262014
73.18310586453482
213.10963884819944
75.08835199696298
1328.2500163625
9964.42803866825
909.6867670295172
3.9809488821373042
0.10316648269704065
116.73001648293346
0.507216683351167
4.277586052462301
6.451009865587015
3.0031588807654264
0.9401499049745793
7756.116342672107
330.297467538615
3.2185273311903018
593.5123659827392
6.1984226705623335
4.156115277687519
397.5066663233292
59.83026904035691
54.65699363359195
0.7413347432696523
8030.022663097088
0.2143390039577241
0.9571715739676349
26.225704332903998
0.332077915192191
0.4128781300828722
5.551464969936171
1.1583009065876049
9.01457340365927
4671.607333082604
0.6065302451526056
623.6324070545347
85.5216751843123
0.5152107135324802
0.32720690035713307
160.2317022337696
0.10155769875797804
6.624852936966914
52.919431346859
0.9727400525711803
0.44221260592816813
3.37112908074765
2147.389647254435
0.018512522224386707
14.678219633645694
7786.797445783137
0.894125494494901
1.8934416559309342
0.33732186341866643
10.281259981043267
87.15453423556677
5.324784168496276
8.121114317440147
831.5663738454602
4.1071155161848685
263.00858183137643
8469.989256558421
9.53544809803558
77.26908631243724
439.84621885340056
8.298719160360621
21.126889691484973
0.09753731577212887
0.4731824028794138
152.39628788626314
562.1910582913171
21.91160226030805
2.211026503401788
42.61464461321225
9.130912702284173
2530.273190001968
459.67664982432166
169.16918915453593
2169.8878805758627
2.8207735510872856
0.27391593072078113
8.040275101217494
9751.644988644355
96.7115377890016
0.6535334260860481
7988.663457702591
0.4786182001321867
903.4738961765215
0.6377017196058056
5.244537086634179
3.4643924397200765
0.2222801452216172
2.4370208476432764
9174.581473634202
58.03700885509916
11.606870527779478
3924.9641878846787
5064.36499984755
0.9066330224108369
3.306167608510054
0.32011162188630915
5.426557397776976
7.8473418843937806
8.026506829662214
4.979281902971722
817.2712590513238
0.2987000506763421
0.5527355843255932
823.105948075581
648.5347773417928
179.12608334764124
73.91260892467581
1.1015962458466777
62.48084528382304
0.06849470167513583
0.21698374270454646
0.8649058181557465
3.2874386824701785
5.3182341013658085
0.4070819371416676
2.260952113008443
51.03488520404926
186.0400465948715
204.06403368728076
198.8067688978059
0.7501050510991293
89.02485040591898
0.40241823745867933
563.8527633344828
73.57943239897013
0.14324673085177686
904.964070670223
0.5267722257841663
0.37898092481966184
2.097985473044135
0.1646309173044872
4097.834154110828
0.8485527725015265
78.68669534334232
256.1439507940888
55.70267771270964
3.1063908120571138
6189.639226878888
0.3148786562928847
2.206262533615085
2461.8140911175924
0.7471099770732174
36.25491496028735
3334.0840588886554
898.7495314412087
280.233658262766
10.386161030031726
1.6511987756673474
651.206817686525
36.8603224571993
245.58091957525073
0.8448358106811071
3254.3380329831916
665.7528248496703
8.496360658802327
219.932314228925
0.5018832864469608
6222.864842780189
0.8647688227603957
0.2601441443644791
664.0319544744141
7658.226342887602
2.1149662642727773
79.33992036486627
6.928182744429656
941.5076193307837
3728.3488609924907
307.7983415983283
813.4369201623473
5.9684413036881425
57.671943492168054
1.6128768089421552
93.27435352045526
1.0376239271743137
929.5861491611881
582.9312986318791
9.028008467149387
885.3829507027091
95.10938961828053
994.9580402190925
8.278001358044913
42.66974025577039
30.223285187115923
9231.315375416363
3.803192209189076
6.991612562713998
412.2277599493642
10.185120965630967
8185.439612846845
7.210500981323791
25.83894174520974
9651.230526936773
548.4191477649929
0.8972718312872248
5.604704420189864
6929.738331146402
8143.013960379652
3.3637908195325696
600.4989093172732
5904.435754568145
8.667098550340791
62.30897787420287
443.1879869932792
0.6664139970961336
4468.148150360734
433.37793082611455
0.9316032729835662
6424.393485578818
42.192144605849045
623.8125336886792
73.49216703292495
34.7933884491991
0.13893182246747937
1.2702998162715995
594.0619404258463
120.88992926198227
215.07854850760432
0.17100904723136545
5310.438541132253
0.6960801663061909
206.0839195316766
0.8069437485643634
29.837643510546407
0.4095439690028516
0.31941267439087184
76.04559687247084
0.7613704087584879
5167.68646726462
3872.196617078514
51.63742011597843
0.8247199148930536
4.646172528001557
0.9689815316933391
736.374318262431
49.9289457969102
6814.592751973522
0.9587500849838733
1.1629229832204413
5707.759024634878
4108.247052150239
5599.513390678511
0.6198325902382039
8076.584045983518
196.73802557036467
87.76391301477724
0.46836815926671216
609.1795290897843
215.35025991953438
315.9222690157355
454.35255002703576
531.848039937326
8886.390707338898
78.5097724213897
0.4998481930519789
830.4678946783483
752.9796442778257
2731.061454803081
80.25662096846585
0.6277004745737931
0.21046361229530242
0.8815723226923217
3.282102518878991
519.755287130212
930.1841205897427
3.4740366269540113
647.9391392156955
2.4374268185071655
0.7348370301802657
0.3347203422437972
6131.40907855934
38.98326373340934
8445.369421545538
6295.447549232847
271.0910515011763
152.5539808651477
407.06035847188457
55.560266306840674
939.1046230121167
44.61633026996053
9789.633255165989
56.14252229310187
725.6228183981568
2.7570654801295333
22.076670336145565
10.429451276629209
0.784255129646481
410.02097131377144
0.7248398855335421
1834.5793942248224
3063.2842260544335
7.226793472776777
8355.540459049336
6935.916333644526
492.1793539971616
735.2255140324231
2010.7263718617685
1.03867073803675
87.48857494800225
4975.082530057535
0.3148000521647022
86.18991900893614
154.46493410793616
785.3643132969812
0.14275675597381499
481.70994137207936
1475.7247832594578
2823.6432766677344
293.2390772874438
252.8056161830431
0.6480965802796324
0.35358940018272345
231.83595778042
122.72877006216498
0.8209896912681177
7014.469039375287
5127.613770274357
0.3744673773056897
1.3723267694830033
0.17921206748803675
1120.497242462226
228.46847686872763
8.414971429448949
1.7186531025865492
66.02930708438512
86.3809619537038
0.5917105222850465
94.00561591482436
8.614308285473227
0.8802088366864385
0.6302091169649593
19.428776829288886
192.6463878802378
831.5959728999899
7.196820603185367
757.8461088112315
0.16486412074333445
3.633226817962254
8728.650368396577
756.8527842413238
0.39824307959247185
0.004205104553997252
33.235448707185135
0.981478173762218
190.76969133022126
6.257054605856282
425.6544316917399
70.26749094990907
1.1214462650743795
549.2713390071583
8.809588545147186
1.9156111042381851
81.43602493570233
92.54411886103753
0.1449022054489565
4.248093896952602
8.55458273146489
61.380528503234366
7956.912858602175
7513.03959200981
5.0381863447832576
0.27635204969460647
3423.2156432336837
1073.5828456666218
10.811602460599712
293.738117186124
7.307317864790712
74.91200228313677
7.63173837809987
7.898971813549517
1.2845025466821869
3.9082280014661688
0.0867510523542192
30.59791345027102
560.4192778856406
0.7571732542650504
0.4250176591126331
0.9420568347015962
38.272932179488514
18.517832882240437
0.058891460230637516
716.6035977825711
967.2949960021423
0.8966330804314157
0.9219203906194647
7044.038107254022
1.508332011085327
1.2246286567507425
18.285465732452966
5.972900450153075
47.12870119106927
0.4110713222429835
0.5692532018499775
80.07640380198173
3535.0174326459373
384.5369254929496
17.036896021555147
5.6620689510863995
0.2101220461572243
8.039139109409527
385.81085603899334
31.110416424854805
972.3341800995097
188.6673403511625
6398.3325726477115
598.4063808453766
19.976262694931513
777.1328965600658
36.236617324819655
0.979541064127047
35.084593252018095
309.29580145022453
86.63377062003981
763.1381691772102
9.052607819932684
487.832832527756
67.15487383502577
0.1804971441694161
8.501614411917167
58.956930056810506
963.9336524005715
0.3396110492193165
209.11736303953165
4.901489997513164
7.131189043652548
811.1293839653277
2.573026063673028
68.46905105478739
0.28343731463396193
6.124884318052628
79.80287054808427
8.941052739424162
6012.629592586898
88.19430198091173
363.21119639742926
115.04348689325849
9098.441027772755
514.0717689473045
0.1549253455993218
8.823200648865958
0.5275506804192924
0.527928772393903
0.25726832836586133
753.0633259084664
4.176601833231017
5529.255090644318
96.29246495581882
7458.693974585314
118.58641806628556
7367.772334446505
1.0534238888046044
0.7812300750399428
425.93830394174626
8168.779984676806
92.73722261236152
8748.478222957616
0.22222356128043808
658.1720359709115
13.747832323850007
12.99541413103139
152.79958612822952
3275.565538303069
4.1878514576086845
4594.944736570173
0.22288869565472602
0.1537385746708373
77.03287556446764
240.0443449966294
0.347658518830116
82.06660270205873
0.10903363530376387
4.01685156851039
0.5582588898275302
15.104425454506387
0.02537778966652604
0.08875071496259879
0.4278363096848822
0.041786009331873375
50.159232659800324
929.3767461873
0.3370817373166909
3369.6653298753354
11.538563232902742
55.00373916469912
56.53892583564822
2.040667132235985
70.46191034729686
206.18849535829818
6315.992375155849
90.69295668973162
66.63237344898769
873.22682968745
5.987380821504614
7643.114456432534
0.96225812941212
0.4341387227300816
0.546775294298731
86.29834576275248
0.6613145669066212
220.71836315570937
0.03507509904009243
0.5237735321524817
0.9828372881090008
99.13836196880948
711.5139967901634
25.20483374871365
0.5811960832136311
332.2383483494984
4108.293209326232
7966.975948374015
5140.629497410787
9.054076244454631
93.98382400770932
246.31397001001298
960.6073956650872
2.4147490601630937
2.9090798349581473
168.92107755307129
386.86177297646304
8.257889543881111
241.74209379052826
1.5587846156979712
5.913209471724974
572.4211013080418
11.617708431778839
92.8419012649541
704.5837261472388
273.93500819580595
27.990447212970647
3.8531765572073495
7.768338947460926
361.3582742774033
921.153109875438
0.1013871837079251
901.057828161432
431.7693726211174
180.27460030477394
307.49131229810564
9.492176510246397
5257.393872615296
180.06259978599815
42.690976594482485
1933.5298785075738
2.815449017670526
3.286172801553996
61.178197887327116
6703.44555343921
8.157535389673654
999.9624635315281
0.45540742148148405
0.583995706068175
2913.152796364533
22.346744681018283
2.5755353972240047
54.98526905526842
4480.891676870426
86.72390399973335
0.10861489225426224
73.87739746004067
8.93780073158594
542.4501017055504
0.08882575043479701
9704.39123877929
4123.858918292678
21.483201051715728
0.6505381313327416
4633.668067017791
3723.843421768244
702.4398849214762
97.96506008835874
59.12543228968982
87.26585341072112
8392.313274150014
39.94010060586655
61.81626155463894
22.426962723072506
1.7453781410652458
0.08872621110920875
3252.576320014178
73.30890721802507
15.378932997813365
421.6223710862184
7.202997920729949
9.571200260725156
8.824430520944826
70.77098870545969
895.2923470896819
9937.347183942666
51.73106078140144
481.06063670674337
0.9620464044872109
285.7966897336941
6.372191342371273
9.253302319925474
0.35789973791601926
89.73573785207087
337.9164418251569
7.560031357711195
587.8602704998632
502.6633636691884
310.6832167195168
855.5567096343852
81.37986844945307
8.474311120683296
118.32378737784177
78.25365333853294
27.75983720617048
0.30277323816101964
0.8620813530162635
0.5261266472470935
7.559690582551882
50.47665159177262
77.10750967083163
0.3002584958613439
8.490125819810393
57.89035473719941
0.7597346609229466
19.345712654048953
5202.313255187644
9419.322484313869
5646.258143648637
0.21053714196307127
6474.952362782992
1964.2428092591902
3137.821023377594
82.44841233850123
4804.11563114317
79.30542725440968
0.8198352005379087
3287.6164623391
0.3133783986580514
9.049927844601468
6.760005126403569
971.1938863521259
469.603867915637
88.90111624474073
7.248585222208748
6510.745112750526
851.3032690179755
140.45224353387496
5234.4858415116505
0.16498276577176618
0.6718835769820023
771.0358015442487
694.394894603768
5.045358119766141
0.9887905579337246
0.044423372890147195
95.65896336519768
7435.760267339106
9.780589455216903
513.6476110882505
3603.758020290677
23.592304771771555
1116.025429147215
897.6388378188426
0.4987586548988143
4.69512825265854
226.149602705649
0.04421181399480556
0.45213409584928854
0.17937147091660288
3461.9071028496596
6572.761224924129
618.5634778333136
4.740974083539236
501.3047112754987
8514.494249042353
737.0461092375128
58.45622780153761
51.39764720510923
7.100278128502058
7.4979865924572975
6.792944212605835
23.544017859247223
0.6741128900736005
0.12575219692043882
1178.7134580784175
0.6312754002105224
0.36489419040935145
47.31587415623005
71.62367687899336
264.15959429016647
7.776795165098914
0.7337556242638787
49.63967085505276
41.603530181723634
9.767365600819486
4.512491199938201
2.975958281092961
2775.2874876867186
390.9828042975307
96.89345623499587
460.584498482989
7.349408052782741
394.9397826005734
71.56855175926027
0.5674587792730685
33.73625189798173
9.792925550258227
0.7844490093468781
6061.536530707944
4714.141817275266
2190.9964038079033
0.046869389961305186
4.383485306681493
4789.342494174755
5.853155559304801
37.333196124012204
52.94605282516267
1.0992033456433514
4574.768223757778
106.93293182974517
3.7098369340697968
0.5797290321301579
170.35963031442657
0.41104601210925074
995.3415193177483
2.5984693100443046
8712.671618750475
210.54774539208154
75.22549667183767
0.667580616720489
0.06284687021334423
0.8022787307577123
7299.991145841866
65.46959877967834
3.4535595456474644
0.9809771526580505
608.3519310705672
1776.1344239307386
666.4809080271557
0.5966294657554002
0.8745079546211774
0.949837252319793
58.711817215430465
0.5029323842603916
7.167541203956787
5.807840243243682
13.843558609268069
0.3060338485076427
906.2376563038516
34.41140469442349
7.1044664115948395
0.8798715843838805
1.016177813896938
0.6156023343689019
18.461245182287556
0.1131259091351291
8410.796142563478
20.74197041694471
4.876542158003866
7.251852444762452
68.60097302812281
84.2268834085488
0.8909138995821639
0.659590588785595
8.78019140413881
316.40278294564916
3.8157102832234067
0.4882308168094417
31.80916173720506
85.91689468218593
6945.562651495312
0.05985753203097555
52.50815776597653
1.4432598611973657
2.241698675748516
0.11491621227348559
1.8914564011418644
0.2203820840057309
37.54924883267689
91.35507332894228
252.07829757835242
7138.235747208315
9751.434994648282
3.1201817116608876
1.4516637488758344
0.4933825382019569
2499.4341612145654
1100.7077961176171
0.6255551605492572
51.9021319551049
35.40125224892153
0.131801300236304
0.20177190013488033
4.477474037860512
110.71868402549822
0.6669069706628765
34.160745691582484
66.45663757112023
305.3620593059775
861.8601717011855
2.1922555630395237
2218.039716448158
6.542118296233882
0.8689744798581684
7791.450189594172
0.5004072223323995
14.800725739119136
23.29207706700934
3.2794724593912883
199.87241244870967
7233.293640478326
5312.76047524614
66.69533112143135
89.0468736213978
2.8878606417769417
0.5326185253982523
57.177594383458
500.4677448504059
468.1405729102238
0.6822983423505177
0.8923905053501475
409.6869673910297
458.7984050313483
715.897520214513
4.347754589219122
454.73955397274455
2905.1612326983013
1924.9146879696223
39.1556181908027
940.8744301559075
4.157659506366632
810.2500927572586
4180.132014948259
417.27990262710733
6.676919726264266
99.72624797856867
901.3916050224291
18.460320810979425
8883.712823190484
967.0520487630926
7.543721680344831
7.005847886621246
0.19972536846644362
89.74057080173213
252.12521054654158
8.265166031206503
5.763045136200272
0.6842232751467127
545.5772474002011
6.26472149131498
212.4585701803937
1975.3282967119035
4292.41428562422
64.15350641529979
1.610202638298568
8.52385029257696
107.8114203640167
0.8909436865755903
6717.378954321797
254.39929569792386
32.79779025740576
271.36543299066886
59.26973063293535
943.0350578916084
5687.9204718427945
380.3092519745965
1692.990193356303
18.615671704734147
0.21352326737516325
13.305703702427563
5.571831010569001
6.056746994010221
7802.904072272477
7844.80590563049
0.5064959448164619
0.8900092347140163
1.3688764716392798
6938.37031886604
9962.084685531048
96.13864544387644
0.6025837991133209
52.56057830486254
488.93588370210904
64.16668149294472
8.819945152179077
0.4770633485317627
8690.879891135985
53.08774476955749
5213.647108181033
2115.723418442591
414.8379431786281
0.32983606825424205
2.8872075749251493
2095.2131494346527
327.8179021632984
696.4541541487275
355.7134645589131
2887.2359941349746
8.316512162811305
982.5052331990048
0.7378076536140676
5847.208828252525
3469.1981005559746
0.3236966437797706
9.973676844640066
4.438630721448864
96.34224411788799
8199.894437889761
0.3773773009618244
6166.8323987531085
73.52993403541453
368.14884696281104
439.6915464648612
33.4961107738215
6054.9303058003115
69.05455479531214
837.1749865892702
94.12478708588597
75.47382215177775
41.509758929882366
3.4992312491974467
706.7880010821027
0.7622213551622352
5.656152723998712
2176.3603878684667
4267.24824104519
5578.2916206511745
231.74409490831715
7736.167391270059
0.6030371080752374
1623.6833362864122
0.08608815681635629
1042.022088948188
3732.880297390966
3872.245892038484
15.591338867553828
14.601392715463923
6025.602413850044
4814.858153545196
81.23338293068244
0.23797619031290662
1.0867380484902112
8614.949358993441
0.20353549357696665
831.4253351446926
1.6625040060458385
0.4447968242459338
27.139517597284136
19.416652754621587
73.44468948759825
9.754890455498355
862.4164169245068
24.34469507217515
7325.2740218737645
0.820086434725447
79.17071645242177
731.6829625194675
83.47703936108313
63.507160718016785
0.34055238487448836
9.15532963098238
0.7248421058099529
462.3192498350447
967.7185279984318
75.65701285837633
19.62157679530837
64.25365322279514
0.544704875137918
4.684347862514939
9.18645144191347
52.02003925092611
32.064964394907
8160.550460877609
0.14082368935005274
816.0169294433128
18.977800319267836
7.169413890904882
2.7801517594251512
0.5645791340723537
3366.677965546898
8633.493930638442
0.3242184703066642
1.191177397808888
1.060336287848147
186.25291398785225
0.4675651937907268
903.1769883850862
9.207345154143578
5.658045595097625
828.668970100358
8707.775547852527
561.4573270587763
6.117614469451775
5.783090625685082
5662.061971524058
0.3119757548762325
4.049891262214019
45.12886544933925
5533.91343109635
3.629653138577238
24.623166534808327
642.6607758008353
272.4144122007657
7.08538234492686
0.43893379950188094
4.316104326653116
762.8160120763106
921.572560802781
246.48880182192855
7.960611879743795
7408.233165494839
0.3339730763351624
6.98420137300551
276.56467798322757
4838.092789150823
3387.8958673350503
126.1858221734219
93.60197175881534
0.09098884185408529
0.25926166540649154
900.2981761602083
0.10129389291066171
69.44483119992915
48.613850691893646
32.674529345959215
3.708892815476854
2.923339893102095
34.072543563487
0.9155787891937619
595.0619257582101
83.07126652861253
2.948534078558259
1471.4469657084228
77.85877927487583
52.17378575331847
161.54664455178437
9.300651327575649
0.9901208941934677
4.52563303795944
9460.966676868811
7849.871308865989
0.904456372481735
340.5748717230328
97.12118607004481
26.339777725612578
6.5291269245784385
0.5072917972962216
32.07949980968405
0.33700597546855804
0.6441271405297774
8.142932640530159
0.7967264217900887
59.740889674692475
7.45597348714025
121.13206877022343
9455.279257234755
1.4507756384685155
0.12743343906609939
327.6358534142495
1.3546401035356248
0.3155007432720325
45.46047621516932
269.4092891650326
91.61167910881787
9941.516080249588
495.91876915916976
31.34826760102477
72.5458316994532
514.6772683716584
988.4957005433604
2809.0891126203455
0.6146244177251515
324.8578071218676
91.73281822041491
83.27160871089872
6.120775001225317
1.3780354764530856
43.61053353674501
9.441042972819355
7607.732173370926
0.5638744821043659
0.20562839555120105
0.9634903489842037
2619.953904192698
8.020773044558398
90.88380433248975
0.6432573746826793
0.6449503648309898
5.768574648461281
209.50325567340855
8.204905434400619
959.343379397364
61.916246458756895
8.955557370753972
0.3801040246632085
90.21883310763882
57.09953479829707
53.62174329207375
321.596582702549
69.29190780527878
0.7311979244314533
3.5262749628539902
544.5825750259612
9365.276409513799
9708.900601992711
460.6619586727764
0.9435272667479553
13.610628983003359
47.27503003883836
930.7534094092841
0.8272747466523583
64.93912431594879
26.112682299503053
8282.158286315911
26.22371693912262
8088.301647269721
92.04709208057582
418.77871620550764
47.939805548755366
0.28297531637132634
0.6125162650673552
0.29299380401344866
0.228945004606677
66.49339339595286
7405.6641524324195
7903.487023478636
4728.282347562085
1.0449994464907786
0.8693348289367939
9883.838012915567
2.559398469092412
8077.956502872668
49.37716503629373
607.2257278441814
0.8144376045645217
577.9221345914377
0.6830680297445474
33.415849154533774
427.4080610062861
3.263175213278581
0.8061833440540803
0.23963419692351007
10.177671732089
52.700772023242806
4856.464415344184
1.5589990470404391
5.389573186425483
0.6330896226146844
375.92719279259234
1.654610243716067
42.7830999730034
97.87676895120737
9.848622559156379
5.015120820563043
74.02835391252285
736.3348300037009
94.29830459941635
164.2040802268835
0.29139619709234255
4436.07813142637
3978.6753609291636
0.0011053346734701819
2700.0266272661756
1869.2703500788023
8.191384660907614
9.734979490375519
8.02764473911829
9753.51441704149
798.8459056253887
76.06723966392227
3.4085034051587915
3.554188601621365
6444.984275221572
4120.884670166528
133.39902686790762
7.697134862196354
6392.684749765905
0.5587393721016061
85.50478942942506
695.9335379580816
9.733793664534138
0.9593427760417705
9.671644132724454
89.19411654550251
5.633519093172472
8.395371775429776
0.39740151621653796
6.368412364829453
7014.897297695588
3.493615112374054
7.649403704875208
0.11456680092985827
6.100380692003055
7.687275770646737
792.8161196845822
9.848555632811992
0.7030258991616452
2033.6407876344454
0.5049686776528941
7582.648977636422
944.3739751370401
9.7740594524265
2761.6277998460305
680.6541204529726
6.788465722380794
87.38244335437165
25.15374470218703
40.68213293333089
5684.702829428048
1.6734918447938651
27.511208620804496
89.73394461418496
307.69900177456265
77.15177900131388
1291.1510055756348
0.738085983000237
3056.0917487593265
6697.465246150472
8.192673706234498
16.18228497017028
96.35996863656041
887.5853550301435
1.0690115885130802
98.08232839791052
9.971932576829978
21.46654506895499
0.17457911730469455
9.673924787086506
0.851544726030346
0.7392946667325152
0.2178058335921481
862.0443798767717
4.025549993596594
5.492384266016358
7438.108916415904
2.569762557260927
85.63168929354073
9.305179796978265
1043.3199707423257
0.29064481134013254
90.47050657200676
0.6271966137487778
0.7285398639329481
5.808088689795859
36.28485621023883
51.79701290857375
7.699172755491411
6.558918751610896
76.58700181395876
0.2973611594741473
0.8399405041909296
93.11540997714143
8.972702783549757
1.0669245558580598
728.2046531425207
9301.327877530546
9959.0604133266
7.915185448511364
3185.759958445551
43.85212648254255
353.9334181032497
388.67911850243866
744.6839062575821
4141.025071991705
80.25913859171396
661.0484191867677
0.26263921259451184
4.75369900315491
0.32842447728916446
85.79117203636525
46.77380405133592
9761.74589114699
0.6908604271727792
7.1115466242857295
8892.407674572421
0.7776996109446599
829.8999991273008
3335.6477901180006
1383.924522923674
3.7390951961620633
392.5045175879603
481.42679318821246
0.4457146448804551
0.613860006689896
522.4099260917901
76.67057923220284
0.13109385428518883
0.8684445115312172
0.5292993911063085
534.3001924835108
0.19987241824620916
79.7273569271024
4.956562237061084
240.11653477858928
7.495242686486215
1.2195957342878727
6.640470313416912
50.28934438617348
0.9510060064350644
2.6613449098932485
8600.670381765141
0.5654202622682918
6.003534039673449
0.35723114615656637
0.7678516901999548
0.42606440898118425
284.5394257057239
10.301933149726338
5.2509815965432765
1.3411243209439616
4120.380820122502
0.38815662399076856
1.8117742532187486
8253.889170968985
0.05449884062889743
7325.041928866416
2208.8622052245278
92.34688669003074
0.4677201728145771
0.41848366484646593
6.055794044998226
88.53644465715641
84.71734454655491
9.81843798986754
0.011366058856885353
7553.709620484118
9.966850345066012
86.16749307391947
789.5904333754567
0.5027671371767397
79.90085061546144
149.365053157668
9.990476038843218
8.489587453926582
214.48248259881086
0.30463095390458084
8.270752636350828
912.8722198309678
0.516394448696427
0.3759369183603829
0.9517230953645447
0.4925268229412767
7288.722900242042
4.905769462326218
19.188170422447026
0.15985821644328246
65.22280566670695
97.1829670039079
8.247883702184634
256.4794348455788
8053.977014020662
764.031371692747
7908.517679498184
355.33546969736597
6.2392802281325865
0.588934559770498
82.21835775131956
12.185004582624936
1825.091383507489
723.3965980164938
0.7683352119124377
5.216458616370359
733.8546376474762
60.358548798570645
6.27860321658768
8703.996888285
6.912956950644007
2.212099942001078
0.38683334521195556
20.228794707927666
0.5889130846332874
1597.2565931516092
0.376369897085284
0.4516586879161306
20.26303362953945
5.041789479106837
2903.2659591845036
571.5993511412792
0.7314788310273475
0.8507901995656888
9.365674999795276
0.5445752176927583
4826.353723190892
720.07182969326
16.870279170809322
0.6903572825664965
3299.307610230089
20.616758968206373
31.278591521344346
713.5017874569014
89.55518517031624
26.48883260693954
669.3479802495206
986.1030035941966
9.30917994365867
0.674832705046552
0.059113687651577984
5028.80639591948
4.548141046190213
9.185575200106518
52.72299588309417
5777.136237931236
220.0192045701015
0.2647730755628599
1.0039876007716864
46.57662033051507
326.6861698224124
101.96017388317058
770.9576652973915
94.89406597961109
7139.652478851018
24.31991863621238
0.4083104774766919
9426.64893427679
0.9107204443599819
0.6366936694506997
0.49925804272670526
7.2850648986563
0.64143669449217
3978.007504280002
0.8932338327889073
701.2712845413628
580.2479491853126
8272.37651585817
1.946076844474821
19.72378210874822
9.845717845813416
66.34774759613744
5193.347791689873
13.364353074752543
8256.553838917558
20.732386286112757
1841.0105905781627
0.22032789462758107
8653.947818234805
7764.711351695018
907.1373214022116
2.1069812024379297
246.33819280870983
62.01169284327956
6.675365972164247
1.3002761300147103
26.302377174081272
372.488228608124
213.28966502605329
39.03971875446566
63.80358970485322
7757.870171852802
5.823928721020723
1949.1342334050166
0.9081218572202107
9.980566175744157
0.011313034725436877
0.8644178931783216
7899.190295486931
0.8490397281470653
6461.08118874192
4.5538053259438325
59.417750452077435
498.30921930137
4119.931266379201
4.881861939096503
9.746938500714391
0.6123504870129194
0.26092878170869704
74.84635982427179
7560.655269438797
5807.101080837262
6.901060444236657
928.5349527323623
1.4246782210061115
6159.7583579800275
0.6997219254837028
973.9831890775763
0.9960435091014846
0.32263103051540865
66.01200975657258
457.0439892495091
3.3570768434286746
95.6243278868157
677.7821852271549
0.44218065512662696
9993.03798404701
0.06957289777706699
0.6623856099641701
0.647344508707374
0.7276883519986997
6587.573598943753
0.5692870496170743
4.891988641476363
47.29230014587551
9.999542422372123
93.2673757894508
0.9562000904724163
625.3986840232973
35.82795193277596
3427.734438712178
2.8724644824869303
2977.3370904851704
11.434880466484055
4.156543973167634
723.1339885075731
0.4953194959262921
5.03435394565038
0.4348975536843932
47.30863857057289
6666.681694838125
18.89592756477635
74.20772976112626
175.5100889911947
5.54040106451549
0.7399049651767298
5042.096834104293
307.2129099837525
0.4315059644202539
0.5187181500396275
11.06932454209668
1078.5184826918148
6.746334081058683
20.694609866873737
2.1339969623569655
6982.600319012082
160.60134886074385
48.27321457466843
7.526525399992243
0.8330826599023018
0.1482377137836144
81.95042096770699
6.132392212408318
0.5642412687879238
9.440192165080225
6.91991352353644
83.3190043927684
2.4879045396035036
3.5288218335985166
0.25303254834715505
0.42105716158289697
0.8798538130844026
2.2911118380173736
97.86535656587758
9.105155415231836
7.775285068836588
0.13432697020085083
306.42785168645304
19.00548154928494
9.980315995098577
3.6038823574225742
0.29865164424801116
1131.6142024379305
0.23879272193889867
958.5235617998542
905.4044087709492
39.04319003043813
1437.7255163273605
0.37628072683345903
8875.66512842919
256.20685822570135
1.707533757499754
47.73102129403545
0.7106937581569307
0.5646030208202558
2.638504486958552
0.2505460993723554
706.892368600915
81.53413116546481
64.64232740622468
0.9212099930745205
5479.926801598808
14.356949638947059
7.338013167187296
936.776770949886
16.836769006364094
0.5257288692563766
7.171166102798196
7.715582647548494
899.9792990977298
0.9218209668943035
9.559446443574204
2.2834128574977908
7.444171519518359
0.26666387099293354
2160.0140388351683
0.28739260446142545
6984.173124044659
764.826661218855
5.802191415190916
4.149758866866652
0.016709897327624956
9.696425312319418
10.573645406681676
0.15111745776901475
0.6872313174622048
137.58085557364907
434.869262139978
95.98502388428936
5146.025718850723
0.4636698914280557
776.4378775272049
591.2879057466064
0.43043198178634057
0.4049573177978383
6.810012702387317
8.103024858937298
23.751524876865126
0.07093170416195083
509.3448074637874
360.01578219764406
689.7866343279335
133.472875323845
1.1704100174705634
7302.533539750082
600.8279319520094
8.87010466466499
6.846479629608323
5076.299172990848
6896.463874612456
91.23936713490018
371.15675271679174
0.15678483378289054
0.2853122949556405
0.04333184177146909
4.334465363384163
2.93986840124374
5.8819255882884285
5159.0599356059465
779.0861506855513
7623.526860888727
130.514924251266
212.02862773091147
0.3941731126844309
0.48183010120745173
920.9133538584524
0.3265133462498554
19.11409631550115
6734.8250072038145
6.979061147564231
8038.281566741076
3.7536518258002305
85.20293581130757
1.1357216697559902
0.5259160671614712
4.421043019064045
0.22480634578075664
3235.6114240027046
0.6854531950297341
635.1449463371504
0.6197200126500524
820.2861690143495
1.9621735015161557
435.05392851200384
924.5429924900161
176.73738599163502
5.858074361686661
2.7758599598023848
44.00348556446154
7375.669311735324
5.906787721809193
0.935000482291223
7.401099601154794
7973.713371460859
77.05896407393648
902.8532728368616
1.3434498449382204
0.7000698662534566
507.7974163696678
138.3497540822445
6236.184059548989
0.0934470163840262
580.5591568401481
4.810513384971799
0.8140492603288046
294.7023168506895
0.823882860690066
888.7169156081304
4.0067428895467945
8.64286999138184
0.5317155971225338
1771.7498239218432
4.535292152367038
76.11022949118158
9.07693341881931
0.9869037215847775
569.3790556425048
8.495553409520497
0.7861236109876709
55.487076303032254
8395.140448619766
9723.430164423416
8666.858676733678
0.7115044366555365
0.35693007092597684
6.585217923440884
9990.366118783568
9738.876748805547
771.8340677640604
0.9401169245890499
194.84336991296414
8.811839730316898
16.050285692936384
4961.422414260205
0.9792483690956266
278.16988173177316
1.5828583047993272
70.82375561364948
0.35313766450526995
5.85834667370821
722.3418345976273
5101.605284598119
865.0991040531686
8.62931947055475
3.708792561278993
407.52512055472334
0.9164571285134642
61.07952488994053
4083.092598122994
5.168227194391583
5.605529403859
0.8249233192764036
65.88686763074492
6394.303952216524
713.1293262008226
0.5705872158640853
2344.851577024749
930.2457285031301
1135.4598474188215
5.15359441676973
519.2005843499842
0.5691815784248134
467.34661630362575
7.374149459021284
2.597874074076403
0.5476733998979122
0.36101686634569885
38.69387788422749
1.469249668796303
37.220067108791795
28.902752140057665
0.822459020399902
72.39087933561463
55.33156788495592
740.822431276336
3.75687052436278
1581.7820109449688
0.6148891280818314
797.4432161578734
802.1308307657378
614.1357160482814
8007.0184179658445
0.3758505676270404
47.96230551251186
0.12560597159826714
0.04279248508713107
504.5042256338795
44.50487390059966
61.11688180166095
997.7552224389585
985.1714319850909
15.355959903809612
63.59260580146615
31.9749936723982
0.36574091913852236
926.9648525674882
0.08781091516565032
9.836474970839431
0.15749532390997234
206.87026369043738
0.8916351282436022
5.533597428850116
9299.662898086612
5482.426420531772
7164.003814925838
47.43881418846962
0.9586048459114268
0.5091154364025507
5.826732661608558
589.5950107806124
67.08357055836267
5810.455324001268
1.8476733909013532
9.021558367528169
6480.6472691398685
732.3676697078843
83.18215332519829
338.6559881316024
4.018583711611027
2649.4464856814916
690.9933348951569
8.679319131640723
45.449544451932326
5.22334528208405
427.5859767675988
6.70607803662191
1872.4718280930008
54.671557798429006
4.203397936929831
0.3125682641134664
484.3864382445917
2.8878702086919663
0.5737444520325069
82.43564804657399
62.998470366129645
9.246966531628376
0.3195377342007111
618.961269761507
0.13583566802795932
0.3345188071685654
365.00976806450336
6930.507157019213
684.6717274877419
873.7804887643302
7.184322818536409
790.7748647643722
0.3484444215323643
0.564196245077789
4.896166444142579
56.40148366695838
450.36476348813216
0.8085527475044739
841.1566948210611
873.1588853967623
54.03620665351709
97.91435308990293
0.9182900590713563
59.48970943957623
4522.539084476872
9.03539874526219
4.763855341781147
405.475457700876
2783.513066851504
0.7817787815364192
8.106443737013546
147.33798314578772
64.49730877797425
7409.273343561229
94.16400434107173
96.74666187936565
2.229705489396081
348.45609353385765
0.7455991790550796
25.01164966088465
0.6346121805335646
416.0865171255648
0.45553114190454713
6928.006073754439
7.115557397232799
623.9543711845047
933.9363102435385
6728.256586071597
34.75806409061515
729.0831611302361
5.877418315778812
69.22011821041727
217.5346522843097
1478.1537026802382
63.12176975046362
476.2261776824901
23.202021522801097
6.616501746347495
926.1028006804952
5.42112048303539
528.4966253754816
0.18077327725349635
441.41518688384787
171.58999138339192
108.29629511005878
8913.039515957847
2032.9414668683132
748.4643098699239
0.7249938611083528
2039.6676515533684
5.479007784495976
811.2947584191336
0.30009614493327086
836.5624609948962
1425.2423979541973
2203.9419905936807
0.12368101188845393
16.225725429983317
2.492474906722247
2.8837294575460106
732.002222222937
872.8679285784574
1818.3588593188626
82.0781484295103
140.71121313492807
3074.801743072596
1715.1376331782253
0.02368006699980607
70.22530024770406
6662.526943837656
317.6643657784447
70.44611187260621
273.88370423675303
32.511897203890136
936.6305680335887
0.46728769871465703
9.01023869835183
823.62125563666
671.22414855007
9649.030017556284
9300.434750034481
6.750546720041814
6683.884483675664
5861.492300392803
36.597503892416896
961.2438288147837
34.18830695334004
696.4414376604527
1650.6064432118462
5769.779418213331
249.62377098721677
0.8202785035366432
0.821988895686551
0.9860518756765241
28.01814978010615
20.07389875734531
6.365431503235519
186.22470568476058
5.317135615994342
98.41858265388365
4731.941376755023
180.9821886993912
0.6814938117327526
98.3990980543129
0.4891733340378007
71.70499592380864
394.9825835681435
4018.308998472613
3421.245422367055
9355.79676433282
824.4892619929944
2472.612046675964
0.9781064855411749
28.61722692631934
1803.3222230461133
1654.9883459017633
7742.0543446888405
0.13663443726632785
236.47372122616795
1.2100236792965913
4.787752033992998
1331.177793227929
798.3886338508576
2688.7298171775487
70.56410613793525
6644.497414502261
5.2987777241681915
24.08605963281567
102.99927224774575
581.8485515523573
216.6597865781128
0.908652323281664
0.10101546261725547
5296.133667775214
0.7252406583374493
3.199351689490432
0.7860435687592782
42.45174531719237
9.350346519562429
6535.106770019348
5511.659546858376
79.26558536026162
3.4485045818296136
4.048010313821547
6995.836705560749
1.2850970432294784
1.5134859567791625
2.325100748840492
6.946486373302588
5.98424003304339
58.8220479760391
13.566462562981375
344.61354547010046
3.303190900936549
0.09770425591359366
25.563579935826652
0.6962960170076589
0.2605889561198702
0.7599364402966424
9585.217525986727
625.7238244612956
8421.189324739189
0.4631481067555584
13.854150242923103
0.40930903432314425
5.888764885867781
9016.919996462853
25.21440252397593
9.442537926854456
8.886318128747355
0.32633569914733274
1842.0376848895291
213.74804611036348
2944.9454406170616
459.8340234570549
0.5242149104509979
6.860803826105228
0.7764665645839282
5546.793419676913
23.18594636213136
615.943420598146
19.68018879199921
0.5250721139400825
55.509559105473826
1.015853634910987
0.025636728467616665
291.76008659480715
59.97009249695092
47.85489049927298
2589.7880437739504
77.86526040099983
7762.931893655031
845.6987430085661
391.10103561692864
6362.443131563361
121.37627918585025
6.799525847163109
0.5209591018053568
603.9499935999065
2.7422492776953176
398.31508880656065
180.31089214987995
411.7125342043465
0.18074540379863513
93.10126916420027
786.6920208690925
2.83137529911321
0.28697775884046983
6.103390391616257
5988.196425759094
739.5539162903295
8.425011302270912
0.8866251522504154
472.0137021309776
8032.918463525352
82.69440690610297
6.747929058126089
68.62289203750474
70.51648945872383
0.18712753112182035
0.11240095233856584
9103.80242079707
0.5154661820474798
0.7113470756895252
3.804103411309704
1.5626598361601751
532.3387235941375
8371.681618540266
770.5992240873269
8.239006079189505
269.46013920627774
4.288811450460631
34.89730987726855
562.4299077103311
0.1663786482798465
7.284636430459779
72.08554686785807
69.26413320094676
807.2724164746231
0.20009918431491958
61.92488684652552
8520.835816502735
4.25936934618888
0.2884851045814074
364.6143608915547
74.94284978870047
0.5776876650129537
0.5888866842155014
2272.8601122527116
9.758318692100136
3912.635604402046
98.95570018256058
560.3284081634008
890.6984858118092
60.718349292939585
76.03161475214122
889.2096874952393
8.678410055290799
934.0002814686661
4.171921213313653
63.13166377982444
115.93762214804715
547.357958451144
359.73193162791074
0.17465203820534814
6247.8630998279405
0.5768986267948654
69.59017255283099
0.8380556252183394
9213.045238480905
8.787580422250983
4799.225494071367
0.5624081417602658
772.4604338668205
9.418092230529405
463.6102533312507
0.36756928097596897
894.0976026099074
3.828997421583069
2182.1311390123155
626.3153972252744
0.4943721902146133
8.112616506725319
1950.707034674155
0.715447421302798
38.96691926780832
58.60346303401984
0.48387177833100925
5227.482237947294
38.02245885330196
0.2727347850533345
608.0807642117793
0.0915179623789174
3.1265738152288183
0.2998989962176698
8.583372116865863
4335.911972234385
28.570494876129683
60.13427096573397
31.16521586427796
208.09391457591565
0.4112600969004496
139.673728784255
85.72661234621623
66.70334710063555
73.04652568992014
0.271014778591531
0.4529452363056309
0.13347178059465148
0.4652129705554864
5806.721327995214
976.1148049460246
21.039579453547617
6.601242032202067
48.77646607754069
0.724978123361744
0.885437691031828
2.750331984133817
36.73454306232643
510.3751415636877
3807.1202088996047
27.5504816733968
83.80452389425366
737.3924391955621
1175.2576789620905
1.1418113695137422
770.0272508530552
5023.991538561665
9165.06512234734
12.72677339036793
8516.087860047886
2.6363774358562466
4.223763219592275
7626.788634272403
34.998181746981274
75.18284358137936
0.7699164970801531
1.757503746476552
8.204328475687259
486.27170848934867
937.3513808722948
9470.534616824523
2.6970323701648957
0.8264431484440782
3.8403681044734475
0.5651962648881708
5.503723037557063
10.196724650839462
7.084170314037568
49.366116952791096
144.22384841606618
712.2173472434085
400.73458167900765
115.91001454221083
5511.655286251504
6579.772127342477
1.4529243240142142
0.5483040556482074
77.12686945730111
5.54425596726519
988.3096533510201
125.28892158139004
266.63011903016076
0.8162311953047968
3.474947379458606
5.858313465254181
70.29700293538839
7.15090745566086
9.667343423896908
2.9105258367648155
7913.745538981029
0.2928725709660418
9789.137180098172
5.861163241798645
176.24262692362225
6.7973881697750045
40.03437963582973
0.011352264411602309
1437.804287736022
88.13258324888264
601.0665657847604
7.592485451422877
5.328804675804958
58.45346749460023
9.964710677849055
929.8050300998361
74.0752906814989
2365.3337913985697
98.61051214798042
4959.416400593235
0.7266774231135729
50.85021566423037
8.48541070391834
515.8362504358951
9795.387047274178
2.6559485410977945
7.111027842171498
19.196877414475487
0.8664422469816173
23.481457854368017
0.3155627625234262
8.22949391743333
508.0981368610002
0.6385667004398755
6616.637432058643
5.703855927959278
7.328930521704693
0.13989124128212027
31.017236881821407
4105.608613137893
17.13713328290418
7923.659527252716
0.9964890686228989
0.3723362048241967
2.281181664910833
1581.4530796516212
594.3842487202185
4891.210452628216
398.3401604050615
953.6357825776813
6.063450396894537
0.2978688498417358
5.854758186554446
323.5436278027135
28.61859278362523
0.24716035914438905
789.2725264351033
922.7174205942944
7.997158751672794
8.713750073964526
965.6263090742309
30.076070771191343
239.56687716369518
5.686097756424249
3301.998923117779
8841.582008865187
9282.965477670694
0.08319123863041067
702.5955584649358
982.7938712337527
62.94273449965138
583.2258687471196
67.20668383803446
240.96965387161606
0.40213489878432274
0.9167318605100934
278.926822071818
8110.559478872657
0.435323584791678
0.9442816000950683
3.8155317975539917
4.946394498487495
0.24864098362821574
0.986969800668534
0.007312658405882577
694.4496090387389
227.35606072777824
0.3882549227883816
15.897951324819182
0.017655550957422106
97.20872196348695
1.7441116686502989
60.00805774270629
1183.5255635570818
0.5194572060256282
0.08793721236103236
550.0893653163151
780.7897626656015
0.570479990557061
6.420186833956326
87.83845750377162
0.01944632423231829
0.4081965547724833
55.16646390883806
850.9654012789447
0.06361077913494695
0.4624242524791311
0.603370113637889
705.0734818806116
32.97033411340916
94.06599618406189
4.042809521698301
3895.147509772542
1713.341186091778
7126.269523885189
0.12204347327426235
0.6510852013744455
3.406097311505091
0.8596159582014337
33.372837695227155
7227.841901095935
60.01743706313189
31.21899216433095
59.34546974633912
0.3146271390122699
629.7427153612297
78.1344434195588
8.951461005583901
0.1413965818599161
1649.3015982174186
0.2062192980371763
3.395785047006882
10.327097901021753
7742.8159876750615
312.0619870349074
10.27227902028347
80.29897322357718
6.823756225356617
2.3255146749552735
295.4704826965053
9934.32586722427
0.6765027652450403
0.552048814534578
0.8242454664236178
3122.432426533743
652.0122562730402
2.144012734926041
9.722396433689498
54.09131785724208
4905.2618766113765
154.8578550634343
5377.054550824979
0.6825986395555765
0.0812814295814347
91.58436580441077
488.80668540573447
7.438198002996508
4.655539174081788
1986.7465326775603
0.19030581394694301
0.5188977828760984
89.42038459700869
341.2093950721942
361.1266918685372
0.7018946215913878
89.94710042450933
690.2236430935528
5991.455141446469
626.4283578862992
905.4871952861681
9.104892694219966
459.2313541869748
482.33211215317885
35.418657924072114
12.212009024025704
918.5654205984956
21.574460767510296
0.9143466395693813
0.7407795728261984
49.662111698007415
0.7175017089912018
0.390439271864389
69.2040830920781
448.6892333976186
98.12326927357799
331.2681542070737
7682.104459752251
17.296267150957632
15.954526202609731
1245.4536129049686
62.89826837356666
932.4942677492454
967.8755490618537
0.28219238638679434
5432.618545968805
0.09381092498972166
5.2751149864899185
6187.744215246921
3694.196483738319
30.292490739097346
1.8119970442808653
84.7392475887495
3.232642927368069
0.43144856041997204
8.42504456036213
0.41057664368710367
6231.891033627567
4078.6525185412756
3.68302019862633
9.519306299869912
50.05409952835156
0.23133194251033062
517.9097092639325
6.99173739544856
0.025571001232402857
1871.4137075860203
4402.952543005737
33.43968365945638
68.72417831800755
8.404016958284966
48.242512924984304
3.5559496327826
0.2344781469415077
586.7074608406808
79.72415831606547
1.20974757051877
72.26156345164016
74.33695614301755
0.39997097244476454
2604.0196626001434
498.7660076116367
755.3278059442264
2.5012394768427804
6448.587078356844
51.07515416224662
7.528795902285713
0.6681202234664325
8360.513980602507
57.87077013283959
0.5881265384096221
1776.2607169369571
0.9007994590719212
8154.4985894945985
941.8375847715512
751.3485252364968
0.06326789978669523
3989.278292487244
6890.3237997795
0.5019468437268962
746.2302577380367
368.7822150278519
0.5259505581973456
0.5455636371592915
4492.445120151948
9.685177757876236
0.9131914405504277
32.17756690070478
639.1408312735284
22.167817293982406
149.36045253771036
1406.6834847029186
0.6878016225750836
4116.8723757052885
8.428495126813253
1.737452343338275
66.03334363113356
456.92787663042066
432.62951522089145
7.2288380543897155
4.937797420836485
0.055133894720423515
14.737536724561451
0.7671581516047604
2.4801653335738925
0.9193652147766536
69.77665389954105
77.90528335352444
4067.756322527617
8412.37476673132
959.6917155873285
4.201341195587339
0.04222971117210739
63.592602243508246
4.841729906677896
672.2660566164304
4.804327057440886
1120.173557474806
2154.4798537026923
4864.160998315682
56.86762214255325
20.03736569378358
8.058171807861834
360.2133541559689
0.6836082869507822
37.29534167754417
5301.823424793219
8718.825680101043
991.9652898557883
9121.895420997213
166.39956552919298
136.1502557162716
82.44746138261544
256.1509342296997
0.7237630288204113
0.45789206132970106
9.997115215641205
0.11418843284038971
8.416786677776171
1.1494653530826304
2.216040419521229
0.050277269417284276
93.05219952485756
9.27583295185808
2.419924705709753
45.58806725907948
504.57672247604
7595.739465351222
0.4442760343949055
47.784904459771674
0.9091694637526425
0.7739261105045758
6.0586566769342545
17.730833719453177
0.1890137134596238
221.2607494701443
1855.5963337829228
0.9076776334584797
0.14899521357914391
8293.784640601827
689.7635938376125
28.727736437429165
0.13478108121641585
970.8545672783505
0.6179788214911142
89.08179045768206
0.850963042489337
0.9565224199741275
574.4467869179842
319.3498821002547
578.5489472262161
6472.61930302377
0.2489519075504053
1.4010533637998945
845.4434943694545
8.260558769893901
86.47536648100002
222.42016497339145
95.99724889071098
2324.871068998746
7.748487713360911
0.4213966752901316
8019.599179314418
0.3696630155367421
2.323990028644997
1.7387954822116447
5301.310599743606
0.8917527164837183
113.62324858223016
84.264526379204
412.0794454799833
774.0913903712783
2.1825276243844582
186.3570951540823
0.4771772431885283
323.7038011749428
8.924351156538469
814.6886011329248
3.792092544382455
0.7027909089735359
0.38705341253749304
76.5028207020703
9.1832863267691
764.5977667886325
6213.990947497082
9.70812941205309
805.035194464322
6142.480168403075
1.4308322862537537
0.13305616096582262
625.8082416549763
19.560011622323337
0.8120828307295601
9274.355629231477
0.6961980055878693
3411.6743499602208
8.485260215121661
910.1432901969846
8.748858492219636
92.42343557873667
90.89525712165984
2.1024429461477445
58.25840187639065
7.061980176624903
6998.960421529122
8219.357960235955
5161.683064277421
0.34016030391167407
0.7550587203909009
2570.7078659916683
15.529483418844215
86.33857118426013
2.762490381098053
5.180549292604758
938.5048372879912
2753.9524771712977
0.9324334400174438
21.089146786345513
956.9688571319147
6.518529401833009
0.7315770840750145
97.34028953735
6.233800935883327
32.67556625864816
13.428931577715419
6843.3158048024225
1.5727476439311716
52.491342836735264
347.40539064645435
0.9865612872732499
48.89172756356487
1239.9404135700797
5.328017549025383
8.110731802388381
0.09456046508172955
4340.453955225366
7606.537977320311
1965.2539552841286
80.15186396057356
1105.319302544594
0.5885238337709725
4.748534134084185
546.8065899852094
0.704389931175277
601.1784063185414
7902.081068881601
9.171793638333591
0.7213509111841573
565.3378548371004
4.192823532572899
52.98406870460845
0.5199797154273644
9509.21825500591
0.01943410734862505
7785.799035446309
4.014663223569998
946.082680578371
372.05559283932996
93.26478173859893
5993.656622627845
61.33931202108093
0.08742886922563586
468.9865888833937
6.958738822067197
5.064992552507659
0.6483214164609515
568.3197378153587
7068.896904612946
44.04525602380438
4648.2783718138235
169.29590008047668
3.9376174255035434
0.7469116831658789
0.7205098262228959
0.06918264882830194
604.7019993970008
525.7001375493993
7557.50717273533
60.513338770288385
437.1037603037711
0.15488075224606657
630.766243625827
903.0855147072152
6.516318569872546
1.2550455126403726
0.3146649312867065
0.58175880562454
84.51667333414915
588.5191786893358
16.805917720970886
859.3931192365656
0.8465742228753903
4056.0851051151712
89.27229168894945
3.7424596754848247
29.143629312795095
9.177368744984918
0.8844711595881406
3055.2290622211463
0.5353451503363771
0.5404508133924802
66.43532509500179
459.80378827300405
0.8088052617036112
3.216651984470631
0.20477028169689893
1.7139228713634036
518.8893642145134
20.952835301155794
831.9756572697445
3840.1165670209793
0.8913822394745912
6.530186470061699
3224.3524864927244
0.56523777269599
335.1895355512623
18.74143023986209
1.8026997518399757
0.2350344444573692
0.4202586143067877
7158.620845094401
4629.4281783158285
4114.810622978489
16.278517763488342
0.19686481552719282
5441.884729516801
2.1110092719100892
5679.884391226834
3.3622217536869115
46.97060765785307
86.23577308310574
4.8709625364062195
6.663885353413183
296.37730589250043
5.157277443183817
9.413932854643326
60.86950547158661
1.3770285405437788
83.10063769616134
0.8064175988453254
2455.6174361564754
0.5065766097602584
1453.2808778639571
0.5186819116583942
1372.7758271480272
233.356168568827
321.22894688336845
2.345280917171102
2808.5432218559467
343.45078930370533
3.5268895510955245
0.4736265363179427
307.97191466154595
9.765724212174286
0.6634230247691867
0.8629293032848839
4394.977505376228
82.7616987536082
5.716451953609047
8.574807202483349
0.8660045087284531
5.105974863412288
492.1462885562203
501.4385873040088
99.78619370665564
3104.3099508091777
17.3912622576477
5.555043994996488
0.9949689313465914
3950.5778886886133
760.7237921548065
2.663426987168762
0.8505474550820572
5011.9005089609955
41.8739121854023
597.9095117908967
7.780350302372612
6.1171222630577216
95.37925049318035
83.67989223341988
0.5914859498822626
4441.726495633889
16.591944045291307
727.1643345657209
660.9255601831402
9032.202681056719
0.24490691411385268
8877.48114206328
4.930017566423002
445.52977709853405
1575.9319825486996
60.55167726448064
5.178855147609946
0.22837461676077297
0.9817818335787405
81.05601914779292
479.0946990181321
0.7148334431016099
2.8985968918436478
504.45467531724506
6.327730232182262
1587.8785645182913
7.546189102782751
6011.267702701746
700.3165120093053
91.46605996554474
9.510218705950058
1.6485699074413152
0.7842414947928651
479.36957985326865
747.9253391502843
786.1443886109339
8728.8992256199
104.04161113988609
806.4946234453679
1.2180925353290573
0.8660527884341809
98.70394743546326
9508.707144427706
27.08108090858783
842.1396964654048
36.532998278770116
5.656685412056802
0.8620625144081807
71.9233844681766
6657.729557456683
499.86313846242024
404.7103059597349
37.62415089689484
67.39136615157992
670.1824946166079
0.14184217902150054
9.299363085342398
402.711311014318
0.6713266355352826
5.639064525312199
6569.355070779852
85.49904953743284
6.091330187472521
11.718601308116972
3262.267406713928
505.2972372233864
4677.090090255637
733.604199278899
0.14863149124617558
0.12308515238447193
0.5582255028262594
42.39659049864948
978.1314175839007
4844.400728391994
0.3835480520492076
8386.978634351632
0.6532657227825247
8371.099573145953
9.887137280397965
2.298680841893187
0.06333128620389872
0.7894736635816463
70.18743462304485
0.19539128151263463
0.9690405213057411
72.77548336222746
6.670957107287089
2.5961770433422937
9294.106819536546
13.555845039981973
966.6377287274443
14.409249556331927
67.8232417776444
436.9937705328952
5.354487249579205
7.387691707950045
3037.013900166767
4648.075397637144
41.92395627897236
9995.40054128315
91.60075552182582
84.02441401707726
0.6534477558174306
6.0149229724538555
2105.3423174246777
9648.088027130148
0.8322136579917744
2854.036069837459
62.52132077080896
0.5564115544001389
9.665544185427136
57.35987277203134
66.43510155775448
9317.60128180978
36.858590366517404
167.5891378918126
4969.973643569674
486.4541628222566
9.311421928598433
5621.94758637505
375.4470251309863
5.702909162172283
86.61409620199197
5.177753010309075
751.2032152667574
0.6378158930247712
1.01346933960622
54.65439756342959
0.7317714830034975
0.3230695670261785
9.957891496663503
68.56820319517884
265.5780426720543
2157.4010120728726
569.5973043468452
40.72299612037133
58.70475749398918
5.354298811989978
0.750219633459484
8303.469682330528
0.028601327071755556
70.39657624336745
319.23210910662635
0.15480604089061845
703.8381198954359
96.60215213711143
0.7918865812888373
958.2155793712462
88.51355481616712
28.188539508714804
0.8168948688828288
0.35760663034477247
0.11162616944552772
616.6467418167587
0.2714798070964678
30.06203178698186
744.1531513684112
4924.822118909115
0.8994160055622268
18.386591948401453
0.3982606560697961
7.879448300221089
393.8407839952871
79.4264703551659
5803.883294695002
81.46184020071792
0.8883101988798797
0.9747429693963393
0.8217093965426947
877.6921416007585
106.45794651329388
480.6767425801097
103.00237866806627
275.1237738436186
230.0283223030555
386.74027958415877
0.16517990881722033
0.10240963126170755
7.085635700955477
0.5602298916946651
10.77092774940056
99.73982626141833
0.8229758788356624
8966.982658574534
87.95070763626423
0.19371862218586466
0.9989798877391975
0.5886127130712326
6.441561038285788
5.625325491925418
0.9652288683981387
820.0225148259484
644.2637344411563
17.739814409501363
0.4076083331741366
0.7495682048138106
6.418629518107696
0.8041419072765034
247.63844697319215
53.21948686221205
2.684402514863262
0.10184168254038217
640.6463448738638
3.382798655649041
3.3367853328999395
0.5742213623384518
820.5511868201187
2.3255722377432675
6475.376009414829
4592.244210883948
1347.877715787641
3.0095407822398803
0.7837613075477897
21.27585915469745
989.4155102096474
7081.029556835242
15.573999440479769
648.922116743725
649.4219677191069
7902.927525423505
6.399268848048996
5418.310905986165
784.7875334479905
8.590087242014297
18.97262882205064
74.77513236201891
0.16429309818055327
8898.808954690281
17.3531289997648
14.253716141877549
1890.4968786490895
0.04835009344902108
169.69218590618152
11.338575900611769
90.93830336864353
5847.702181945047
31.425240353467142
33.173722525915736
442.6299966034126
7567.96458814149
29.68904042121776
577.451375565057
6.157919720126303
599.311669628009
11.234611251375027
437.4442312799255
2.378425530696384
9.498248901275115
9.317311448381542
314.01264800067776
1875.961584769671
9.975598325601165
0.48366298131531715
0.24157148854325028
2.2053299804614968
0.7099397688864828
5169.026823616515
8.711462089326552
6.309972343957062
6.344967675962492
95.33687870750477
959.9822192075343
9783.596065022211
73.35551873379463
8.573855755115837
0.9954950822705464
9.88605587167107
1657.4497521170572
0.19952351878705166
5344.900727013144
7875.313333480435
7.8605238033104206
0.9376322774903976
9285.639246791243
7.6888862127715685
489.4438390643443
9510.16348928134
0.9435241962111262
293.7029396304531
113.72277785944695
3.0543600160136384
45.62813565173683
29.345324661226325
3.624914437058325
4.368854713119252
63.48589580496778
254.256758899163
0.7606147510298776
2565.2056272775103
38.79307822332427
1752.436310701616
3.5985995051746453
0.8392492738852385
6.226843287319184
0.23467408269918566
763.6468644622973
338.29413650710273
322.89444785342556
36.839116826482666
0.899876917938005
575.5778837844372
8.28248622083556
90.45225666592094
253.36522178970512
0.4021146559007519
343.1840382263842
0.310320835014229
7.833742720646355
60.33075854591574
676.6525970107758
8.029116839244905
98.61734641183386
6.701773908728481
49.70766040685313
0.8898461784454782
21.84668244471214
265.7968580373388
55.09796952296624
8.899921734721675
410.1601186773579
62.21742571833888
7759.8333690785885
100.14735674070374
281.9958668555622
5.980004918530733
8.010782938274117
0.44945612919481304
7925.779146379775
8.0259349294707
698.1598985313009
5111.2764907969495
0.3317873286580335
912.1856752020406
1.7652044165684644
9319.041321719906
81.325330884749
0.7652201469736326
0.3555261601370282
740.3605164468371
7588.014335277408
6817.332278575845
91.51658404674316
0.36850980300922764
6.323292325674057
17.673068059824672
624.6179420087664
79.39293720808222
150.95582193050382
3731.7476749070665
568.6959386335691
0.9830856289721153
0.7234293385427539
0.603704435744376
2.422347827775445
171.8209571683108
0.971420923377861
5580.616283526193
681.0785652797624
559.6003577822113
856.4449992225617
7412.76383227078
4698.761111737314
961.9843856514722
926.00088368348
823.8326841106131
1086.8478500670242
724.1698228354394
5256.033734485363
0.9508719727556889
2.9285609480873056
779.758275155494
29.216193601315954
660.8348034805528
8505.711584444456
2.002149175925283
9.490080053116845
5998.06830887622
0.7792487511615803
0.28927541948265023
4.071176117292028
818.806268841421
0.9085197818425911
0.24516384658514534
6314.596058248342
53.506873190345104
0.8875227609626777
3452.35711689293
614.3291437081962
31.234681881688566
3361.6644339269496
6.884595284502771
9.225824041528977
1.5703115283875169
0.4715166092432871
913.6291623321165
45.11787927790881
0.19362750802904727
0.8901609297640082
7116.549105756285
7.435215771840374
9.542104833687446
0.3823657324668328
1097.2080976559685
0.9382655707728105
9.719377500041764
68.71966995795148
349.8044545425454
606.7208935185142
4.676942972702799
7.687892689468361
0.880941186609741
28.965157581004085
3.7981871145507218
6.136928475370881
2990.864893442857
14.284527045770723
1.7185228308339728
5.84258419169387
872.7472299920339
78.85374565813834
3.0615794709439537
29.889466426122347
7.772960962933104
6.0359132863436855
0.9004496746956961
0.9541397292189534
0.6465076657358912
4393.237990402234
463.4202271667274
0.22338680484240236
50.2398567623372
9.639846622002706
9668.3591582762
0.3376831429216557
76.15249974152324
6.449823284063365
74.71654808211771
5447.005581487493
6580.863566055598
0.06334180204583284
0.35533670204120127
1.805373672172167
5.5634797194835395
0.5213515588293219
7878.356252796489
4.320942817119851
61.50118245063834
451.7431040580896
166.85562471599803
5385.76744600073
0.6756418673892506
3.8167865392084623
0.7886993915711001
8552.19495249604
1.7609675547966885
150.83244047172806
24.94037635345856
948.0336879815827
152.40960649176495
0.06713617862611176
856.59951352123
78.95160485624798
2334.0509786183593
7914.199786991697
35.709360046069975
2.5223125010468186
9448.74170500057
0.06903932120307377
628.6771686468178
0.2871095208595208
0.37853209860020975
6.840448215947779
95.46932934210889
9410.488359440817
2.5638076721445224
6.214824997105611
13.015425151855077
5112.335409615527
0.4368210371471686
0.8750273165932931
736.0267361123782
70.81124128573948
97.75467852029884
0.385082578642449
0.5263702290725861
0.8264580301325198
0.9363114832947148
48.32511304124271
604.0196584894243
39.49839180580391
560.774138549787
591.4680958066768
4.096265323286772
0.22227593185514127
0.11396250182861034
4898.026226415726
2070.3923178823325
34.43045296310645
0.6079795626120923
81.55445015567848
0.43304618530475525
7579.340841575471
68.73333965053972
1949.1881963336332
6.953658043649499
8958.033318703508
0.4865290161368162
6.065381989342985
40.29778861896448
6.079020315840577
0.8671401681385975
26.966930319739678
0.5364936416038122
0.721946426911376
44.06343489704657
23.493281351143814
0.7069477804023151
936.433442754816
6.885589419590613
2.3468702164538002
971.4554676886656
701.8641494855931
80.34025815184187
51.34680469134489
73.58117696027485
6230.650128912039
7.123753193127639
988.9784883475304
0.7952521818279917
5.581135989729785
8035.010799684094
8.720484752370556
0.6918065850161107
6061.1798420317355
7.252516877522077
9640.672553354363
2258.171530980263
4.065948400817434
28.118494814561235
0.9563133041449919
63.9629489972078
75.28701509382874
5.695149242620222
74.94952523662978
1220.3155114281217
954.195896500866
6.528468628026497
5243.398499031232
5.171222530778486
0.36685524137349934
3.8033898898558594
2.7153050502652096
8919.11942015927
10.06585373897616
5.305581268896437
9294.338418539213
53.851106645395895
3.4391568334534615
0.28987080896023754
623.5927529652654
6883.933280763357
379.12347668833814
0.22501524956873442
9.862702636805686
6.4000532204644625
4.601816478744341
6.748204446891655
336.4048580376595
0.9957158214660478
49.94682609902843
0.7684836507417995
5.23680031594945
628.6567920249846
3361.4234914541776
13.26744555280781
0.6477711171278382
44.00968949490156
320.87485094692283
4.2066823626206205
0.6463649984953542
3052.1071823047264
0.20738802552642877
479.690983071388
2390.153867541518
5.534472096760215
71.87742953837542
485.79459856624385
0.8843963782853628
71.49929583203257
0.6445838760488459
707.72459346511
948.9273995302278
3.702409404890706
0.6737899511845569
599.1709222240981
6843.333812643327
0.2930157708490704
62.417930646785535
95.47699273870435
946.1848420793721
80.23788729610783
660.7244568764032
9326.606091162344
6.440938048041024
4386.493377015994
976.5147898534414
0.6435608771532365
0.20304695798641692
89.38852702389414
1.5276593847690334
64.19787050673432
14.662644521019297
17.86918837987703
0.5087408052890682
22.022243243873476
511.14518501117254
0.31001022595759986
5.538649807362846
755.0258049797142
3.866893892831026
1.915452707975851
8.369164126884721
7250.642472805942
2.0429715261928436
6.271322284710217
0.04786205175235869
46.189803321708666
0.42094467496234456
822.373728297428
666.7606187031394
0.11847643226576532
0.4444558547957961
575.9797827072034
558.3523862704106
6960.2645355090735
0.868869849563295
45.238937352160534
73.42716185233171
5958.727714978456
0.9426744127354936
9.908122756002719
833.3235471933592
45.69410154591876
5808.287162791291
0.8970389784053517
218.45484380260893
8.106315410273874
9647.247865039966
375.8285797447141
21.601086966133288
0.6646574972992969
71.80574448347062
289.7834483885099
1.014164862076239
45.591353308013346
0.009171124154459975
472.5105434246385
1.0996203700639318
152.20181350979865
0.027189373942766992
92.9885240905924
0.5147732020416339
2182.5078961848076
7274.100980403625
2359.7113097550505
97.41980337278537
9430.581792949859
942.3491764380532
5876.15615024434
740.527688320388
80.18808888802074
4935.014953346673
282.6954572946632
7.021466667879995
77.58140223195132
2473.8502724845303
7.860386848512713
5.559209828453426
6.488196939050457
495.9445087831873
57.42681546749694
254.27009818328784
21.789568630678446
723.7772858924885
291.7730065185259
7.973048865019519
5.456430968286633
125.16534935412594
0.32117158648165034
2192.290428295077
8186.783157974383
5424.898776105619
7969.84767036063
4388.473181450095
0.15545747823078815
83.90205138548198
57.461027568047605
0.12524415893719176
574.4337902841721
68.00421303451421
0.9073624714126628
11.528144326693447
8824.264049450097
4123.295579815494
8546.02042997977
3077.916006446049
0.3873948295993306
2.925218745767374
2.5526760466979335
0.5307672304016364
60.39347999643335
17.612540653329113
5484.074607908294
31.725578635872843
7501.9536867014795
8.693166833995377
448.1824930370667
0.23765546880710198
530.462492061446
5259.275222027435
0.3119758721402721
605.7505648228217
82.96967028758394
6.211342475753959
482.3850083874813
34.814129443373844
0.5202551102873932
4.447966727305652
7.390658490806436
6.8759393231066745
7.0369267820099175
40.6860251066287
181.4636797398762
0.8181754782332116
0.24585695709389077
689.4389362871442
0.2837588051652543
3310.641880972174
580.277426823686
4667.181787072295
4.8582036660206285
6966.45987778318
364.2443948626439
62.66765498174749
34.68697301942595
0.005815019690993295
4.426656075883071
584.2059581497595
155.6255865153573
0.7654236290500028
0.8431521959518913
2.033985237977971
9513.171156998294
545.8358386081555
46.347308798567
0.45916860526021863
833.4433261179431
521.1849962989268
8842.029486981402
7.85862729637448
5.280876425540022
8.096650939687306
42.01051738353411
753.0363677404065
1344.501274004154
0.1278935003333863
9232.397032709066
42.4666778034546
1.9440105439068045
95.80711795492704
7623.315643566449
5258.6850239475225
0.7040723920428219
160.16684373313183
0.794502326311266
438.7040938314052
3.536062999485935
85.45162317582479
0.7711767706169216
2.04971867601499
0.681066265871366
6.299409041705056
1.944624830343037
836.7960407674713
3196.3173593039564
4919.9313276895955
1427.4849984714167
4621.149781257972
82.4436887212661
75.76545858119945
6.40581766721774
139.8566755622448
61.37224131926987
8.417287147195138
7.964242109834049
158.70226688697775
651.3349018233215
0.0841944687739472
94.54553367531146
623.9871227447654
92.37522729730212
338.2405354856989
4182.011181218824
125.38832630908591
663.8994025562683
167.21097448378842
0.40582610851349277
18.360094582051122
2.327051186905571
7.874119489105004
6.052385315175691
0.221727776833198
810.6770966187913
2601.3010839673266
5470.62468395978
6712.386169050342
0.2760907327057748
9.604688942599292
579.3105353627641
0.01012768682927101
4.322328039930455
734.7946348225747
6112.576016873099
6.817774287426037
8492.415631643618
5976.362340688047
2.338551226558349
0.922044152861311
5.5132114792602325
5.930113547214793
9300.68247374869
165.94048767475678
29.52193320830997
5906.584826723842
598.766144576649
32.67277525999289
26.1476365730378
8.922696643812356
3.873880329582262
8293.071335092915
0.7754808408265548
7.925381097469301
537.8128641593588
6169.599872965802
6023.7259468808215
2221.9510223703596
8.131992477969948
59.087405518260574
90.3129010397535
2659.461819163845
8845.760117980037
0.820933835236386
202.50338780480016
8848.922786678844
3917.663653408281
9846.017469099854
61.40054070209202
8.45217225965425
0.5732376773771583
0.6769623803455165
2948.440468046596
682.2221330574
1728.5859643350043
4992.487831195211
6748.330506484719
25.19326301565816
1856.3102468707339
81.10294950389729
249.5097002279899
124.16641784564631
62.882278856467266
9.268548574833474
5.848268146948921
858.3307611738288
1344.8489105964923
664.2392083899524
3420.990902425428
503.15720241012275
0.42125791039903837
24.94900557512253
43.388706073544945
0.6997071670471473
8.205982070436782
55.46961211688992
5636.8861183118825
0.9838938230627252
8.984946521941035
1177.0024544501168
2.8908742499512585
0.23751105336030975
8.183400036438654
4.003577671889848
4570.00282523009
2621.8547502918955
179.48169032527906
0.35423950270973914
0.07551058951528189
0.3940888619211621
0.5377962895313282
364.76289270421546
696.022694295654
0.175806772359982
7.967677705471967
936.9948979868104
0.3759420099769385
68.57400945432103
78.25599388399658
1.808052581560855
1.5989322772436254
31.070304879266196
9.277187837930757
8.873969422383773
0.07830621479134392
0.4989383023865561
0.9992555319479849
0.3736881624764272
461.6246730045026
643.7459906607776
71.57034827735067
54.27905492456262
488.23789742641844
16.52038985584905
757.9523407157973
0.31946935244407126
16.398847798712847
5298.187911151691
783.7723565213965
2.7841992425694393
715.6957490091471
1.5881518584405718
656.0425261979144
0.5528499622200155
0.5742026389263318
93.77540694514757
661.6285535512543
29.759799599991986
17.41906626381161
105.80750548695728
0.33752284393274845
3.90260572403597
2.7004851139505535
380.0009961479984
2.275256672001764
93.17711886833237
6031.536927390575
9675.147505800322
1.680524260831051
9.298127274180567
0.3474875143448448
2724.449251624533
0.36316339133091324
3377.8070326903344
0.9802413413108847
0.7564152952773342
306.5626188977394
8.20987521659044
196.48757348877743
0.7914597172000291
0.9763294201408027
0.6409497671902802
68.80048846086136
1.2373858869434917
4.17641163175327
965.9343783382643
227.47119167409048
448.7955037852007
26.85514444053766
0.595838840727361
0.3193351494513388
0.211431807921322
5.736444277870886
47.998073680628565
735.0642006325204
0.6241989085675214
2.398385262564917
0.20624274132546716
9.984639553638107
69.68762921429239
9547.111344248684
7654.689976048482
0.3581964610417865
0.42894933702756666
1514.6996012724278
0.4826251530186272
5.1870554447748045
163.02472005710356
9.747877326810743
82.44048853319512
0.6504455550806529
53.02704711400439
0.24063911911717095
1.9042143397378808
0.02652427898389975
0.9090021907324365
766.0210026678916
5.709285590871815
49.24414300806641
690.8042275708075
6928.207499788851
2.646574595098856
79.76919030539224
1.4236116102928598
2.968518203463936
76.34454191474819
0.34061901780691084
4857.0996541455015
84.23991083141763
9581.258788692752
9324.71495487653
5003.717953441878
468.23625322331617
2905.1505738778383
2.57580616343293
42.28373024279075
951.8329676857351
727.7854761428049
20.97806861375885
6671.500967774793
0.1940577374883049
0.5013232015503064
8.438249949658793
6.079888920223457
669.2737081562891
0.05562209112153671
1.8960661812817703
0.11672518019470268
3762.5682517307846
83.56661800856702
3875.0603063278477
85.37063929552193
4.0743158131989645
6.158707114759966
969.7196767278408
735.1239080333073
33.63461323476111
39.98630813789256
6.696255540080936
2.343959536330015
15.648881384118575
6.164303967675108
178.81671821900892
9889.672858598991
30.372123266388616
4.740136556150701
8267.941072554991
0.07356719280723945
431.34274029446027
9463.770927867621
8.865356528738005
7305.214183922975
3.9875254937660056
0.5856650549872083
655.397464525433
1119.6746003312142
8.607590319252289
0.27867862052482784
5.760992010781598
3380.791453085561
594.9295680309314
39.08718213321507
7.299363206790421
46.84648499155987
719.928248723208
0.977077982317831
0.040245937582342295
572.7402271356425
2.12303976366637
39.59104866143852
0.271224502898862
6.832479226839203
1722.1140057125363
2.4836620157069413
0.016254977676696925
7390.183614630124
14.484447803770117
0.1910367642044054
830.6434706648508
8023.828544261647
9815.647910767793
9.087918479333855
602.535198687279
976.9432880444676
54.11006575354691
4698.302424370079
8.181188809150754
86.32515395916786
0.2968731453995165
228.23653493604567
90.9475014419013
29.973645627852143
2.4710892767269756
61.577384191726146
0.18390241424497744
74.27081311662988
0.7083142648857085
1.0356884666620958
56.112339564337056
7.546804483129201
18.347299964799834
3877.7199359929928
176.65601736142222
3.0156662686369473
0.691891488187056
0.6057701119554061
4137.154086624743
32.9705351184343
2.642000698484812
8.180179434316413
41.09623379053451
0.750492161066824
4384.884521821429
91.95629165599264
0.3190137301448681
1.2115390741762533
72.02256965025822
9.190826728630462
0.13697282714981696
15.05005880298398
7.570299989783588
248.8541930202792
8.265852663974684
7482.539529426796
468.21521461107676
33.718166114980654
67.07050367778132
0.44292192877579173
3.3240204180988355
5768.399147205237
0.7986730980625899
3.5911754995042564
5432.753991216261
760.8381879222519
3248.004413930643
18.776419208212182
8.017711716066593
89.2712514816955
66.82750488493299
8.562570012241341
34.34035852213746
219.10730749343455
3758.6058587863945
8.431318713970223
778.4096288078568
2.447425700639262
0.6489682996558565
503.7571835655386
0.035001813594717435
339.95050055326146
0.7662132745008067
47.290816889885946
7.054550246628921
24.01116026508463
13.32757677476948
416.2867183354465
0.46974698098906753
0.015431301684222243
70.85214958883297
7.367744082504912
8833.993010921964
0.6701471337800413
0.8158923563686393
149.3360679679513
31.870590590673054
6.725019538088559
7.62690962449299
980.8404311829364
0.9237714903603851
23.612091194636786
7.531554926924012
996.4166881406622
0.8757503559500629
4432.562783433865
8480.137308990023
4382.81180933972
76.82511014023117
0.7272940909794734
0.9306154900998562
56.355011719639
1337.6963992157364
0.4348882167346261
717.34320853195
510.26489235405217
0.740710170753841
9902.6595525451
5310.66658451488
386.9240983428548
5.454145740213512
0.034557721030838096
67.37423103443163
932.0713179823899
7040.292005486735
7977.335558034547
1828.4817721679435
3750.37743673881
17.126100605621243
0.694204034400008
1574.7115508721588
990.5226328490985
92.51012119197753
3332.6680952199404
0.13050631133002466
7.0404284234290015
0.6242210718413141
5167.364693102388
228.02041354822788
58.61486552641849
7841.165792605576
17.538596990516297
394.8830708660369
8.912916359028351
4000.3099403944707
1660.5691786728617
0.334253202447628
112.30731523829441
6.24650831468796
216.62820874349353
1.18774634843139
0.5363724627930534
1.5534565747193174
4396.834133971085
49.124053684146794
0.9034137724593971
57.182500929059586
9.032398353877952
0.1452054774047995
0.36703334389863596
0.603158824782831
3.3347253954520575
0.5955585461654802
8.427913108372714
2457.56616109859
643.3678970583815
0.43203807917125603
1.034632874344058
0.12180997792255932
578.8629592755443
470.1622183946553
0.8065340685274431
5.129417665187159
44.575860718636115
4527.774329515033
2971.622490819239
506.4098269355464
0.6565456788177989
181.24246826777636
8339.978992495866
700.6714377553238
8.268159865211066
2.810949046495587
0.4702131180418062
165.62149409126746
0.9938699106118417
72.37878765794362
73.91986336547575
0.4946654588090986
53.30451236037439
0.05216812046018271
0.7705162264757703
11.195100796658963
1.1301055428627294
3.9141497597108033
27.646300749800112
4793.129003947596
18.58631303530497
4.078663827055374
9.65330590688805
3.1815058032690215
0.1089131720448655
519.3964490376912
3.599480303377798
664.5830060382701
12.996764651241433
0.6986090686302601
548.3978593845964
1.8818641747998677
7.935962109345209
6931.44041940741
7.922592281679814
887.5167797643215
41.262659824076586
3.6519313250717222
3.3972827625643207
0.04556101134680668
4611.536094927393
9.861954353935309
15.219484057108879
2950.5490197872964
1.9820731514097123
44.915961147091
52.772550405876274
1877.756492648256
5.339801907704174
0.9666297619675347
451.67770931447757
57.25258062244559
0.7981123816816377
87.63727781108352
41.3696206154941
0.4218132217994275
249.89315622627328
55.72603430622273
21.284370010619448
9103.920651911842
5009.78349001893
9288.299048907716
0.22871923808739347
391.58350966763
829.4369233119469
80.80488892731692
0.056597423132521474
68.3567521838301
476.3677333106383
597.6074285767928
68.16369675168892
5.916655127221771
35.590574788568816
85.2812186762275
1.1901231991277272
294.7168171598158
7.460058249798696
97.37521130961085
0.01719146110502101
5.528751200164999
0.9753863525023897
936.4705142672028
1908.6474496837902
62.24760321341294
62.39110173762181
1.9744818486581706
59.680816692988024
0.7544750295892332
9463.216203489184
55.39777748007799
6594.567388685373
5.690556816547248
7.054505584252125
0.9727934474483324
7717.50343857996
460.1772125459905
2.988404253979339
85.07595435343322
18.41425597820201
625.389504074474
240.67398082822876
0.5546904576504134
0.05265055631999038
986.1358464896989
0.842497145441699
4665.980686658455
401.78856257908404
4.26240838843478
9.303815391891256
0.27230645319430513
0.004199676772676297
3227.0802217390506
1.2537610083076745
1.5738265311628163
92.63798736003322
50.65095259613409
0.3989629943855916
9.764829084224791
2009.6566808091986
33.327284410685905
0.5220800765059435
0.6577354950633103
0.6387522717132583
57.22263163832621
4.268012886438964
4542.155803167126
994.0407964221982
5703.939976346675
943.1265841500656
1166.9562343664552
172.13264610001022
0.008214632213472961
0.7150908753321191
0.17606592452597147
9.870602323053095
4044.520241347167
1317.3401936108908
4802.120260043816
2505.849919992832
951.5510758138926
0.5797533812515313
4284.973129245783
0.9784720689348455
3.1645854936128295
300.6447668408432
0.7264951073604077
1.0891398479067738
0.7054560587005119
0.3597486460733046
97.89482317102949
15.17991446874467
0.07906564451141096
2.9269329148501533
8330.783170833758
0.47458079107627993
0.7290071004430642
0.5052521589231432
0.7646322061689463
7721.9473884826475
486.63408476578473
203.9886142098135
0.31364159678361614
2.7584443592712136
658.0022916885287
6.145946363532351
29.671546478661902
0.4691600735239604
4485.655361592255
0.9996232629567551
0.5574673856092327
0.6536319943104354
9.079538105012439
4.381489841479169
0.11341749418254043
766.1581564849361
916.4883881527408
870.753021530028
0.47078469047089677
0.26808280844422927
99.26889597772175
791.0437735162338
98.1468911637389
8677.111827524073
2249.899387855043
4.601204182902288
52.074649401135495
854.2858867305592
709.6177492091216
84.31953155143168
195.02705358533723
18.294541969712384
5613.8160809080455
0.1201100420496104
840.4433326687016
1989.4654152073376
0.8883326125769737
2.325241704400627
7.651393128878024
0.41336679767328544
0.5590721003702496
5.319165144021029
3.2025970805331596
0.14619223775670798
4.737468175739712
305.8764839420527
0.7504146436361354
9731.239966363195
288.7905723701395
98.64687544666238
3188.4874173802446
31.72040500511606
0.43784564099758483
3057.8237186788792
50.053269002164726
4.833610345329263
6.0631957906201785
9572.730914050173
9510.97094791297
4.7757204299507094
0.1017063396801483
1.894998056749242
0.39984357945650384
641.0235376838767
0.036292681498300006
311.7578629947211
8.757103674939513
0.7231895540251548
0.2997871950108988
9.84429644591615
2.4329043221332993
95.26097976422918
13.478878321287613
83.33366107223128
0.6927900580886655
983.4185791275677
0.38888253787156135
8.456405646392799
0.43954175780782023
7506.655721252992
60.27228751963446
2268.7319585216424
23.724337666986173
96.18668011385597
5533.445045629402
19.809615251237346
68.71342287713856
6382.427867277884
0.6698225872621988
77.85081360092313
666.7075577184659
83.45924695543404
8933.377675630598
813.7794247492171
0.36308397417058824
16.033194495402505
8675.231107018864
74.16462240671798
6396.545924769379
801.7849974117499
3.918473793824111
933.0551425910694
0.14981536767058856
8.180516495243884
5.421622197193923
0.1490079519809131
0.032435222988662415
4743.519017612862
75.23224354667303
7.089230731669879
2928.3036953066344
0.9830367937863699
790.5496725911079
337.0318508199638
32.11487947657171
9163.37550211829
5093.243563163731
3.811363990732437
90.04013394186524
82.96426237379282
434.25584286821663
298.0600331271085
66.77313396838233
0.5363428255192757
4213.577952274635
64.11987680544419
0.7561033737923558
7.51211130884319
0.2578327167098199
6715.614788906106
8411.17875571022
1.1946868170938885
0.8861851773471975
0.10364754802759724
7031.483692884184
528.7148382823151
0.7159593418981309
568.7766400944174
927.1677191187085
5719.529559107962
2.030025569112348
0.6563478157911686
0.5097986000770057
7913.263190380488
2546.620138825073
0.005807556345565068
3350.865131147336
0.5787845051857459
716.0066924494296
6600.586217243119
617.7202142371336
14.682732603154935
1816.927581275787
0.39387099419427085
8.14388703960621
59.39139182603728
0.42596794162454343
1.376405414537184
5863.936593541256
0.2384583651089991
48.98596286546565
7370.308079921813
21.15697773994487
57.87668561279038
8.376630340922492
5675.5792378773
414.5109787585449
361.4179281394498
332.4467982519749
331.3977253727061
17.85601386536434
0.18358573710930381
0.9201056737720246
286.0640512977446
9.531503402296114
21.167131768951318
6.330932648143955
0.5264569377794326
5.842795188141197
653.180359801789
0.5842449104218693
0.5716365409460564
7207.806945253035
792.847496336816
7379.914544469629
5856.4168562227005
506.5391007671022
7661.595604743479
23.273860727206163
326.75821178770923
0.873454183504169
0.9391809006886764
3.521039698815074
776.0171885604076
24.234477399402277
1.3746137296604322
0.9257476886918048
71.3336853598981
2.250946216749213
3841.2105692257214
4980.633024121379
3.6666859127982487
4900.704358512244
517.0178549795969
6330.876051959446
8.160833828186762
0.6161271679933605
75.27444935231486
2.7958323976394905
42.125468498024155
8656.99834940149
2.1207853252322106
93.07972166597065
0.8481420830666053
8.47151991674363
1386.3188119308656
852.1048827513825
0.4393280715768605
6213.943452694368
0.871908468318856
1543.4148152828175
699.2695518721912
6332.169970966068
29.92849563484269
7490.30225279992
123.32065868144271
262.5382063133286
2654.696765885358
3.4688682566408335
6.330060271696009
5.722280002882851
0.2601090649350324
8.425259840146248
602.5155408672023
0.012412747800381041
0.5522794500200842
71.5350492018357
0.46066723348906535
5.949646746243886
109.25960459751339
9528.58665776029
1741.2921443831808
1.5793175149962713
161.03794320937803
2.313429683284869
434.99515231966836
6.2864959128850115
9.51678701474181
744.8374402760062
574.1351363375813
1308.2478355178962
2484.532873475228
0.55062612637195
722.9136094384381
5.9979502477161395
0.4610667960110456
0.028479923775618143
4.146638895982397
1550.488022206613
40.62383474274193
0.5802742653453447
2551.1405099433314
8277.841481544987
30.55565779490128
7913.693259393336
6161.394786676861
6.111685875571338
887.3824747527691
8400.334562618462
5.61670751566774
33.9212414290739
56.896831202255335
5.803897499941102
0.4233010806441395
1.6496276194288362
2.1737960143850668
4.3985858207930475
2857.5806351756205
5.804507263214184
2320.8294117096084
3067.4285655923063
7.805925791172248
0.6295945787488233
506.70712492040104
5.127989336832838
707.6006420469771
31.632029441048935
23.042371004278237
0.4964064496150532
2.9672043451044186
7830.879223132741
3.181171434900998
76.28539285439085
5051.46202610471
391.70774942130737
8994.022111252749
93.91866812274756
0.8021445606042449
107.0281572688413
1.6197013200702115
0.9243988208326231
99.5061686739891
3.971300389377166
233.4450486839763
7.01105845044931
7.917696917647551
7.867363655787343
9.91528463901589
59.9541785369238
28.321122220946236
8026.387951825045
3944.994299885848
0.9226472187347806
1708.5658559560056
909.7910375626337
6.9463361781935795
0.36444128055518776
23.478485530107342
8.224005480782694
832.9703110844749
54.739849152689914
674.1973432772882
351.6858769142677
6.3400671094510175
7.507679223439999
5.95585612317214
8024.2109888793
66.79769052247313
2227.148344546621
1.13035587109922
47.42468114116891
331.6172834374993
0.3481240944905343
20.485925046065468
5.131060030341105
153.9361991828295
93.82586991153494
80.47575552434634
181.6962873908645
571.3904860487906
37.96398561013514
75.56577057070942
84.7901438671633
3844.438824245178
0.07512205430787078
3.1719560837631287
7.695153562045399
0.011429553685207039
19.864077431988093
720.646248749186
8.239845065389751
4.574158705884969
7053.238526515164
0.1799286106157133
1.6724522385777563
8.499053451762746
923.9547285086039
2.0219693006986406
33.379542418343064
0.3105850462135866
6444.207447695771
7.521529369733493
6.003574856563791
0.6474666893005141
0.2309196858960063
0.6433247848375473
3050.8442372709756
5092.683802424811
0.3996988906101854
6.5538221678596855
41.12654520602123
26.546651728554636
8.259570947706012
81.98356840325842
292.4947913545051
0.6762770375324819
1221.3596216327405
6.574757626320826
9940.221145454048
786.3630640038369
0.18933163884865412
6804.922129032068
0.42884622241709025
90.49464498561544
7948.893387277465
0.09553330481442235
792.1270464346397
8.533388692744282
0.07806212689295489
8104.997725312382
6.67256438098062
45.31827425424426
0.923392337294382
49.0668942442972
0.47313122992585266
7609.202992282083
6449.229484420688
0.9193751040154297
9.38381523676322
889.0381655959296
3985.5367032827794
7742.136175923987
16.021733821361806
0.7672538023767811
769.0797014065683
860.1456860128909
92.89418969230687
21.952688832405375
571.4441783461298
38.0629692891501
89.74928644407582
602.9424740361683
71.64790933517183
0.7727619946233223
0.634467139186257
0.5330829304919218
180.30980837001752
1627.8233159847089
0.7562087643225002
0.03541336140775586
664.7601232618431
384.31269824734346
1.3824502961413754
2.3099169748265425
475.60251122510624
0.6071848672919511
4190.82115545576
6.56776953853818
15.369588487848173
5.948455301651157
0.6109648010345317
27.849431292746186
0.8268441993127422
0.7623515213669829
8602.80345543138
10.619110868251092
7.389196826920454
0.4070263466804559
0.7830997611971457
0.6832680953106743
8.187450280241274
0.9355404710079461
753.1579773070688
997.7468887225451
943.2955706087696
0.20696082804878047
4725.82712433586
0.09741782488290607
1274.3284212611395
0.0707848765453567
49.77550187152424
44.0880248384027
825.066409889949
0.38636545130678934
6789.693930286517
70.86394764828418
7.132014464248881
54.753922914053064
0.44166130302964157
0.882377006620892
799.5895933048276
5651.781315080372
7571.674381879615
0.41772299145611647
5863.860703601866
6.958519520191181
33.27145891015629
4383.22222556394
28.230723995887384
37.391904137795976
8839.914052357593
35.41232231615573
119.41867130133332
5427.494852303596
0.07306762227161212
4.256142944419805
536.375999776726
8.844217733000958
3.6532936044779896
3.5910665425474897
0.09769307329561716
4453.904152030913
289.47294788531286
23.1497549060661
565.7848827387162
2620.6870360356015
62.16879924175797
7.729713660002946
1.8035732321401565
2620.53719091798
541.2544380679082
0.12853977702108743
7994.230575888254
0.980964546310603
4.371648372640511
200.2451588329709
58.48770460343095
8794.819687664747
0.3618829426404413
355.1374868750745
71.51228296518252
9.262167065370347
3.476939258069278
8.789398827060904
0.11855179615272582
68.8688488644025
4163.91368252593
8.79554169020665
2.846954320294307
7730.434596483747
0.2904722140592211
4.8093231508175815
4.46551277038899
3389.9045658976324
700.8575471313452
353.9156328876791
0.7803079101131554
0.7534141563269473
825.9397869272868
0.3909550335465367
0.037227468859915236
4583.668236866093
9.900537987169383
0.27922149599199697
9899.551516737294
7.373536675881357
72.44074581713872
605.5348513556729
5550.711675259322
2.996457466320206
1.0806802638145419
8.865454932731105
453.71776540661546
839.3636493660931
918.7357293374838
7897.020918058798
295.7409517622458
0.32364019300852886
19.413816828513998
0.1758471849075166
5066.077667306627
862.9183887550093
50.41177424122611
4.363398672223923
32.29973592320238
5128.903059342167
0.2563126791372483
32.3074226996325
28.03835289795703
69.64833976886398
6.098070654641417
93.3109893216921
8.826971254959291
2321.2142361888646
215.037565277697
3.273957993309735
0.6356349864792523
3837.867243345665
403.1871267357605
0.507038888346551
0.7270501405158691
976.2428895526881
9149.92906746304
0.6176566859717296
7.226463848748672
32.65701563465944
0.5029073537652231
82.41124571118216
660.6796572826898
0.04561365732305278
16.029687817730366
0.32112704228136435
162.7171652724465
2515.818069148482
9.355210932078407
564.1631901877381
6176.755456500764
0.5170482400223523
112.5427441777349
3159.0031244330553
310.7230036282176
742.5261768664086
7105.252335709921
33.386493759312685
2.624202363715341
1654.606955429193
0.2544572636219581
1.0140230861912014
46.39626227856187
0.49365691315788673
588.3691394362928
5106.427935515614
0.3882970331980279
8.057786544136148
4770.700814805712
799.7101073958714
739.2600595281905
4.371779891750085
0.6202311100373673
0.27852443328487786
41.97912674299757
982.6586001748502
9955.059861429749
786.5857148371881
10.366560836119532
0.5674664244086012
7066.92271224142
345.88409985112446
46.61811597703501
106.8004940249786
58.83987888805148
277.86722311673515
232.20961733354218
963.3412233830173
4855.373011230488
922.0147690687838
0.7102954075809172
9.319385085108776
63.9845592675664
66.06873812063525
19.695378742750457
605.9889493508572
0.2224828469842658
45.48676721507794
0.11053939320509232
845.662764682021
0.34871923412908845
2.388550049654301
891.93901468806
78.681874605626
6.607379995052699
8954.79819023419
8478.510371838942
437.9032979514741
1.7918338669942346
3.273074505301594
4.894085870765408
28.30991460464407
383.01336327288726
90.23978262258471
8.71301516305711
404.1707148537071
4.928366275614062
5.359200527044459
795.4913757786634
5.188879572223792
1010.5372867055939
0.20340146103980317
6.463485335924565
0.519273220703826
0.32559719056570735
84.51055770710394
954.9598476606013
3.645242748914116
8349.206026769783
87.3077323852929
401.5523292225929
5.564855178845494
60.89483301377649
53.1052016827333
89.09626519587127
81.80974431473518
0.5749708706832375
705.817980758882
1845.1049333477042
718.0864831528462
10.63241897726115
6.614633341171279
12.63515695421239
6986.134637163618
0.8773209776477606
0.7109854316037117
503.3600190331179
78.10433755512317
8.184024194440596
55.78960456661424
326.5801520723788
92.72997247375892
0.7060325966189458
0.9356391834196375
9.694004075691161
579.8629373675037
270.8392606327467
0.4539475802026175
77.27437263035222
45.11601604307229
27.72918248142212
717.2446307193388
6.581379455786874
0.09380810193631872
0.5334397321194546
0.1928286169337009
757.5628292444827
9.622139730414268
8550.61696420401
8.95589602000377
4387.58390976083
2947.634055589007
0.5700226473432757
184.14887299775629
6738.282246303915
5041.019902138922
3252.4130170798426
6.665748513029207
28.11791877327101
76.18088604218876
6363.293004803329
0.7214618836215534
50.27265418334758
57.39374277392658
8651.446861522354
948.5506256576648
0.9219550674493725
72.48422167470481
440.8625461245813
4014.087366706679
58.17609795701034
61.759847036401524
26.29027627829843
3324.3297307312714
0.32964024088782995
6.611596135305364
0.9228748948711609
0.7394870936890527
616.3482062914034
0.3779367577820303
6.804268588327663
0.22130154836693117
0.09472011750904885
3.1775073286603672
7.273800879650604
5661.556340927288
8.143656178676267
78.79235668824096
431.2159210130384
0.42572694871634165
2052.3518453884126
0.5801850292773344
1.890600049064316
0.7278010612820202
1748.1590349526589
95.30527907877074
242.2656514981556
5422.966281686778
1.2082390881001959
73.45159458130748
27.429536321178528
99.92645204023539
7.394017008276803
966.0760813146411
312.3949497107015
174.12517445073283
1057.9247489881084
3801.3514182151407
3.8252155817479103
0.43163020162346544
47.808540421635634
357.7919608214969
68.12461894582879
9713.569291134478
9381.871010278246
81.87297003215953
33.6063877645289
6654.426702733432
3377.764299472893
8.122471498191008
197.31396973723392
0.37212801723541744
6.145798714127107
2305.296858657566
909.1363154573068
88.80084169047507
7.82257737895808
95.67934310285897
2.826468884649558
84.63872747340065
703.3171806167837
8168.69561132094
5.964261010307839
3700.9492857680248
0.3308797644506445
0.9180405936749666
64.10238240515133
7373.5593383265605
54.938169631944035
4.861558282537734
45.865384743903846
9784.344914972095
151.85792087233318
32.00429581088828
78.14818977009492
7809.089705545183
0.7593416425482667
0.5597424935551553
43.87083104180296
0.4879024708381392
0.15369095637494368
0.2071394892328402
91.44110232061203
8036.575528749471
54.342412158653985
7735.740847306005
3.9106774487296225
194.0842173051055
4760.906872551758
1645.513433795316
0.7976900269990199
9.727785983339846
179.74972270870404
1.5619211745070039
2.0073089282403367
81.91487313430402
7.535466974431271
788.7944934331483
2.243693814870368
0.6186839846466324
0.7015788711646472
3528.523697499215
75.37219527613635
0.1048117722316998
4088.1049232767355
5050.334470272342
2876.4645781910326
5.501379226401042
5.495315629283478
101.33878839186228
4.621552269612809
92.98725327889123
91.30592824830029
0.024068060773340894
6364.849934466538
0.47616134685713096
31.290907118877207
3193.6615419538784
0.8537892769935783
9.019053346517683
3852.4029295995456
138.88261252829105
73.94648582057908
7.122880466606393
0.10766219701970559
8914.738948925966
7.735959492027963
77.59538018027023
940.4307390600013
9234.550317505522
0.7898420984181633
0.0841314856430061
1.876868411370064
2911.3435807971346
906.7741771721228
121.48221936292047
7.668866980341638
4140.392232690812
3436.8778517300602
44.18673175977123
649.024012473226
0.3704168633586282
998.5115906244072
1744.189270935813
96.60236954997853
1.2211951629484896
21.466852432114415
573.068159053107
3.216298916006788
994.2671013537049
0.19152893489265232
8802.574077037896
5.8409287660895
0.1271088389458268
4.810931890967333
6498.306689172752
8811.234493618646
283.11094130646865
0.31854795637810607
733.6111883852845
9.810573875056273
7.508376292763388
427.09955236214034
239.04681255023786
360.206109420363
0.9442839606915854
7924.799966009088
52.036926247275915
0.050921144568785714
6.1374328641385825
5812.232435996309
1886.08978550882
8497.648552704626
0.6695394797804308
0.625009523341349
99.12102064832582
32.94124512396846
33.623284597355315
862.0860438938746
99.3747421044856
51.80264596844692
7.309120582075032
1.730516445640573
1986.7928659668078
3693.8893691310736
0.32627431705897747
3000.6268441428087
0.5909300909134056
8144.655045125018
51.966967765646466
2.770243748995249
0.8324865206753271
922.4222963866531
68.04213362941076
7212.16463251977
47.71971272449507
0.15105131943288153
951.1648530921898
0.5423547815488872
597.1729415710415
974.6688238566504
5.632825629539083
192.503951831246
442.02801121653425
0.6078615491892861
738.0788201775242
0.009348822511631938
9343.189957338771
86.78940182041138
19.494935080196672
4.809075965723508
0.6180269285722655
707.9649395121459
99.18015310300312
0.6154182307201814
0.6083129085651462
5205.568729512275
9.18472661033943
0.6349400361382249
7.204921372441593
269.6098262635894
7508.748315947844
4.564909892153349
996.6199603573914
9.653514400813219
51.053062928110194
0.6136737924781799
221.77836023618326
760.8867678335718
7.707796870762582
83.71044025950111
6.182689408161979
0.2782584588381306
6.950132597631372
886.0943316740442
7.103731116423551
0.034319986741562225
0.07259655584523905
0.7875843481521254
0.010274635448050295
973.1773871213775
159.85426484805464
2.2131763992051723
7003.714097869534
1428.1767212121722
0.9726971439362098
8.717783549948944
0.7183842217501607
2.33310024270153
5394.175642104947
30.90402376748512
763.5482731500734
9423.731066785007
0.29708608539059167
0.6964625006302672
8735.346656681739
74.22240591289582
390.279816633042
154.0503330152192
872.8564263364291
219.59987318046092
45.11683084582528
0.38731791973193563
0.24269812654784495
792.7822011655089
2348.6493816184584
4.14938458106707
760.7608136478891
0.07953540848892615
66.19253475530704
2016.0810037511158
755.8575340573692
736.0378369861983
99.07495817110654
0.05633938933480409
981.3151590832316
33.38544686381133
8.014216051473191
0.7582448754923878
0.17253327478930658
8712.169741742966
5045.874276007375
14.597401994991255
554.2588179442287
4851.024163579285
0.1777300646232114
2278.037528787312
0.4388509775484608
0.40599375650610336
393.00337050485126
734.7024137708961
599.8615351555535
2096.8235096592534
23.79715526139744
9.000023234359656
899.1531953505443
6.3329489313411464
3.785849284202633
0.27463941316673746
207.35163742674845
434.055879056181
0.290625303824924
0.37207724835321787
41.129648674923324
449.64989611428797
60.37496364079625
0.42590566751076253
0.5304558994399647
66.98646228130224
8.623935352766388
43.763152726636754
326.199685807208
7495.237996482489
9.92289829606683
0.9684938296828698
0.8900501847447577
61.36530291612993
62.069407497805095
941.449028788359
397.15273239146273
8.33219184745799
9.990718422041503
552.9034493007244
406.1368266306351
0.27952816759729626
6568.478926433111
51.499261452535684
5605.5512037498065
9638.632773923744
4.80174739642198
3.0573899846589736
39.57434341024422
0.8490422316651192
3299.666447210593
97.41740200336565
4.643169956645444
6367.671821909367
6073.43093110765
2.7119390759360984
8.45658607041855
1.1511652875960787
8938.593545374415
5613.911841236593
1.0101165953217006
656.4267322738345
0.48832024054125556
392.54463600896395
69.90351003249921
0.4955889555935854
8.635995931435904
0.9626578294424614
5.209033856530145
779.3372043849733
0.15590899175234085
5.738040224261631
10.666166991159809
0.38281225036547495
6.593813938426651
0.16857204465879005
0.04510927677256249
6.872188123247125
90.30053619662793
698.8881938530841
0.37944440083780995
9348.691161380264
0.038085542262496386
0.775757305469901
24.889492201436337
65.89335639974233
236.0995963992848
87.75256912224616
531.3259877898104
5.2695757535946575
65.45774779848382
973.2443243405812
58.339961408220006
607.6089388653202
80.33243125397638
0.6584528319944736
0.902779994058722
2.6876815825486178
0.2589457259815301
8828.865127585943
994.4383505109662
0.475501669823472
370.4222175262756
472.6265497333711
51.75068135470242
9.12981955021061
0.2602068783246102
3.4772682886148454
8117.020304215424
688.2448254072042
587.6354122859145
0.9161089739411256
4396.820103496072
1160.19831521467
0.748013734800327
2.777288435660099
64.6962117595312
637.5884182101755
884.7711626700539
94.3673376172005
5.031973175551885
0.8930722493706675
0.8808448591248991
94.50847219156223
2309.4344366222385
8819.648634590385
819.1077419820899
1302.1349607791954
2763.946535017615
2807.5388160084913
51.17529736030575
0.70329249215609
0.45717736179065227
4085.5418670341282
566.3571871085944
0.8584142657971556
0.283207065862059
0.07464617755793679
0.31718825978237253
0.12049528045696711
9080.685589369275
0.2780813939607727
6859.802905952627
7.900334098039666
7.435035412193964
896.3475227697288
0.22260856206310187
0.16383263267781945
0.9517195764550334
316.44513052792314
2545.5942202973492
1.643809765010088
79.89175795192021
175.4282142421648
5179.62676992906
4.158447421122654
723.4113950547821
540.8248159861405
7.40054724606299
64.20461688755587
294.21941912674487
6.309024690101689
58.33546515630711
5.064640359930285
3.3918473661519597
756.1874015881542
56.60748219358904
8431.936737281145
0.22646469369245237
4.682493826910687
639.9138596801554
8.942245289584807
3374.548553129789
7.320514373906942
2.7327675814262733
384.54898275128613
3.246487846709959
3.478410041277603
2704.7676197400615
491.19353848040845
8159.042011929324
34.39136121498942
993.996879670114
0.06847675399071484
6.285865392249504
4.24476290496719
239.62747789400441
694.5138597883276
5668.397863999997
0.45366630125424623
68.3854532816454
15.190985364262987
36.443789779718074
922.422746896819
0.4442562948732812
917.6569146946895
0.43262808481098036
87.53998660534886
89.6681763681793
0.4715799530793756
23.619730062360123
93.17670786338262
622.8701599052824
71.63016648943461
312.15017911349173
97.6143565315112
0.3563510205417927
4.729506943762942
7073.690691759517
0.42109578959721805
52.60249871564611
977.2415103183542
1.7528788750013824
48.342775377591565
5798.0370311663755
0.700005581362403
980.2777851165781
88.85278210976992
95.09187171993887
1.469605136070229
72.53332038630083
4085.983589604688
602.8751460033899
60.776850776827885
860.3060682442912
1.979348796632836
0.694043644629785
875.2305277609628
1.1601205956197735
91.54552335195804
0.7814450804040552
8.97732663928097
0.03553665079391877
2050.5853425916252
6417.409196665923
7.615977192132393
20.73538250289809
28.219473470403635
0.8870769433291695
8160.66313855062
64.33953488456937
0.19335744621407447
9826.35320724576
559.7155633407635
5103.742310897687
0.5511616033774501
41.13119798465148
6.199218251057119
96.8727718409001
4821.189764083205
1.9928019503856553
0.8332894559782652
9415.286501761651
7080.075506678772
4.681198378795795
1455.7846792371488
63.171051796827804
992.9191442315401
0.18596132775092344
92.35202744654593
7.361155154364245
67.1752425539824
5869.641369617907
56.756032363260346
9.521883692053013
9.866178352157162
4039.298316502201
4.708456606134028
721.0289973273882
936.724855353308
100.67179924951087
665.6168831651441
30.718507217548918
0.08058125184659926
8.58249934722872
0.9198615093985506
550.2750870525806
3262.9443914012245
6.664698575767417
2766.5859208727693
9.553206728035153
472.5385492815668
95.89536752005844
0.026939923210808736
504.2064750815717
0.46083303269916365
0.9427725221030155
0.3623730347368562
5154.541894097686
17.37944832559053
0.8540797019280841
0.24586641453114544
838.7481437178573
0.20548226901214728
127.96046506765934
2.5997564417837182
39.308584453604176
0.7497666406119354
0.1598134660684114
7226.271274467849
0.14993093943033942
5124.535210674476
280.80857487183454
5966.287527779682
5967.487400378979
5940.648260377298
0.16898328086270686
92.46947062383441
8526.85357397945
540.8286974684007
0.9892052274591792
4.131322800875523
4.041992076544712
577.5607007669211
0.20103063571637392
581.51459911765
446.59531683052154
9.6693918087265
1.7579661621654585
7.357661525745785
5.391930725342146
427.85210942889427
5.688912301608312
319.58943111905614
672.8819138034014
0.19461605765729195
68.00349059376877
50.56014520264104
0.9463831188389993
8909.287546158499
1669.769117089781
4057.035768586568
3.015586201864975
0.8228483880910519
4.755193417023719
478.74552858263485
0.5977701306482993
0.9025105500186671
0.5866345395658865
8.505302126727678
456.7411642528514
379.2561196843561
59.49938180822089
3.2665707918835607
11.871267564927068
0.023984914843137917
0.22099131355902524
3664.8354910978996
461.4981365767834
9409.50898788338
9163.328145190655
4142.004712763998
54.17431409019377
0.46786054362107254
148.60740278230423
774.6499225143268
95.17251812066215
0.3664908213778906
6710.084956162395
68.46871789584961
0.06778966845387213
1.1729327215150087
921.2810475592428
1370.7725185937647
89.49444396953976
2241.9083472049238
0.09753527606569068
1.8716744692075438
25.84884281650076
0.9136910425041093
2.3156176353380067
18.116771162958134
191.87216847992505
3696.1220012186614
6.114261174622591
9042.238589508828
235.5079011985579
4754.81687695166
0.10993126407477183
7.08586750600766
3.051076635158876
1069.0369227807928
657.3233931826771
0.843785582779763
0.057352987068188366
55.238994965512155
4.427721564028691
465.2140529158488
0.8096912624677469
627.6295066096083
99.43283360208979
5.102000439743328
3.5311028117999674
0.6584380070693414
0.556287534044292
80.06405852542812
941.368088317109
939.6546566601279
5.583474020279425
0.48229363906714096
0.8386933082629847
537.1048479737906
5.768597873465237
60.947446537373565
5222.37537625179
5882.768199651321
0.8736148841242158
8513.60392308043
64.513276264933
444.9089888288449
897.5041897360081
44.934682577764185
31.91967018573687
1.6301229540515916
816.7338758660393
6.540940709797839
462.80983816848766
518.3548246878531
5.4614373255373785
10.19369216096877
0.4798897582343006
20.068763955923387
399.76358507133546
895.0502418813484
9.193849620325743
2639.8362887197222
1.2727694785253119
164.5252400811581
672.3262171172331
5505.158252129916
6179.5661829015635
792.4699606418458
5.406706112368912
0.7047718581685696
462.0255665539912
7.253071363821935
0.0016939568165019736
9.206800126774336
3.3785202173874596
919.2896664509094
7147.6483290566075
48.83178806774604
887.3389604466797
34.060168320893844
961.5250294122825
37.82069060544219
8213.010064260809
232.24103066033751
7.37204902415227
8.740314791983371
323.24695286602235
7435.397283875188
36.73484130628341
994.6704636384073
19.512462241196626
12.573044047154125
36.78097286262331
9.091544250873076
77.31633808034545
0.5950314988187342
0.09852154678342973
0.023041861396588592
19.068233384626932
5457.7888802392035
18.414688484527908
64.51670615329188
5.875588487508834
1.473554004751817
4.82233829174064
106.6463836940218
85.86036083732162
124.51505028744026
0.6982529608221766
0.13691119496308102
25.242213900382062
579.5509550458594
6.402359307136968
3.049831666841264
0.16336698681783002
13.591020202556592
0.23424203840918867
78.4798887776704
4929.307561200765
6.809672153323238
6.82829674282548
4132.6816993354605
1916.551682227624
0.9227034324164756
121.4632469627458
2.778271626531208
761.4243524142664
1.7242708706690546
9.790809260489127
498.00763985985554
7.415535069411589
0.3977147240532598
78.76465934094009
6894.141597311968
9.48475074123143
8.137186886875035
469.47694231431603
8.543363514956859
0.6972595124978691
59.77092793761529
52.61873787626649
0.9365465011138498
7.367936400195136
0.07691673841122104
59.74563998678741
2158.74666748328
8761.042416411765
8965.273407196706
8.699336875587173
388.9579735592623
42.82920525360051
3.4498466609200698
0.7401097503580704
0.24414212121309897
9.84471836135152
26.64905865600059
3589.1512385438773
6501.090813572345
981.32198754518
0.7604210345862764
477.41851104669144
29.93599559497112
84.8825815637665
76.37912641887362
83.8508768556964
0.5868599087726151
2.1599521994100668
5931.689186528004
245.79328876442275
7599.317705518828
0.7706253871808634
0.01771252472675655
62.357063978747995
413.7992320099156
5458.749374359141
60.95702965976524
559.8127996561897
0.9802609142749392
2.3125827980491875
6.722891301745148
7.1082772238264145
805.4282367561993
0.9275881245853658
1.9154168919778425
0.5629148333865699
63.271057677947184
57.01323993164831
3.7681955839345016
0.18362519198216476
3.150769241760578
0.3221361752606644
74.0560369709912
5.004554020874482
3.9559519375269803
0.11008301889511607
8.278063958442928
8.687099659159017
2.549934632677986
47.58552782009916
744.368735214448
69.45541577921006
2.3577592250139903
32.78069223938653
61.70916429687363
311.83489751214853
24.983494565463673
0.7243649744882784
0.9993413151150832
0.6669260775200591
8.814857033585884
9.734841747201315
371.7501412787901
6.784275949206443
0.5389719754101985
6283.900318255018
4.196477119487817
9.900497052170792
98.83478000290829
542.5018278651024
7590.687440908784
35.1313084125494
3.2131945493136174
0.7951150216246239
78.1549161584285
1.1065784303430204
137.09053623939704
7.762503864738145
0.3162679867448187
3142.9054058014794
11.91739550881774
6709.933116229191
8.228906478396707
3707.1739454205854
7.159657834102617
950.7134566833481
9.605427528520515
5.837124477832169
1739.609661879945
98.73331101106568
5.35764485167787
673.9236576852543
594.389417934148
85.66647097492618
286.6902181825433
8647.990870052245
1259.343983151313
0.1019942411425413
790.1428771794618
4525.948292834887
24.89863332632637
363.25409622785764
7.179957207526132
0.811442617045686
47.213528618569036
0.5725604142113383
675.6665483146073
8.055928577950581
0.42704270726028004
656.6331859998363
2.593739043786003
1.9232486303647123
8561.840547776845
171.71025826828
813.139118833116
0.822556556613687
0.8258249053269066
7.18611073961728
0.7191968508174862
560.0356488715854
0.46639580676962866
1.0182804075133578
65.43357838775478
1651.6654645762608
536.0975241408864
55.13951044602816
2637.169930729688
833.3332927786784
0.44787767469579565
246.4407183888625
5201.772781647883
0.13150948464769097
9829.33419526073
0.9834323157584193
559.3149876212685
6964.582136929537
1.1853212749535602
3.6202649829295175
34.529822941631174
5.805699567328533
7304.778706699631
0.06266368783075627
3.7375444692742676
49.74996157271221
24.94889334166972
976.6447658692401
3546.685230334959
0.7778922014618782
0.8567555145166443
613.3201611282913
7099.47325173545
617.3273948922953
8.15100050535617
0.04850304463911548
631.8096380595885
0.7529878857929961
775.388954730466
97.87733349981964
0.4170651436004238
786.6529470067965
422.36697777732036
143.8963379974537
26.100004521502207
26.50427165495047
13.069434241259481
572.3300956370581
7.995308346601664
8723.577094571947
332.08091006343864
906.7446621804963
0.3024484468912545
3.3916047733735146
988.3485986270075
670.3905508301322
8.090946598873758
81.04041341417879
9.19859162857179
7119.348267001141
0.6158704051243493
52.6179108818042
10.1945298544181
2370.9652010527316
5.01900268676371
9.537620233457995
9871.948236749713
0.9371703914988772
0.47049383563860203
6999.87275374328
42.87293046652425
0.45506313119451425
0.41262302467917134
3.734820221825169
0.15233583703118825
0.15916261686379218
352.0674533331239
7114.2222607061785
65.94522203863885
1822.8076204794286
8.015406726929937
28.965882488150797
0.2584025516265561
5.210563630624221
75.75123110785688
26.683698089878447
736.6196141824066
967.7035882799019
0.0906621816039771
33.96758454893845
95.55949267426122
3546.283148029914
9.228117167378192
0.8582934782483354
930.0652824647836
9620.768725311791
11.009927108116436
2138.4274463558418
0.5187117527364545
6389.522043395503
0.48432741750374164
1.0841470127876651
855.1293599731723
73.55279609150162
2303.6241671829125
7783.225167377009
0.7900457296695017
5360.748066191228
42.544639230964684
0.8498336665730122
1548.4863769760636
2739.004396745657
8.628709602991089
3124.4338402024596
5.34619769536993
476.149257252183
2100.605362527315
726.2170345687938
44.17784263927004
9.910012981504375
8.637556945613287
947.3769276448683
7.185721267320688
9682.526139768597
267.07997510422257
571.589781550199
2223.950165142369
601.4254372936438
0.34666924947958966
777.1600551766911
7.495150752529974
4043.2038832287885
9.505747140077904
0.6101816717787619
5863.614388774863
72.63508631643076
572.9334606219227
340.06962351607086
855.3438880323516
5537.501665605419
0.8098776982526897
2136.545523920501
798.4979488429215
6.303957189507202
7.818545215362061
0.1743567202590809
10.884259591309586
0.48606823942050137
57.900935993191105
0.7562061185950295
9.869753111983687
1.0486609960359228
78.89831506001745
1.057278029171349
7.709581362302153
77.47409248632131
6086.727890217946
80.50896236427208
9858.606138002413
21.051596354494905
25.264148638298867
0.023557891283735533
814.325715504071
0.4966431430607233
0.24199124961984086
2730.643909107907
54.44796235009899
58.43364547815044
97.88491335490896
83.61527254210456
95.93144822888378
3.764033046748155
6.322556311153926
2260.2277601136125
0.3084649368806647
415.09711174754415
8989.221768217898
761.1471689729433
0.799699884892232
53.67098418242564
4683.020942122113
7.222579549038427
0.6512053259356215
899.5277914957179
4.298329916080604
0.03321702655832037
2335.163317800798
6.444010974451819
210.34577148953193
7868.631530255069
0.5131973186483811
95.29914737471302
100.29078816642811
0.055962409020539394
69.39659283728678
9302.325596753857
73.2341188216933
6.382534967068633
0.48569809346491444
0.41173570011116456
0.48773474691478325
156.28530296706168
7.9459561104804175
446.69708681256924
808.4235203022629
7.82303118175956
7.979160439240762
73.01655608767823
6172.61828223424
4.92404541505865
961.9659212708622
484.24100355536314
422.7926181423536
1.2085894147956688
0.004869156512998796
8.59957102447543
9385.295971080737
447.8868210735837
0.9437997919233778
780.1231667909573
68.0606946472701
2.1305221609396052
42.69191919533479
56.842371687938645
87.65414063826026
0.4723353882480301
599.1602467542056
71.16163637667839
1.9005114238386434
0.9042562488504184
432.8683496575139
9.9316936692818
8756.316380828308
5174.42759681295
5841.079983073163
503.14125317509837
578.8876948332041
49.592287234663544
0.5551611870300255
125.20963541426767
681.9408636166086
97.8450772948294
696.2550990607833
0.20334722596915245
65.50871534576282
5204.617203841039
3075.7454585866817
791.4181768946871
0.771506359580122
7.15622748257241
3.4277706129614782
0.7318683424044333
4.965030203603257
7.689196071347971
628.2301808935414
0.7922475785675832
96.00230904058637
77.12624006781827
5.849676698709905
0.7285793796702227
91.72678865881836
373.20172620476666
44.53835773833171
710.8200128681174
3768.772895991551
895.0982123535279
0.815543096276652
12.366674409001078
3920.3852571972743
6069.786824662632
63.71471102200864
7.302152590812797
7.808909162807277
7593.637517087605
8400.755738239852
811.3151257930085
80.98886355591496
80.34060196669424
0.5176828371691707
61.326023363581086
3.370751708413795
0.06215115642988178
7891.329833351665
297.0348918834199
0.8958630427795792
8.174518446336974
0.9291260681703803
57.29979264932821
0.08290340568038568
0.40315875718084704
3453.5814237932195
597.6811393750723
5.53896574101521
488.3643957236318
69.66204867210647
5193.469406002271
0.8697390917456058
252.1233024074212
5265.282521273199
247.47680628683077
3.7838123638620136
1513.9228644665536
15.057826334303337
2.3564880883153263
0.43884199494938725
8.682136920054369
80.53492312925047
3.452517223080076
0.981180718094051
8363.314367956466
0.007965971166510322
557.3408579544786
66.61322785028008
356.07059137751753
903.6777937196164
730.2099124171413
7708.534081802853
910.4089394552919
734.6753773311243
652.468869185521
2871.0149986184706
0.09565617844075891
701.3665194666394
0.8723847498132823
8.018450243177622
0.14437828164742994
5.263710974852288
0.8880822759463223
2232.668338487257
597.6244687932709
35.61165968794021
412.76554756255024
5.043678002113423
5.653078533495714
1.1048366780633923
26.391965999650434
1450.647859282249
4.1068715441530514
5.765882352504503
6310.98850777995
3999.0150428971415
0.12287265845215423
83.44727283370091
15.279587318788623
0.6491127370372319
934.6792014384941
5.312896742603083
649.2606378352417
0.05925533763319346
34.95412094763155
4.372055262350982
44.68500006326397
206.34369247986962
53.42940952179692
105.93397594187037
50.07927022696181
3.925425402554099
0.7376042623914826
783.2383453729442
3.135275511023383
9.770093995437268
53.15508384946684
132.80368398946618
0.7115355641785686
0.1787965495946594
360.56582193101525
1.1975944450112341
3.5359938766922285
0.43531141326196987
381.2440842314586
0.3299278724004723
864.2678112039567
0.7474392522542728
33.45755126252802
852.4944916430035
42.35489779469758
6363.762140968891
4039.328847913475
882.7809551570025
328.6769616613253
92.30548492870486
5746.442833833741
0.90341367628098
6447.096227447062
2907.359531865481
9.798447975069237
10.230247918155566
308.4710633892297
37.3801160931253
10.227771088958459
2696.4599138834856
180.8851038796243
9.701286837973024
46.221951033695774
33.87411231451465
4692.6848799074
7752.91325007618
6.804332755953446
36.787088704907575
0.606011674458413
4.370102552511808
2315.204927949439
4935.036936730938
909.3620964867288
89.01684302810658
6.259306268706679
7198.025383612583
9405.332248873956
736.1734770174465
75.93149766474299
0.7054726630336605
254.30985931695827
4062.79825080847
7.828160270634302
4837.529235245308
6.642520358591636
0.9957931768835313
742.1997099635364
0.037555345611397395
3423.5186940850003
406.9974398838573
940.4400338667592
526.9679006822863
56.312621741090716
7.397298160005795
150.13415029802292
63.34408078479823
0.5992310325481248
8.324384097467608
8555.454118725847
9414.243498157422
567.9343801453496
517.0165661555775
0.2069065168992965
0.999720179606558
78.25754983230847
7018.821380017461
3.633802002114459
451.240845125883
0.26776776882143327
5693.8408213402845
437.41621817404763
3.530454618242139
72.84399006052881
8535.1905153985
2.769700301132044
0.2593555441010128
4.620913422194258
62.94711744268322
590.5681289820355
535.4010165458046
4.652636925345723
15.298240783051654
0.27732093306820915
3.3484970317014415
20.28518966673949
7.4241312277357965
8308.174573913413
0.9243791971409758
85.95994449532779
551.4224165607278
0.20178148407461638
397.69958900757274
3003.997219386901
552.8796859398176
8571.163371868597
1.9467747742040475
0.6707546249594054
0.5139207254376539
73.21755648622587
3.025078333092556
31.99515599292191
0.847076285476212
9718.315670858587
9861.944074295869
987.8110012093844
390.47729102450614
12.138618212840925
656.1838465224101
192.51645847148635
0.9304056910789541
0.07856657587946247
19.15059725332393
7580.919801813787
920.215325452482
8530.250141398472
12.734473234767629
30.328773479387294
85.14064685367552
0.7659282776453723
704.0560816573806
9.762050972515192
0.9025041135915023
0.8748781646299675
0.5377473669942371
5343.202975517448
0.6991258196084885
444.4506830945297
560.8439198306006
615.3920711590124
77.00200789142619
0.29806215241056777
0.7661443958379762
6.56385038239844
49.207111139416845
3.688922045697126
2532.9884668580116
49.49922709628656
6.355036739178757
270.36491921896487
4.154663493348757
56.12111557961299
482.04189914146843
0.4224781705915739
2716.732889817971
530.5929483223978
227.23896399663036
891.5313348769863
0.14935550220457083
1260.3055299614807
6.425515810212188
7.196295844431006
4570.104220603874
8.216942386686675
548.6269162652487
7.728694599660746
24.299717174167903
36.20400763644784
445.58451042828494
0.449584765356452
0.3502160407197974
520.9853296157718
6566.008064544216
66.39395403979881
0.6499501193190664
2.344331673767428
1125.2323072578263
4.638054822309313
2.0438960663551464
61.39338718636069
0.7620820208435997
1579.783068716749
2365.7375891654574
0.5545712415543689
6681.609300635826
0.8559542585533503
18.178656577747866
0.6591524226898473
864.5003531591818
104.72918479800897
82.2156665827001
39.23293902120319
2091.815222331499
5.835901490048059
8.36194264554657
96.08251019725796
59.197742274175184
0.7995371631046931
3.727490001611841
1173.4539656355137
474.8409145760559
8.399095283038374
0.49013383850397496
0.5159549310468385
4759.792031105529
0.15663639961214526
6356.710479521141
11.321359490540884
5.9035069088327745
263.92510054180696
7.631678834094057
84.83731781477832
0.28938501381207715
1158.9601761583667
7.3911277015134855
0.1202519705855356
0.7222765010384328
393.458429490534
0.18100443491440754
3.160093552081392
3875.591608802149
1.1827408749290969
0.8431429518271139
307.7889801977225
0.14311102422383393
55.71757454553289
4972.29549709286
7.130924432029595
3295.7316177473026
5.939066133659958
446.97224104641833
3259.3793693796315
3073.916866503557
85.73179896543358
5602.348524907694
1.3473043140866792
65.65130580542306
0.6243926281914702
3.3334323322589343
7317.934908777765
2168.4189312823987
16.162237241768796
279.4587192276827
4527.626398119542
7656.546284350777
3.1329807351393315
8727.66368493677
3312.542003382166
4571.639991888957
0.009514687906614805
3.477160992401619
6.2550827144513335
1151.1554555089442
97.7844121073651
0.8431581500077692
761.1670926038457
2699.445984959755
6182.6704543367705
2.4780087198014487
0.3979536804766177
7371.419519884559
518.3105934761212
0.08304016983187879
658.9419643921734
74.80593907740239
0.509727465340943
970.6608091260567
848.3114107856215
73.87304510353691
673.4200545184291
93.47220095262261
74.82669679619598
1672.019734854605
204.18937662127513
738.8394960079979
26.92049281353095
5598.2784271067
76.8585390709241
6.245044106674426
80.9180185999393
25.277004894443788
659.338829315357
84.93110532425567
8.87673598196121
12.294769838955
9.782991960392376
187.25609477028948
6.8921330634075195
2.4102489098386473
8767.855050231181
75.07203691016876
9.32449956493581
7.286030778444998
2.5832363533225577
7604.668402318008
16.844240640362827
0.8941252543907858
62.14913925463288
0.5734953396849064
699.9947805456637
2.522623155674432
0.5062306346094075
0.7215696297324297
22.83689750112262
36.14905473483473
312.4553658835838
4.2584644403953495
858.2956162749106
435.4277543389615
465.58989876980905
98.5079085488776
93.33203030110231
94.9504887591922
2881.2291064216142
0.2770982317667656
0.46933292957220096
6.328234168520581
4.611563760964438
9320.208875731012
0.5379607060050922
0.3065942394134268
0.3034297219679516
8978.32702708646
1736.3866714932374
0.05474488420140833
9067.55084948929
6.828478224313683
9.856981137233522
2.9534269406115667
0.4302451548642383
6339.113693140034
1764.3912939845552
92.53304578561537
42.409883609114644
96.61975669214397
2162.9440284121247
0.6079495946657815
50.92978759523212
41.274294187183834
3.890372326913295
2.206238250877327
85.22327723177735
0.00369241505521567
1.5582774467279048
5.233935473894169
1.1605491784791033
2681.9560156008793
0.8894991079571207
707.5646816139126
4.153221887027781
2438.0144965829577
37.44010586241742
6205.5365914408285
38.17378148427638
11.032570582644007
637.007109096734
40.76871530915469
0.1821547045194054
4460.609761781079
0.15658180509411357
2484.865749758133
0.5998435083614851
0.48050702691360414
31.33405323213322
260.6497115555929
852.4208812901079
8.211455280917882
0.07072526333873042
7.38717371562857
2.0599048290442568
6.79502655992867
97.84635510770819
50.66020608065185
0.6452422032259953
76.450968591397
13.489690857389935
0.2600579056019222
0.01177566857366985
6487.135061508475
9.160458783683461
0.7876397298614195
0.4895829580943283
0.6771319731063821
5.827747152607941
13.989210203848113
62.57946334823964
0.8270098699540734
0.48636395136424737
8341.256324933865
1804.6909400416466
990.501116939626
0.7483495256865382
0.6753409912994557
6.133451380511192
643.731256867603
1277.6515727050796
234.6566007517449
71.99829302583483
0.13979220882944865
0.9092837849863679
7305.648356728204
1199.5340861728077
0.423939455121948
0.9182595975947632
710.0354295846521
0.6251086254952964
8.386499064733579
9.323356619877552
0.121805662270837
557.8686010560535
215.87449163921312
0.6613292302141591
0.9955233992184804
329.1017430562204
5036.880635451944
8.414717657600516
1.9807449235603591
5131.571548152999
5105.217780915557
9187.34875720864
9651.733246877133
6188.999878612864
0.3238423434720691
5307.398909469798
4519.319223487463
9.666116966500088
0.7405003500084499
0.7426416642411207
6.98663368081723
6329.50812056688
7873.662927628016
9586.415430698169
6.242251267572182
45.43999438782507
8997.526264558957
10.922347091492945
6632.8289768218365
362.5471976136068
2.686638203392211
1.5872322140055917
801.7000713090255
0.5371742317207961
32.02333591941733
3.1198039889890596
0.24813115699434785
6.87914896825792
432.0324428337478
4.461060866126406
3609.9638506231868
83.91764055097408
0.730451298075541
0.8563782424474277
2.953300109578485
7.644710202553218
5.312460194967461
4005.6519585282244
0.11926315155050315
7633.931361729047
353.27512682532534
166.36179228493486
0.19222850725681484
8.96145712767269
2.4172530213849797
1.6005938964439392
77.02312101963975
4.672399711294961
0.9630736892411715
9293.415179921922
75.64454230956625
712.118860157048
76.25674173996113
624.414434143438
1964.3569752487056
0.28865845985988514
8.936267852408308
433.53269428552943
0.4938309437160344
88.11138411051144
785.0819554098989
47.060104047082675
33.426122596074656
84.77427830637026
8.27904271477653
850.075801725253
6.165257994897917
583.3640289092627
0.4198310554187724
0.37315067964057647
0.6322964367299957
0.7421796679239726
0.17835258513324126
63.9710422051094
0.3075565888440154
691.740295324326
43.839883552336
2660.59854756838
2.640156701759212
553.4115463907115
0.6976818715841513
0.9407379962059138
199.32692771463422
9.297359874312292
0.1281447166495363
5543.871011730634
0.9345925449085812
28.449106397659495
6.608870660491972
0.08180309341634506
71.42736941206415
2.5946801301811817
424.27577865868494
0.632950489175526
94.19447271262682
8.07181951817706
0.16222019122493359
671.2008866252504
45.69093131055666
6.737188174325426
0.026881892045822475
0.6765871452404455
84.49892976602189
0.05157797969488742
0.8453796816272756
0.4571048075339287
5368.502371702613
78.8596454556294
8.897764422940636
848.9613383687122
0.7202847825700437
0.3922658917276636
56.26923882336754
2508.0751757894427
0.22248502102459766
0.18019687247223548
6.627587765739507
4596.8571419127065
5558.81777388625
0.7073522706154622
0.744396585308833
51.647510799879704
8793.26317922452
29.221219321043137
0.08557025288686737
4752.785632227365
2373.7999198733382
246.97832481974368
5865.08723598428
712.650614993739
3.5752910891933243
7.466969614746684
66.68048919574615
24.375558141533226
0.977248146822033
0.6291873010229702
448.9703962183321
234.66433748612826
1.455764284939196
553.2323114173394
74.33556857738277
7978.493010769161
0.9505069860371692
3.3360618365230756
0.05723248073416831
80.3656949265161
1.7049743995603495
8428.488367793316
0.467678227311098
59.129780729676504
551.9219391384178
6616.753908184772
5.977794989285401
0.750101169909948
9.073614646320053
11.85700110971779
419.33694490136907
485.3078961561658
82.9338582223341
496.03958512856826
8.928398657562056
5106.950231240084
4.68121094374294
38.379443086538856
321.7377289677048
447.0911521076859
5826.695328265191
825.7607042181786
0.7121975247958643
1032.3751742525778
30.300735987609638
1.9563251599748
40.03524658132389
3.6379552487480113
0.4446298267074802
779.3198820287962
0.4617667327879089
843.0709698554538
4.041019203567606
46.3193930069537
40.564128659140096
8.158917611088956
8518.815556394557
4960.505628503926
4139.195114126101
1.08861342492374
9709.589501543122
424.54284035407466
9255.309082463107
0.3873816182898593
58.75413233223102
8.228970559779295
1.1034093146751833
47.20928853366592
619.5838036516571
0.8830113321553634
0.7730165555941712
9.975249337660845
8450.954420405564
0.5832432881638688
15.77515170985876
3839.83905947463
87.25335025739778
2.801433769782824
639.5907524494003
5.325605472821354
358.41490268651864
24.02695026717335
65.06081393868128
894.8863874377214
0.6034691240136775
0.23290998014436393
8599.920820863108
11.9633150664611
2878.0687066377477
0.24436416856123677
86.1395662851853
64.01685342554065
4.356192080853201
619.767583226963
5.640694665253654
4.130039859638868
7182.836753977749
0.18806640397500962
4.567476781685271
0.2847125694487018
0.6677180036317683
2035.4841406625235
0.15108041074139988
211.2600078904918
7.775558174904306
2.042231543255525
71.1768693493849
0.24497329322417083
5.775431990542782
25.522608954552716
0.9408005324737778
0.8836422665676777
431.456526229431
12.39512984753388
0.13864591066848397
0.5734800990551056
9.65559471997833
29.652602443597264
532.4473021079632
8.73108243748677
9534.840978905018
0.5120030867462875
8520.58780425574
0.5121297669422878
8.833289823515507
1554.8323962442723
8.247794783880577
670.9151867717015
7891.5009504133795
281.46628884688516
31.1852130485899
0.7375160508088151
7.373828256626145
0.11447157342861702
972.2954588496391
41.32420244859386
0.17077204987369343
0.19711813282643265
5.133466453885514
0.20612771132373264
0.7675515427920568
313.83469923201136
2296.3828794023934
6775.921914900132
150.97686703353386
38.852671982670905
0.936543331766578
0.8756294302565274
2239.1391161368824
9.9735280924568
1712.554972287279
7029.622454022635
0.8586358809078457
69.90304786555919
0.5806738222939931
274.17125796512687
8.637002127401187
753.3715348253997
0.5202603190891126
4.8153468933502825
2610.4891332392353
767.2005531548529
0.8291568664954556
6.381073916565484
9281.910153144923
90.73565629858709
70.87489395374132
0.6934279503544216
259.18943753908206
27.8843040493979
3320.0680386553527
33.32521384749987
5669.295562738811
0.058746999974134684
0.16761622945222054
1741.9952029391695
68.90255139812007
571.775236661028
6.414464685921328
5650.153442349347
0.6726789351210751
17.180536404050926
0.689519341867944
0.631841562297841
852.2433740389955
29.18694738076161
1213.318080247252
614.0596845928536
9.778220810558224
50.71684202694063
426.83909580289935
6.734242040795877
77.36975456230252
1.8275337152712012
0.021158788435194253
0.860539130912169
35.99072317717774
9.68351944679604
7.136688093156993
0.07268541633682968
1171.1363912373606
0.5733940093762446
0.7724878611990161
41.10595987922893
6.154634527556202
493.41168926849235
81.23507793253599
0.6218269502902924
9.671626918886215
1.6375908647795778
9.820886322082403
0.47190674262920174
616.7017473459723
90.7189957705945
72.58935275138928
8.972533998122037
4.532345527363734
624.2867902498306
0.7611164902695887
953.2752983003677
0.7226402059388015
75.98427671522934
0.8891521037137041
8574.954573697883
0.12828582248452736
20.7042496145306
4700.502465388881
2.2511990650410985
0.4297596917842941
325.9926851121608
885.2501091120172
0.39838783974498226
19.90735553246681
0.5280193719638492
2.023116089731709
3.8303660302733498
2752.921930507839
591.0412618367388
5.959550375900003
74.59986372159968
0.5399343104003018
97.84935079655479
839.7273037316381
14.058215923976025
0.4981384835380991
2735.512888878634
0.2507054818841966
79.88985192777524
0.6836374471615995
438.0698653259547
0.8911459836678784
6.408258033963222
67.81402439127481
8.335067698109693
0.9112338168682685
321.1150806225539
51.80176458557948
80.97690551471187
0.23575472412563936
5.429278113730035
5015.688447250473
0.17117876866565063
0.46406164523258775
0.13548447363468497
0.3757481128079089
2121.7456104954567
2341.6084503267352
1255.9962008737525
231.5869781658142
24.508283425922983
0.8210952564075644
272.43500104877637
0.01758570411182203
8.162786570821522
13.32484047752236
8.204471965589033
0.7532663168030596
7530.704925059738
907.9809683936058
9.085868800326619
186.24138037728
74.01648279970256
88.19241879196633
3.592928795369277
238.2363207020103
41.45891299993839
0.878046801334761
9430.488431834612
865.4190589925452
4.41799549176007
123.98807843042935
500.2212768373117
76.58509654192184
1143.2330917848333
939.9678383571754
8.540285245486054
0.7845911269276267
867.8272268626359
0.3057484421457882
0.24087109899500558
9115.642447558701
4.994306441045229
951.1745334276478
7289.432094016838
88.11161073774774
760.9213302591081
0.9742997763880357
2147.460239802875
282.70265762001935
0.9074032823870615
6629.273558868439
7830.246196783039
4680.731841517608
965.9049684980752
32.51783176344987
70.31545074192157
0.6075760341127617
823.9288888684948
338.9006428103035
891.2103037140071
3453.177459938461
0.21936508716682823
7.999798170290983
3.322790906499696
0.5531943962901206
30.384718555647495
472.44754254344537
0.47840095716450426
557.617664181766
181.42624212838044
0.619054401805129
80.71235690246885
7438.631666309449
777.2315286031646
1.4349764970712797
1.4920431743278073
5.782397627996193
118.52238824544715
0.07708716517596148
0.3951314427084166
0.7314493092651503
902.7668097447614
0.7493251891344336
779.2017138200562
0.09421597559384609
7153.74108922177
9.287479563343663
0.41889671437361775
6260.299638879455
8062.195606813734
7.2936752840697565
95.10816153509238
507.0309046144186
50.53995341782398
7.741138230904566
59.307313946979335
3891.3297938299775
760.2085516348801
7.121009220096019
68.01414413984683
8.236675342431445
3.2011422241911225
19.622472592838115
573.0586829824846
2.2180323174988748
33.543752192064325
6.504137739914645
8.549757796711265
0.8502165372123592
6.952667516145462
8.63272489045374
346.5522255829231
4743.733306718154
44.67156035165344
0.016337304349615667
686.4927966416042
65.61469931505258
5.461508677929265
3.6130169423770564
36.07774677957012
321.89651678822383
5.057732477778182
74.24670741579106
3162.785754454476
0.0008067383072885015
0.01508246572409122
8.758409264832764
5981.653453743988
5.956994783605696
7.412504743177928
751.8831760320597
2347.7307348726763
428.84048175177924
770.4934152690155
108.81054640218535
90.17058250671077
0.3722071612559701
6153.301251898272
47.18902116423094
91.29438331104869
923.706912163836
4.130111505327876
2933.6767309972356
7.927270630134031
5.107587098443787
92.45465930317945
74.02415409761248
78.23525956756903
4.455583038311105
8.680886323729279
6.445773944534704
47.032602781233834
0.47655789362576084
4.745601404219189
3399.9230283989677
458.83313992610744
4516.834470615565
1.9825322343942076
99.92404611232095
1974.9029297124698
213.87231524967365
5334.553327274143
0.14538976169430107
0.5206286014860081
0.8067238007040751
0.9788838734475768
0.12055155233115566
3358.1347305896115
0.04348457969577191
2609.575145243749
25.015931025083248
233.68442450731575
671.8384808768578
7544.242926183622
183.01404994105664
9445.612202811839
977.3903782853423
6799.90319914872
287.4347075325296
9627.776240270752
4232.977674169874
2788.0253890390704
4.2479241786092174
2.3891554213440216
70.2925774507581
2695.7151900742347
6840.852810590808
18.501195328254973
36.65812995606233
5.643914940507766
0.5904683856750723
83.32401468116507
7.145694999129626
382.9743180070039
442.9372117256587
323.5440166055416
7.395656113573082
515.8422570662653
6788.480578082954
6.4319622205364615
4.083979352621297
49.13655838625781
17.5480370776507
0.2737708082522875
0.24038054985709578
458.763442042287
55.026976182413875
18.430425920176763
1.9915087784055518
0.9599585775479396
4.88058400659248
755.9730374684011
5.727775522800902
85.79177742460045
0.43698545495918517
6.090459110294749
502.4207178275997
8410.149285211588
6091.479963699552
9942.425095070497
0.5230599953284224
75.11502719279417
685.9128862719604
4330.742887609763
7.847555559684817
469.48793976487656
0.07967947536937825
15.022768444561407
280.8993036264388
0.039903396952808756
58.43022427136519
0.9517525625416803
12.158612249980239
1.0579734936417973
0.6734258472144076
0.883235114903375
5593.337264071185
966.1791336051737
31.63775026796989
36.94594542326561
54.77538147615992
0.24495833909760145
664.4658093117766
755.9389228728706
414.2560801653561
9.448216221752045
840.8840719259276
0.38380891608976686
3.5854577963340084
1302.1340653821178
2.112506118291538
0.5921277142774248
89.51106260735948
0.6687515126359243
9.025342443405105
56.093404407614855
19.938287024300337
20.04885171309192
239.3871594203648
5569.803262182907
8388.064848577624
573.0126671334779
3573.7767771620465
0.17505238819723867
17.493020693006255
929.2120263946671
6839.81453010392
387.49444742067965
2511.989224568183
7406.498932165971
5488.437161844329
92.12544158059843
824.7344581146895
0.45375032162504525
299.25844940503566
299.40946106572085
175.9635129727505
240.49069538059155
24.096419392791248
47.922743987546504
2978.3057679008894
60.754283950014575
1212.6654431855234
0.4633838754296533
7971.428978261634
0.7012735080034571
99.3842441578499
914.802049940912
6.601970585503526
0.0374712511451869
7024.308591636821
566.4705168734719
757.9108371703696
2.674425746938114
8333.55037190738
8.280199895974002
7.881998351101506
277.44915762637066
0.24944750780837432
69.72249445102746
8.033734899269048
850.0822654918283
5.777674906772761
678.607835038659
8.834261919262872
17.289628286683467
3.033615783465832
0.3288216091063102
381.72574517993087
627.4105932048861
3.9980997215129332
0.12072532297250116
9070.185112855394
6110.41344795193
0.83621444295538
4629.339317783818
7674.528741825387
9.762563629602187
7.176596393554627
80.3705048559989
36.91730127155689
8.519584394545394
3482.7021058428186
11.740855744119816
803.9953203588119
8.462190572747607
5183.901736083452
7659.958804932378
0.07925494128768973
5.312240771878228
831.7913026418341
0.10663041914545779
0.0703899614418868
75.80781678909894
64.40392377013676
2665.498697963503
0.009654042917593308
5.578743301268093
78.51383265613975
48.60534719881825
80.02812882764712
0.13519789059948228
94.58655430496884
0.06116843627900015
67.0928783387952
0.23463432952200292
2.757384263311918
644.8353613504397
3.59065954864643
2.535532831551061
1.8549759586536452
6.303699188711345
9.54924596883686
2040.7871375088316
4.4091189636567805
4269.232267940235
18.934001265538736
0.7520563499369912
218.39648205494754
3.7711617858265054
736.7011047106643
9.749196816409118
0.5984307654382457
9.109404585450854
1.539636882676575
6.531888362436083
180.6780509444733
3.360765512436159
2.2905976459657786
7988.166251913639
20.43071921235541
7.757867093164688
3732.3568666596143
0.81076399508942
466.72687541190106
74.74290841795136
0.05756557918463712
9278.537004996675
97.24358953794288
0.3197541634430927
0.3542005112437375
0.6989094065747011
6383.688878881735
0.24017578818335283
590.3121723262584
79.99203302650481
0.481078560027128
0.39600595137564976
191.24038511888818
38.70801304740572
3378.8500873126404
0.17790551872739646
1.5563489642303407
21.22173934208159
0.38241540226870163
0.2997008493803721
71.43721361995514
90.28716063826872
4.31420927552277
5.622154785153405
90.11781937818782
8.115984835248835
2727.974832527955
35.50397034108408
7492.692478638355
20.341488639773463
72.0326672764813
8842.925818509319
764.1026916817978
1.4666366321132507
2.275470774117647
8495.182872265566
5519.2445819710565
521.0097402224956
6.070969079784179
3.403038886566969
0.4263740173669749
8.65348154926229
89.31258414885419
3815.994514903339
64.15770368492632
950.4256770141026
36.91203469282384
7368.471639717203
0.9076603720818425
414.53648337431014
62.063043770780126
0.5938935543123676
0.22448303196939878
1723.6231659446578
460.80610561911294
0.46765121193403303
7.9064656832130265
20.33931928452022
619.1543633179164
0.7523345651204625
0.7501038796036186
860.6904861242057
762.5798957128038
735.6287337416954
4.7392072411191055
0.8394459711475439
0.15716300281785478
651.3699837309076
2.869757207202589
0.21946690874263708
94.23492279655278
0.46019312741280993
8.808098504949085
5526.272175142262
18.730005280123198
1.4201198962712724
466.5974441326972
9.132577178664224
3.0472264763630585
79.45573431635711
438.40593252443296
0.043006736876866514
0.090212965883675
25.353963471555563
84.60793176461951
3.5244206229749375
8.646113820721734
0.985913051392507
7.905500564863086
0.05403426110301801
3518.0232593569262
0.17734009402988415
16.436902192916424
81.08514276081499
672.2610060919768
307.19166980314185
14.939547657533215
0.8688214958920324
9.952238149748126
16.737670772368162
8776.584184868216
4352.289041235533
0.42726408719065256
313.7445701291275
606.6877782454849
0.889426464976939
92.7161155807485
9.35574174162469
728.6490704283979
46.86487597992638
592.9644853957329
34.402130412001796
2283.13658468853
0.8095620250197124
482.3476889414897
8.996279993184945
6.841234906521602
18.303176590050775
808.108083669527
940.8931564792136
6825.447081812741
4435.9317399087995
9197.966748007066
44.26975054099772
0.2833356216719366
78.20406015755752
0.7586625506535375
0.7789534394260622
63.33281358938736
3517.038585576727
8232.229043012007
6.643163606066633
0.5244435785688334
4.835759189101654
711.0228602128227
404.47899240171705
265.63722039466853
838.0076554929698
32.20061204955942
75.86724950423987
7.662859273608703
0.812688177602449
98.71292916624154
7481.530528470898
78.45245374413675
224.66827789760413
9747.139904422664
935.7521980956273
90.90721755042448
82.24406622904391
3266.186133600606
69.5614212856972
0.15623809858784188
176.77696494942896
3.229088122829701
1607.0746456621775
3.3136807094174
6.871605968857242
187.45224062595145
198.3134489502344
6666.326454921756
4585.0150956187845
6.348919772638738
39.17198149954852
44.85587051060782
0.38279988500452067
0.06827846613302846
0.6771981585626686
6.41593082093976
73.58044671595222
0.06262949138836404
272.1134066412687
9207.139639238467
0.8876475070009686
2.2834632289170442
0.09904537053027529
0.3576940346938008
874.1807935524903
60.390979107254395
48.62437184440102
0.7684067899819069
0.023938956846327186
7.861214495649125
249.35086198839485
7645.936552237285
212.834982590126
688.3451110041783
63.19374238615478
0.30212512527474134
6.704703495205687
8039.521268322941
0.42418866293007806
4.396326086709282
6.860415440650167
0.7042236222474911
6784.358307105317
0.057234632422751064
954.3892267241334
882.6901716296352
795.7327899177554
156.91288973845374
277.48070142113636
25.62989937079846
6903.338576365237
18.622592116002522
4194.312392067031
4.896612930252287
55.83993619201816
658.6823713004011
4.614346834552018
0.05180450876524001
2.012870427710265
0.24813038505620622
3620.832152195476
0.7089056218365515
9.792906114980388
9060.03560247251
7.5461232642999345
905.9263448079602
0.802739046083556
2218.860453906687
1.3030310456594274
1.6414952397226157
821.074349710849
48.75867556646056
7.152293823735793
95.78832324600769
50.28900215016275
9.494161761941204
164.50662466648657
687.6806472178625
287.903208666914
0.17177510903189808
8.422191607475556
24.043600215604
5.6339019446355545
0.908464249164471
6.043997679328605
0.7449313209093589
0.44863627979438236
6.945593608801204
0.323216530015093
0.11978938724305044
6.830015624764477
57.31091872336683
561.5914801926344
542.4411827875482
0.23012046808443176
156.29237049511758
418.95665642594946
4113.973511192223
0.1775411000432281
79.4287573215043
36.91102117812579
9.00776075469196
845.6504296868867
6742.141179392203
52.02869354388848
9.12826319611473
99.88289206918704
42.755326888438624
487.4381636447138
4.335679846003771
79.72584199247878
3.020475069934856
5.981094990183218
7404.278344353351
5.183307305889434
5.885558877316938
1.0335518547021716
50.00972022759842
9823.010303728963
99.1746031540477
695.1972371428959
2565.6037607794237
971.014975814073
28.116378665023234
1311.751173170791
0.3575363295207681
2.984953392715417
8096.521295623174
7079.7940348881375
6901.22278370895
1845.813966249298
4474.304798724137
6.747425470272585
76.44153695377386
8475.00974759744
3816.098611162092
152.38643610893797
1.9015075461391673
8.051308189543496
91.3192738285803
28.477522208908212
1736.4035576610859
0.0053763783260932785
771.5149129590787
0.29074580226082625
41.16335407650785
9564.510718036674
7.736509224691725
836.7404135936246
5.703870451683535
0.2613790096551306
0.3638833145789907
8.840505076798532
17.50630284034238
46.30036626844172
0.8453060895123448
87.56727907092254
261.781818472538
1777.212732347082
2.2730743479847693
68.8828126863179
8.969835423378482
0.4932082723962887
9344.357112480475
458.64105863369485
0.38356990370443467
0.2443628851108367
416.30982722246745
0.7390864425176382
0.7566532701261394
6552.753579595315
0.058110644890834395
0.42481344455526193
1710.929598482831
79.23466081245496
3681.3012341862695
7.980928114433313
9886.253579130142
0.3527487480084127
437.29266492699537
0.7397557479728704
6.965180210003821
0.7971994940607612
8.747687103622528
48.97762726155237
3.7563761465844947
0.16330389015056623
846.2608776469708
294.7837271536813
2.214292932932679
5435.656600085536
0.39705304602092895
3130.787935741717
56.49019792542619
0.7327995717741801
517.5370323511574
9.23167988907525
0.48987078057707534
8.041998469685767
995.0928376139134
7.8122662551552935
62.929241272515
63.0952261664428
3.380544338193334
6725.87983269585
7.042095745848831
414.0127773185963
752.5858749170733
42.46902901650842
547.5647578437445
0.02238090904407486
977.0536604202174
4446.916789020159
725.5292947883618
59.521030893948016
0.2947918261441793
7.593296511850436
30.541903297228057
852.3158201878474
0.07957353095292263
3582.566138421386
3.5673669264473897
592.3449055158487
0.3136053096159698
2.5077596449678663
577.5848687711413
1751.2302571554162
7642.700251860391
53.177347769266234
41.303260799247234
3.400691811529387
0.05470023354045239
8365.061800158515
2692.247318540224
1889.4294703733428
0.21211115194903463
47.81500290849632
366.25560491842134
5.60972623519711
0.420628156060182
97.13648828691646
0.920572942857852
5342.870844427828
6426.375431567632
0.9431749333885362
93.90033463920514
3.3987461812896314
416.06779141408214
9925.794319357403
2835.180702115461
923.2631126284423
54.94432178952591
549.9855914644276
8.529812238893273
0.11577066671327896
0.5308500179442193
8598.360870921304
940.6770758864457
9.701268553646631
452.78845869222505
1.5335793834788691
0.6603603146545144
0.3978984609982258
4154.29059255545
0.7664691596932532
0.6969426508803195
0.38030005171587344
4668.852895613152
0.8337767629242563
1.0582355180694503
6.350585939262968
0.4337757911466623
30.73392369587865
14.383258715719883
546.003633099998
968.6330855894075
6469.8805435417935
7098.4765225735
0.4527275611330368
0.2514878429529609
0.27197743060221924
694.6326128955056
109.4035666512716
3134.3500443429907
630.7262471381467
44.63764179973745
6233.263876274351
0.47242917497325165
444.96202074158873
28.8238690070489
7.6252725487150705
0.8051358281961378
1113.5277770079088
391.1427253011409
9124.604924228372
0.2869499397922466
23.275863783151273
289.23194969613417
906.1123862323398
0.3963045092227002
171.18418698433868
981.3717892798975
21.304586816117286
0.8025196347027819
3.526391521164489
580.5991609417372
7.2996195262749675
7160.429801634256
45.01376725031903
1.6148174809372084
8454.692904778463
275.5325789754939
3047.250245391712
63.9141565576934
27.368950943241053
0.8964933934841702
0.370272153440686
0.6057051207397318
48.03595255737613
8053.496651754029
1094.4683797077037
8.819533075529108
5.744431219579804
0.3111078975914794
0.774792132722889
5877.474742860016
8.165796853184649
2376.41517237283
952.2163520026722
9290.335091829123
0.6162688230950751
0.5612854212111328
34.921070088251724
9.523126273111654
73.58704416797069
74.83503823325623
27.808771391225505
452.6864263832163
4.730937931738013
0.8623480980216258
2.988421877980978
419.5826047405297
21.322075026280572
7896.28201673764
660.1359701155865
60.54894135115647
96.74219307103817
0.15239239425958795
1148.2483776537567
513.3384143025818
351.7898484123841
90.02092500214084
5.393959289743603
0.2553012870184379
580.0931164402814
0.30355096812523463
677.1661513337993
0.03223823723050967
0.15847064168827585
0.6018044263811776
3.0467340178061675
570.1107706850181
1.8742120456249456
6.874622984771886
0.4995569165210927
9749.254163656351
42.71570083799088
7313.160364209555
660.6806448268381
725.2297414335891
0.241736562733881
0.6369173565972783
703.3949373446083
0.3281736948930438
59.03087269660418
60.692893652634815
0.14045093641239736
9.136929038589647
0.6792730095503625
2.0048837052386537
3486.2091606101676
35.32936801741544
0.34204668582919706
11.89739291044123
92.39794380816014
2749.1583397256923
5497.974575087459
7.179737585995436
526.2076598308885
0.16922080597471068
0.26244898509372727
93.62237667554488
964.5096703713438
7.950150877160265
0.5076335363832618
53.30422434174885
561.9574384913578
25.626785787748563
220.23174960548963
0.9298497809770623
0.29929954727611396
976.7683642504221
7.620100712858293
269.09308912722685
633.1354759239126
807.626011764808
0.5007805637861577
5.166018013272952
0.3566121207141898
7.815040922403273
0.1429881421758139
4.663094164393168
7655.47083713701
0.14089274007955288
5.408043880901239
98.33198207880032
9923.391934904826
9483.959932444845
1.4135022689186394
7799.063803942292
0.673600538471574
36.01050657046648
91.35096955042081
0.7188084791250647
0.8572089705120443
0.7913049197717443
0.9210616956779732
0.43723026622550065
3412.432297308513
7.039330779867844
0.45681459810440317
92.34926860662878
5436.743083613986
9.423509122575055
4109.360087858758
0.775814913516085
3093.5760868275274
79.82427055182919
2.1502775277436506
37.10705098341748
0.6082473851479373
9209.34132629062
88.91860089133698
0.08082926750084873
0.8623606331962707
7.040777171379844
0.4920841948889465
82.27332964209742
207.02623445259738
8.244271315980807
96.08441898650861
0.8681397932710097
4.02425607835701
1.6608574968746537
7849.352175133911
32.88877600603277
2986.376826595669
21.021464027688495
657.8115870627639
7737.584728534807
2.304553584981109
96.79359019139167
7466.591114921528
0.3060864661644148
657.0453283904882
163.12453632129075
249.50142977861822
9.262345215527736
5.420198272218241
4.1222669731536286
559.1053989246203
98.02515025338948
0.6437721013073469
12.936713735104444
2.4644162742185616
490.15524020991774
76.85290073140011
546.0948606111475
2.0075740043934487
51.833102013636335
0.47023353560298753
0.006757246289475938
9954.243198436632
88.32799474137336
0.7916449737919494
768.8157341311061
0.3029083245579036
0.43530334555362604
0.6236532930067167
0.7956019038081411
0.17166214220414233
24.969277729853868
11.29731471047929
61.42890255893509
2.511327055609043
5206.432147578785
2527.76733997916
94.28363703806197
53.85987007314539
83.91948773419675
55.64697613785267
5464.92690463807
4.715306886926907
470.8629310230102
77.52962180963655
1.2059817145134244
867.8861229265605
322.76200399709023
362.2810031466764
70.52130585346676
0.6641180582935273
592.3419332519513
312.92208785538213
3.3860798845269677
93.33195185783866
8.887227322877543
9.901736156916973
7.62601563714874
0.546141163262237
0.7833854869734542
1845.3551731381613
3.3365531908626123
987.840845412301
0.18444744686987402
0.11431261651005475
0.6211191538764574
4.472282771753387
0.27639998075375205
67.88770882524726
4663.57535862864
8740.110265063922
794.3572903579968
99.01447490231
99.4941485917099
0.8268396452799377
324.2765755229979
5891.017208814707
0.18665491703451875
767.614877509427
18.1827264936674
934.6652159164897
325.57540699372254
473.1881391736744
9476.204812598824
604.319270181626
168.66066905720788
737.7150190885828
4.052528073471132
1949.8627877361484
9937.245987386985
5.813582678216913
711.1205300259631
4.71681167508577
60.0561819075877
3.285480973642297
2.4906199861087974
95.37522148952485
89.08122323243988
46.76540865212759
0.11043886433761008
0.9154016129152232
0.6237792292968402
2832.9798702192156
936.5722900273778
694.1167067336888
56.68405183477102
6.184809255042101
1.3860054252401466
8.526177414173384
9731.381773827554
9742.612775677813
3.5212308687471605
0.8808982167179488
99.57510647551237
0.9170822045220761
2.4804473705857033
4353.392368105092
127.81954438722465
0.339096574211573
8653.429331254687
33.53652677932306
3.178582700405218
7.941841192984706
5985.537030998629
3.35136958623232
0.48405145698010377
445.15826758385157
943.9036998738272
27.71155580735033
568.7252205959667
6.279277759162446
2.62579932358216
0.416898868338466
135.61324228185822
9631.287731421067
4292.263362075598
6.913911094563064
8451.688823921277
0.024558864486767584
6.257308860000834
721.2496785670164
0.9019796754110331
6.322645605384051
8034.644237867547
0.5716587271081895
7.438360747633775
769.9066274559259
4312.373538839448
9884.667274015073
63.37083972133599
4.49966875948279
0.9301360495417167
535.0037391670116
3.848000777754864
3246.6408668348836
2783.1906632608407
19.735087973544875
248.44376222025355
868.5684860029114
5.436107426620293
26.60032786382066
0.1177340181385208
58.496299440532276
7978.162819350644
94.86822591071439
719.4703347052189
216.0248086833826
24.532621778707654
983.6060782096736
78.78691737533354
9.012262436755709
418.48452602235267
670.5508324175746
6339.722509759724
856.2422541286322
1704.1035515584613
42.010178072519345
0.5972399988928897
43.25055034795178
0.9249695210183142
892.1059722863511
0.5525199761851209
71.94465982543163
5.25548858695243
224.22341476291186
0.06717639589861235
724.1258036182699
1681.1468116337812
0.793651059195984
8.197478546558557
28.948388814085458
257.74015729757696
704.0117594838613
0.3274920750795218
0.6064094680258645
0.02363747903147939
73.56208585097835
0.5592388771942411
0.5696695614857998
9319.461875971963
0.4437703292364913
0.7749681036177508
6.465087713248042
8110.735357007303
4.194640327535248
8.541379631555618
214.9735039605325
7934.503841381729
0.7923273820498289
4.895705973496054
9.461687556279605
74.02451713694698
0.4724784900481389
9642.807532226056
4.2064309002407025
273.7389306611031
41.787600412505576
70.69495420047414
87.11459027119005
758.5669372900861
5.3800791389762495
64.08147845873646
9.99588704767136
967.8797781777633
0.7431141228895155
76.5377450643934
9.903906275421773
0.8626980189932465
327.4302386890902
54.13846949789662
0.6197806082606871
7.246327065434954
162.9737338957711
0.2829118952787695
0.7926931679263495
9.72705677672657
0.8104190073544802
219.8368437903695
0.290359149725392
134.5898999194055
7.684762625853403
0.6193200353277802
80.87943586742419
7702.886576928611
502.4067834054934
55.80534138843656
0.9736393242238537
1157.0766981989266
0.5306041136239404
0.4629740340169811
855.9814931030803
33.02819058339349
0.9728270504645427
417.5341970076207
62.414815950693416
692.3583588965121
598.4269872781505
573.679680421053
75.62438859210143
2078.8958509069175
9.397867062780831
286.75955640350736
899.5242034966876
93.35697651849179
6651.900087217472
824.8496618813639
0.661997264061278
6.740485848573492
4.579072382775344
22.57335478465291
66.37916100137777
6.134805245766209
0.10321278862108929
0.6858800097915975
0.6423387141851973
9.504457468980531
4.468617607121881
1205.7365278397492
19.941233069201836
764.467303614884
0.35563901825595656
3.32129620399062
51.00166471756029
76.9371389084293
0.7213295414413847
173.2164508248195
95.3585675800783
4054.5062648126195
832.6531373674502
0.6231974754120806
0.49505909162534134
3763.6706366398453
8748.043326683985
67.20777901091076
74.38182406245103
64.77267016369123
4.173900269694454
7.535070673037629
0.1532584192848272
0.2462748025354774
509.0550904164268
3.1188909177240687
204.1300028414028
89.57449944696133
8284.635043732284
5385.083158976427
2.924331585756015
44.937543687274854
719.6931588231288
8549.226271768572
0.3347426483350162
1.1478873920252697
81.99665655653851
0.17105335110170383
1.053498147883063
26.955383334298755
0.4237509846546461
868.6386733763607
0.2690443351647981
35.375781057259616
167.82344418681262
0.8553658045599714
222.65787906243673
356.972629393476
6.193102277478834
0.38311566180409706
6.168205509879844
9843.933102266445
975.3074706556403
7985.256815637567
7.957740923091185
0.7124110185612254
1815.9598817934152
6.12700813066371
5719.185386102793
839.2370908110963
7.5899809123069755
0.025310184026693383
72.74406504016325
9467.012043487335
363.45815494302934
341.13471455757815
597.8574711072097
5302.203885361515
0.03657641006518342
204.87234778041773
8.870558308853402
767.2182043134346
7.546164547089593
18.829909934771017
0.7251484132429831
3.2298673718797346
4986.754440278442
0.1510273693977845
5746.341367140298
5056.402052903903
815.6225380976414
3.6659669956199856
809.9900851490097
322.9408264450362
6898.763926747846
52.33819002719123
536.7988635949056
4.237629037940809
0.9555329418730949
37.06047354626221
294.5370663421786
663.6272262368645
9961.360967924309
2126.087105771736
9.25811823607731
0.37986351628303694
0.40204357115621414
455.277165021855
0.7770359591968116
0.8568492902179566
0.3871617254212272
422.5587614207107
1969.8758191273125
2.9828506252726816
9.215524026021104
678.5280243130507
325.3373280431395
2089.657418405173
0.27537369322768024
0.6846945888340794
386.29599724162836
0.19005513909683547
307.5623989197217
790.1401858096326
92.74988368178528
0.5853588081680824
9.722472133128736
8122.952712757155
6.2059167557388335
496.4800559048159
0.18166429586079902
983.3853541272496
0.6407380960530485
306.64236955837686
4.645949815139296
84.52719686852808
183.7083747620305
210.4994402632111
28.713420083275054
411.6889696171688
1.9673454035065474
4219.846816051978
88.68096703073078
47.25465818960322
44.012183331129606
952.503012487292
9242.563321506408
66.54554461534107
4331.869064641123
653.2515632159806
0.938959279938205
142.67957600247271
2.4725161654324754
0.26358422179594865
0.8496148008512445
1.0704490767712638
4.561024290635986
63.29149462126239
91.74728933180631
7.056117356640374
8.857509063169074
0.3524829714436649
0.4765761296457607
8.736218067942348
3.7215681016338156
1339.7034658200657
4810.12263779697
44.379541042388325
8260.272062078087
6.7674249429778115
2557.111889945456
61.966187422919546
373.4223362262261
0.6444373663178091
0.9142252201043074
69.41385805330934
4849.448709809737
0.0536141729107531
0.26077612442783393
0.22111194658766142
0.1133166890883297
8.342175105104868
40.28852586710079
0.1682152602458047
3521.1560169620716
87.3419366912738
8890.602397560366
8.56713858529041
722.1124020124222
852.5401481800508
0.572271242381859
6329.414588056776
4.105300033615151
0.12164247114906623
5.248669267711595
5136.040803733957
1145.6375662262642
9.078170948737982
77.63248232359503
69.9730555858445
0.6661547201626296
17.679709036789337
995.8620341470596
72.59776033560419
118.80385861061104
0.6894577923418784
240.0409713082463
75.68680235203604
0.828888750204657
8584.996332036873
7.062586099226547
3134.152880726917
2.1764612127504535
0.2818600234374158
743.4992325370322
0.2831598353739486
0.1887520433569302
0.9278248587158846
0.46688060464757886
457.10192861386577
0.6255624219787134
8.587522433956604
478.213713819265
569.4283982960325
68.80144448504407
1.5493379311182032
5.862284014501949
0.46431986313861473
96.50166602913113
5.010708925170681
28.2549403245851
223.8680630331852
2.0068574573058493
47.82372571085206
9794.97085772679
0.584966670057097
0.20781613149178935
61.77462484436768
7172.562874224209
3548.7539323167593
394.7581302351596
0.03789862347791084
646.8515849841956
9.399627177693835
85.91268436625558
0.42525986422139606
2.5388103628949485
0.25711942604086135
25.744568401992083
13.009415457727302
0.41026421709974326
627.3410955972168
0.7819883248065326
1150.8668662334342
30.603013768325972
7123.636161788711
4.13378722665265
697.6699705669585
0.9351382046334189
764.6047162049563
3.485129123479763
19.80966241010258
2.5798536856487475
6355.588266303058
3.8249842305760264
27.481605021729138
10.069361831620348
440.25161159014567
0.056761865588817906
410.0803154287104
16.40658106784305
56.480481034227225
97.50032365607953
281.8226223534748
5.519431348574521
576.0267843121452
0.406321910779757
6648.079102434998
9.780894311763808
0.0752634729147329
68.99147982507849
0.05928788677815866
0.94746649020787
2985.944478494994
462.3586713314479
2.9718504934984424
34.88582609762031
96.60062411212495
1.3279961955249153
292.5664221132429
7925.503174319576
517.9031107310084
0.00897404789552081
712.2337455578279
3.564662494258397
9.207473735937118
618.223446508613
56.119114717563846
0.12904371705051698
9.567779803315249
41.749360880808894
2594.575280002902
75.81108413745088
7.547956125980759
0.9227009166718392
31.878935239998686
7433.341731291329
7779.847544527465
42.72724825083735
0.5935097279007238
948.8669545249073
0.13242269479773017
6.453899555089825
6063.1309193741345
283.1583392666207
94.4930766540144
302.2003372972427
0.4768444493320694
9.19992864384686
757.6781413065916
501.4351303482233
2.9528064352263996
0.8628818939076318
1.5638853018412857
7891.149404611333
42.04855393722118
0.6465633918656288
102.7793387907333
83.35497426261075
9.313132865987605
18.87245139708914
6779.586218899139
8284.127691830889
872.8185928897631
0.6479022145724145
905.4392124719838
0.9015513322241849
4849.898431045884
5329.681336679187
6.058672812162692
87.63653664469567
9170.335263962039
0.8874755647612784
33.42603743732933
20.33360404302411
237.03706514442823
459.52753184448716
57.03383242678126
728.229355360478
3115.211235159977
0.9973443210259036
1.3573966281336014
920.5913415729891
5980.222928585831
307.2106914996651
2.97622864592166
0.5972383279041841
7.890782025457844
2069.483751208405
2.214365293685531
511.68646173410104
0.7699402676096898
0.27038428972828277
6.496405776058451
5621.2253724767115
30.011737069194776
85.03730768961168
72.74117252894379
661.0852323810747
3100.7725583669976
120.60514418309643
6.196166115441082
791.2731315842992
8.033888270548928
5.291606579930784
0.7224123465318936
2884.1760904834346
9978.004006170564
6.957733040599939
0.7480794045682528
5.70343993325282
57.15202980355934
6.061291666743696
28.82242459467077
0.9673301350792778
4121.321573938995
0.40099055877310463
274.41505099147014
0.6375657296687264
0.5840431230260551
39.94737761685907
10.544127254777013
369.1059035075678
884.3860682342633
79.01877643342038
696.7766131417301
3571.953264062908
20.962295145583354
0.1371226614374611
822.0978220111355
26.52924875995066
8.699991271047036
377.34449824407056
1.6896288416717975
339.3135851042859
943.1392671889796
7154.706724094192
303.55855879118707
0.6096685719323217
1314.4007416511572
6359.7275976827395
0.824399553338419
0.7271229445840243
4.5331806642108035
48.550299852492195
847.542223667025
7.664171849920044
65.64621408050513
0.8400981712061911
780.0442100033034
380.7395985639498
9442.070595361263
6860.3524510564
77.97797415674259
4410.200892097113
2.3775625600215333
761.1335720885082
5.314690697975921
7.781068714333289
0.8683119665035228
336.6752990820916
46.28078798211563
5.8343022666051425
571.5995995295492
14.398811120184662
3.0581378333193667
54.34953733762169
0.9468115938469662
675.2791395597346
7.917328573077532
5.966892753096
8109.172435083688
806.4528387055567
8935.187030134364
7.122176291224303
3.9644604762289415
7507.226026194103
50.79217778336931
12.25590338916488
0.6921915693115693
508.7542166746746
0.9919204398883984
0.044345450654401875
0.8100301118570923
2126.119467420192
837.4935572140292
0.022774919596967647
24.06051524710492
4.710233174626278
9917.58095247364
8651.120675086726
0.7032070844412985
0.7214301041877247
2913.8234329590227
46.46678602803767
925.7044224836242
3.5599206401117134
0.6547986176145008
71.19245417398315
894.9789128471001
7472.08538991772
0.8633050834082812
0.3207980660818741
75.44314127542518
9420.879033792593
309.79170619488195
0.07894610141102831
3.5946038262365407
88.09610930009758
57.8300048441065
8.747112395946587
81.829047923916
8.508155193773897
0.22618286100100438
255.05547083326917
9897.971070559131
41.13614514143041
1.0205646087186326
7637.880586080026
0.013361084726267847
33.09608261513848
2735.818734245439
7071.696317588384
36.800440225772725
33.130232005487095
2694.37505363868
6487.6825304227095
3.3922991319042497
95.98276932686899
9.591465237645648
3626.196563430808
9666.023978724463
0.13394521231371315
51.72322590358077
9.311416813278672
1928.8701950590892
68.32551417639787
0.6210845373887605
5821.253788497262
575.6620679631786
0.20321282499691262
4533.257318344017
44.519523741161834
3399.5666329084283
46.37433507318149
2864.1957582818445
0.7621791070082913
0.9615512506877355
909.5129831803076
0.7767122682622603
5822.829770780148
19.54203989267931
1389.370603232677
6835.384834446413
8.16779231338257
0.18381161470525598
0.08742985323498376
350.42927387288313
84.52525864129348
87.8002118334098
139.6211256119879
746.842265665753
0.5145321413786849
3.818955968329636
498.93330471548427
0.843267565608663
0.4235733411347853
73.50557932717433
0.9161980755109537
3.880341407435809
0.9107433240006155
168.3176721287616
604.7897836951088
0.6648824395323287
2.3505024728394677
5.6858990552821185
1.1453968801780934
3.5500804711033807
6.009159430835629
5604.412252010472
9220.587870490977
520.2956898416309
85.06884004672067
8538.855463653852
465.45592519426884
7025.567718381714
9.575495350985515
3343.773039788318
0.3326185244865276
6.9295836341086
78.13092389225235
0.21339132884033463
754.8833259649182
0.037283333239222616
1.7910010757410488
0.6232891115722562
0.47930160103604436
420.53506012602537
5080.0843924482915
77.75289771175228
1.9873395224648072
603.8675592717243
0.31928308815746276
881.9163870250209
97.09777917218513
1830.2270526861253
0.021982746702766343
2.551862433431664
517.789985340021
1.0448815107787168
8100.192174309659
638.3258388061469
714.274504044863
4556.324566643162
0.20532049881294345
0.8275175315200691
0.6599159218606477
734.4828430309608
6365.947069951772
285.7731957329188
8197.57319394181
1389.2561597470144
0.13131629851681426
5.700719710609237
0.49039211281628803
54.2339080004088
9153.444017061405
0.5345665049357825
0.698898411605019
346.74147415818015
292.40970350794424
0.8229439946119851
113.28310211017245
9.595028887477753
8018.886842347687
4679.574787358436
63.95569376428637
8.938829729836414
351.18779119762064
345.1479309274608
5.311370758763896
0.24222578324845867
2.75157778181831
272.17092952620357
5.868251451298157
0.2723237195469609
7187.909272507182
6856.540246189862
6188.5745051115555
0.815807820451646
928.5092729917515
922.5118018860101
0.2425661562119562
7.6232519621237795
33.550816650325885
9716.561464810855
3880.1565097336065
1740.7906671155858
1.3578019033003375
65.62550746482407
355.29856656698644
92.37154839605375
90.40997733680699
0.45050153612248356
420.6883960450333
3.0892213533369905
0.48425062961208953
0.9894124661713373
0.32511221490732234
9601.436870005668
351.4077160609541
0.8344598330838919
66.18874761043986
46.71406935870404
0.5711569207632816
0.152320048588529
71.53623444285053
639.4930921321418
927.5980132650466
2.0726800161788415
1.146167204545161
79.88332414804631
4438.383276245085
77.37720199541276
0.01010426489016103
0.27568087920704765
134.27166176357585
883.2862581251311
2.5451877557058844
0.0006746234237077209
4.050626407059498
0.11740330001549604
830.081974339457
521.9927476004044
982.5070206163762
2.4350820859758606
99.78305121539664
974.7108108510016
0.20910860021324462
0.15496030301703534
4245.829166248453
25.419072012825495
6323.217261198566
0.48741744024758904
534.699787338237
1.5611779176540264
0.09482674937168067
709.1375826416398
0.9633005338492207
85.70814761901457
8508.580645585394
0.1611909805870575
29.915287072697417
953.574035316407
557.4949144810494
35.42766922005517
2192.4332396142663
0.18906327947665902
3.484208370766122
0.2959857343225848
14.89384651667497
0.9070456453457963
142.0313128968672
9.980256612096941
0.7155918723324772
750.2544220090542
5146.9883744997605
8842.394809165333
6.2019650384447615
310.13920979411034
903.8292323514589
1.9902545300399166
0.677708828999215
1415.1471458240005
682.1795052759326
85.42972093038014
49.528344061161974
0.244518076515156
39.56808815883307
95.34740117157699
5.489359677398449
8.724319582107787
62.34217559066536
38.0726571638434
7361.30178166317
6.172137197989638
5475.3250911556515
4710.079542492819
904.8243751219167
29.82128191120147
16.123603017166644
0.4362110504145966
8067.18233123954
62.590696376371504
790.2207513442632
245.6583676896864
0.7518041523710431
0.8016551603112535
7.652693308960165
591.5475992576625
0.030970196426173158
9599.093415552705
0.34254836640785236
6.822706727230531
64.26203912990925
42.40623272198965
0.145771230443271
163.0653793710569
4.512962935549036
0.9691401205352578
1764.7877436035087
1617.2898651777257
743.5774515050866
0.41717070658586275
7.1361839798544935
2.665102450767569
319.2774577437388
485.46575991694687
4.670173579128595
53.27050427475979
12.712143412079758
5166.172261290713
8.018953602481607
6682.902912830036
3.4753643186756564
71.03200316073473
6.695606602955561
52.624465592832514
6875.541463491096
435.1381685736674
8.215098793819209
8.037320492780111
785.4589003413736
0.34758948433888437
3.7254681902033404
6.238023494093935
6367.712627226352
71.27197973206654
234.87424284733893
27.817397751682403
822.9443891064504
0.829349028377705
0.05513693835665501
8.660459353367285
9289.711190560665
0.8036571203402543
767.961703805417
178.00344677776582
7.838263674993549
420.68285447708365
251.42369850274437
2.1061628414270652
254.01844480415392
8.821343164055223
47.941205567861786
752.2630723809611
7531.655147231877
0.6147788036252316
0.7613311873740924
0.904587665383495
0.8129938702321117
2.1868799235906975
3.4583659212636233
840.3850989044934
0.3581719691093377
3.9853528279138772
0.9671227136942985
19.697844821052556
5.755436185391792
0.9209254166692531
37.22189889838504
8.685195830822298
88.21024851604508
0.48135133898263693
0.5454158651149541
0.2542291654415002
8725.938347543122
8995.638022352648
662.5637522962979
39.237378451281145
6880.57762141214
378.79692137758246
6.627179067381041
1806.8964661286634
0.24286042739193947
7.390116283753912
9.36040853669813
6370.8257440211955
842.9447110642069
6307.660175038561
46.451069130228696
6582.300941156498
129.5360140335855
84.81943704708837
0.592661347314479
97.29287325408626
7.941062994878148
3.155860234740828
0.11657935849796708
0.03505192487448594
7.5958381645589865
991.831422573974
95.98290895190348
7250.7202689693295
301.8333987025802
785.8907478187388
0.7026964880103199
434.47792293122035
805.8666039921031
920.977417859684
57.43778684967404
4.035641462949702
91.61532827367765
0.4971480081584948
4378.563190170675
10.196738416109897
5677.997798292043
0.5398859474511493
0.648623799897243
377.60936614677945
6.513373323179117
6606.068633080927
5432.232847798453
138.29720227900722
0.1757810419136363
0.11171132931843208
360.0225669336787
0.04389972493068994
0.8159503272418538
8359.116369853973
19.422410757056962
0.10922199501237506
49.91588126392773
3.31329865309985
18.56573247088282
0.07601597567882423
2.1994223404353286
0.6561017880964609
1280.0470634267015
84.82520955734158
9698.950334655747
649.5377266106927
5.367860520709344
99.07994535193662
8037.358957803196
366.5684062441313
371.0155783508515
64.42171680955899
231.13765278570642
432.2548350032771
0.045817105970565986
3.8755962758008575
88.97911026552184
160.27785045781394
3.557586490951193
927.6011292644998
6868.829801895804
0.4187173662941517
490.8557134682199
8.599320139286895
0.048445272560763364
5241.418844563467
7.105480933317876
2.170358090304303
40.74377229910419
475.32815406127037
6.70032680966377
3.8123654631946966
89.78320428557201
686.6107910721335
6809.6455576441695
254.26338022563365
748.946749793006
3806.874488731219
9.37490909077144
253.81095284245126
2.742198845343836
17.59665032476202
1.5951046735775276
0.5436993069369624
1703.4353649921031
340.71050711560935
0.6651615725941451
6.195626798764032
3150.2094915843113
0.36253256244681553
799.942299140621
0.5171220691686826
0.9120413025736983
3303.6334683695445
8451.969031831071
3936.2985837322117
41.21125644275706
20.977520085106438
4832.4439303324525
0.06695578166710947
0.6949396088938801
6.934440297970431
4786.852546066009
0.7416781827888735
0.17782274081906235
4.885345531398258
2.2238436026674857
4.829532247811038
34.953309097718254
8.785087737578811
701.8862777417428
169.9609572656269
311.7453488028301
483.3007747901796
9581.702633186502
8.02210674449451
0.3804586580345979
3365.3103644335292
0.1754112777708703
4.648440679819207
2.166241370897115
0.3258665081065102
0.6813867353957664
41.9073246154785
233.68251787034146
183.4318692934722
4.100701399723841
4.307449281364885
8.214473424293965
0.8384080260731365
6914.914633030205
93.20312393089026
8174.919959755872
429.54884757241473
0.04292419946835313
0.23636850904726014
5642.129257980016
542.107796959246
5.169158860287269
94.24550204420818
816.6127544134389
0.10897580509686777
147.5148255121571
6159.754724704663
0.8609553354018173
84.76941458985273
129.1024571594741
8.023547856923164
3.4337283098075746
72.50663594502693
91.04172341546813
975.3857419746964
4899.984442847323
578.5184699747389
99.4316767697373
740.1976460858598
927.6988420919386
7.083425313803971
0.9626240255332582
0.8263698638357663
0.9086820121512765
380.3340848294776
6281.467123602836
698.5494618782365
5742.062970669957
6500.03087010064
9.723687641401781
2.263818677513867
33.537806377228165
3.41361992966739
0.42728157792123067
142.04471511917393
3.8107000582743336
24.249885218016964
90.33729052222701
797.4171998011215
9802.873073519842
59.89677560092169
0.28273349524536107
889.3499395730578
0.4374372639414148
9.204817716379772
333.5285143732165
41.88432836701453
728.329219385032
7.913265840285311
57.533372187748476
9.139293243426842
687.6333185687663
173.60861618955258
5.897897268938128
1.7356476864845038
7.847500899628082
43.135331826091935
97.00475066947347
3.863766647959408
95.67491804126232
0.06199738054184423
427.7810288858568
0.5157138998331852
0.9170929741791185
0.2195935587161547
5673.3694674461785
6301.382970579151
9.429677464073887
250.85847427683504
331.01402184175896
6176.456081130272
0.3341948163074375
7884.8868371296
0.44127511606333436
8073.657350162977
922.9841713450055
73.87156964122744
2877.947693183263
6194.084174961599
0.0004901612845445991
17.602006715087715
9.841179362453726
7088.37187804774
0.8019966990339837
45.7843873438043
29.214800090159642
93.1054986517622
99.21177064391486
8374.93255797261
4.301833800595377
4.467141048494564
78.84491991529862
0.4913407430663306
92.18281713034703
721.3827344675685
571.8310573180349
52.03971657783213
26.106378109690244
268.4923314004053
536.1669986345238
2702.019207308707
9193.454674237932
7891.798924362949
3631.273148477009
285.52994346958485
1.972224488029557
75.65221724504295
4.100697460300787
0.008473246013772417
467.30109890344306
0.03531853386239647
3628.9521365758624
5.71679866498525
822.6292870233736
1.7698978490810024
5889.096142836417
0.5817890442807416
951.159443335772
252.97396802490414
6408.780910209732
24.079476767121676
816.9318717686546
0.6685932466884064
4.917068246008208
27.15997805698135
361.7140028301029
22.02514408948617
963.37531009295
9755.653395664638
5.25165839070376
7269.531132558049
539.1513083400713
0.9956778475199458
64.15937467091418
3180.1708171309874
4.355835852495958
965.8518330504327
489.272141295629
0.41873182940431186
3.8858808341415143
1.363921501592591
0.7506425962614072
34.01588943760559
50.7890376045288
7895.154580605169
407.9799450065622
0.08872900037656795
74.5388669793558
8.724684798808946
9456.935512312111
6556.492870671862
43.94538967625535
617.9454054906786
6875.51647331882
0.9011351288353245
967.4080704804835
920.3131255872453
175.0851497997292
3.1836237718668148
0.7397578677126427
2.4461325754494423
8.854628940475745
152.17875304741392
35.51379592010573
5.999316677280477
154.22859913428022
7.371317297447611
4836.112681541597
1667.2600843305574
3488.8960357300302
9.9019502796609
440.3722323619139
92.00788935557797
13.740647627545744
36.91828644947186
0.9491222001723704
0.19754364634268495
0.09697502607356112
85.6579209153625
0.8858566268609113
0.10182466522159861
52.82430408690176
5275.061796531378
26.050746169561968
58.993003452681435
8559.337885774188
743.676541832945
98.18071102832995
0.46387403064478594
432.4609570626217
172.45541152900768
7.188331049484107
9278.105196189437
2877.073720891646
9093.972358122226
7783.740698265501
4.00616250349478
8204.064185077847
9642.711828609863
3502.827336503729
0.3521954142670063
9414.866674762021
0.4856048292795877
0.564534762636374
3955.8557303981
53.678467582930466
0.22097789659847888
8.624040749660027
7725.693463892819
5.314898860151466
0.2701709403445275
8756.102896604536
361.86212414786513
0.5687749024945449
35.960661475246546
7.668521201852853
9914.561643919376
81.70646226263041
50.575390135320596
8.322732371012622
9.126869590419563
0.43874215358720514
0.13329879224940355
37.83324867748898
54.664131673410054
4501.72237821022
440.0126648605631
3370.9383056911624
336.233833383889
81.7718221822681
3.7540701286327804
22.121187777707274
792.6267534705728
47.96379229094789
64.86183837417985
0.25624080923017545
45.07863973591856
0.2207139064342527
0.05630220562748822
46.10184980236919
11.647087928541689
26.942226782609325
3830.346937937287
92.94559901468247
6305.949607186022
5991.083210194307
2243.8760036289264
0.3289656164993654
8.677845114304208
235.04214736963857
25.066568741379523
7.909057542419643
2204.973833422388
0.486111192713085
498.91214157148477
0.3187346064899208
13.801261631299788
2885.3454756393294
0.2970580550615287
1.0554430824531458
4725.171034579633
48.68056774243357
0.28483442420344895
73.60653764502878
0.8904616192395687
7355.589213947112
1.6066180115265294
83.62945676699385
724.5574217074087
61.08093182041514
6.98057522303062
7361.686122891226
8438.615565970613
902.0124960416447
32.972756543193704
2.6418126654855434
5.159844758664112
6233.317921783704
0.3976816240272546
2.4055937735260056
7605.426245456709
496.059827020315
5.3862099086263715
0.8273968954308265
53.23540525846377
3.583324656602571
0.8075476892756142
0.7811896118167866
800.9764840218631
19.206841603018944
0.5082362603294022
3415.941549123348
7379.564854357179
37.80226052294008
19.87992983973996
545.9221259635196
5971.695020910091
4019.4210327998935
9.585371190785384
514.6093456295872
1.95578557512473
95.9015159699946
825.6809037204504
70.15857743329154
0.3188820590739032
6.006073841768882
0.15296842771294838
80.4978227141748
97.80560454951667
5091.220342407921
0.7223403944282925
0.325611300862528
7.163504296943188
3.0039630352375113
9.353710183756158
0.9956160802036196
4.844833496080509
67.72532194363701
324.472143680234
2.697100401181436
6029.873903640974
59.35690055030063
0.6130787790078581
675.5217892231938
0.8592460639672318
98.12512305748821
8.425217157588593
0.9116584459730538
5.524792945232079
0.14459698265865162
935.9357657116756
7.834322517148595
1359.0402588051898
0.22097456425892614
81.62345402689465
3.9410152883845297
99.3553863779503
727.1927033770786
0.4870561474801196
0.6364855132223143
8424.967313136473
1.8504418632460051
9.40713993567617
0.9485144030433401
1210.5465230368472
12.286402026418397
599.0762981773382
0.7139068760070598
1.2000208418751523
76.24721922199126
6849.3746163517535
24.54341316335389
56.41538772804478
448.732876694567
66.48953534170671
186.55463060685628
3882.0877311026047
4.432314541464114
30.253454246543498
8.745187918792979
7.191921625489117
67.75515597248524
0.0759954115421908
957.4368717109566
5616.361721982938
537.3831781368287
337.4342552140144
650.4117276472125
7.628471056966792
0.2548590224138235
266.70663915767665
965.662849752549
44.939366161793274
48.93840689206266
0.8105972286330433
777.8267504227501
0.9853298052597783
14.968416624239833
0.46944366259630943
0.5366879059759885
0.7573208593274072
0.43151167474880825
98.78914515037293
0.8682300096050036
0.46061480217345374
52.30207903986128
0.16169985318224545
3.174071344673907
0.75653215152923
0.5357439348793388
8.950382577921813
9.380885353088518
404.7177460482406
0.2117089292564026
3257.6078974661395
71.24770639808304
9825.96877345694
477.0557871942527
5054.659571053086
310.02822444233027
652.5371340100578
869.213762516525
7302.484645401114
941.5918398790814
0.33813320611512165
749.9318263679561
8.838285405601143
7477.089488763965
0.058079444162343785
4367.772180505248
62.37163911744903
74.58113699662422
790.7881477582172
9939.13633020025
207.4156390943107
46.33400823159312
0.9616402935703405
790.5449587568324
6.2303590448124835
708.1966400402251
0.9843580514293051
0.06060187897856306
8862.390618240644
0.7519601784655259
26.352498958292635
162.11428605762134
8576.913963933841
0.14624479355367448
645.3013609447665
58.2420066454686
564.8318474111684
0.2791772825726717
7.716258501984752
0.5726230680053351
0.8642769402640005
7283.812644240686
0.6293972001842931
8415.666812236586
97.63843488671831
2.0580928099080795
8.380175686655132
4068.2423853118844
4.5815952001227265
5863.880652524654
0.7218205496340906
313.49496921425015
7325.512571300132
0.5898016146603763
168.99125402177862
1.76764034961987
7519.429460316487
352.83689541689836
48.89018638474013
626.8590976084242
438.87882262027347
3.6818615351873474
18.580397309471085
6.290788862596894
2.6436844771981685
52.70689677052754
9459.281504158203
133.3106560547509
791.368170667556
0.5563205258977983
0.618312917973568
736.6206009661375
10.428222088226423
2248.7544280626116
623.0051527414231
1396.132140853953
39.15035839101304
3.9944524604089784
900.0910548244979
2.3273355844242505
9846.168546535626
4414.911944782331
9183.473283842026
64.34566521967501
7.981686194797545
330.0078962478944
0.952436879113326
4967.541877677641
90.06308512480427
39.91761772616594
0.809607134783507
4.320861754770715
1.5070437582681384
0.13811671655087177
839.5344748189892
0.16249474957887544
5.864146983892226
6615.64413592533
179.20761881355773
142.0803663335809
1.2502786939585508
0.0032530000154809002
1.678533054164837
9543.487179936466
3.2881728247321087
613.8062316522348
8084.607896793993
79.63741132185805
1.43302114703998
0.7861395603389076
0.12894375970315952
5.401160877032933
128.75033175197882
64.36095126581098
0.6134737968583023
214.4270186962607
7.820445205391088
8.674161309286855
0.0952092916802495
7.719252880594507
2.8664074956679553
0.7171048600952312
50.98198866314736
3832.9585462013406
35.08328327847131
0.34504514164146616
0.6835023299902709
731.2331881249236
1.458468346378211
228.8647032943757
9284.222780299602
0.3778454080377798
2551.8264282008518
460.4100486493589
1.798223934866151
0.9427013746502582
9631.58675366035
0.7425943417986971
0.8513524040292839
9.160839032136325
6311.603747477676
74.10915039524156
0.8469632322943093
364.6152896760386
7.40068286100276
3.052772433645142
685.0269478632241
9.98109517814714
78.30094263471143
39.851064664011425
6.913869161835995
52.83625881158807
76.28023880866434
0.7503453147775236
5.987126896630123
82.19279829681483
91.39276179570534
7681.423380568727
53.40459480118942
5169.542444988408
4821.283977082436
0.1562798347967106
37.10007569412127
8.572000512732195
75.1373382834375
488.18800961232137
21.2583848729178
31.202933396292607
3.1946523817117733
258.50727901676385
0.25559200257588377
0.16834893307799614
30.0367649202106
0.2471532765454708
51.23014467124769
1.54897166815665
477.01609382382804
779.758447144454
6712.5459581602245
0.7796548690367583
367.18908140331405
6103.618848955
0.9941125276034701
227.43416322941957
8507.454949510213
560.3573699217355
0.04605989666845611
2517.297724612827
48.749487940675465
5.291905501808229
0.05654231810728094
0.034833908076596365
40.64502660421232
98.2234439037594
0.3281267402578205
676.728697385172
0.6893465021573334
0.2067815840238333
55.05915235269274
529.1893569074257
0.5023901981194046
4556.756588026331
105.48513745268406
0.33666077035615405
4.169656634605387
0.5267622076278147
2877.5029227711334
74.71451640792475
9439.892951672246
9.134452521371905
0.6895162730705542
0.12015602949339388
0.6844161431068034
66.28560662498757
0.6913140856197963
0.33510815084174794
45.585731470593174
7877.765084660612
6.830620665230066
47.11914482042477
7.699262297570364
4.4527491412950395
45.102299596919714
2200.890683723604
8971.510519977124
981.7262350696984
0.9367365205440936
3825.2308531297817
5.691446531116984
672.6793237007662
7934.560908064832
689.6320659094307
0.06045300640014695
242.41628615582243
4876.576097342754
9.01759790813109
0.8842557745786354
1.587483372208841
542.3147332175345
8.415038045681683
7535.505741533462
94.19705944292784
4.80735362209204
0.06412450754644727
75.28669288985064
778.5942424989081
9.888913892919502
18.05777908409436
33.328383402894424
1.5604366380157275
89.31466380105446
4.683358210518394
48.10684924294385
0.8578422134029994
8.424568908609997
630.3274167693153
81.56854912021475
9.029338718072792
0.19126438337834062
4169.547220647881
79.78220906315063
7.832751465157063
6556.836726055038
11.291913689261957
0.7487147758558085
9905.399191201319
0.23599285576252016
5145.662640007041
93.80068480783252
96.03338692991697
86.21098116389993
0.4607357863040442
152.7966429110028
4776.444593032353
4353.797238798143
18.452156984583358
333.9709484614043
4.69764105956383
6.302235937159045
4.746926179430705
66.92990509396219
1.845497818575479
0.9493900498834595
601.1450644531424
0.9644833350053347
0.11251067439341456
53.02777641411463
3.4417251689441763
839.0321521810292
4671.15371365409
6.900968932842352
3.2403949220792825
504.83464142320645
905.1477493559962
9.273097899285258
2765.490188281381
77.74837380238195
0.6452961478523216
358.68260291595465
833.3136711421557
3027.309397698551
8.16964900915864
809.1868980339256
6899.950006419923
690.4222782211137
13.701976091585122
0.7654753699184459
52.92561988530975
7.443892516339197
0.3305403892618094
14.817822473915776
2167.466106090571
8185.375691676148
0.6355126893373386
0.6341810983135268
33.11334147550045
286.1182600267892
6404.1651673155975
9.890989512411423
71.23216183264951
3.869132033080244
8070.122913178395
0.06832637260833263
9701.321125126196
0.05861556943766144
0.1327698225477013
7120.641981888788
8017.364980712029
4356.323738957346
891.5378408201971
4.790125532502043
2.443175529294368
82.20363176087898
9863.628301589284
1.541081837108338
24.914744494282104
85.83292202983635
0.8899064197566396
2.2232230654897602
5.5442077366777545
3644.4644974656703
5.458768678575998
610.223316186489
5.5715775661180675
0.15786905401802143
3.7932269160489076
74.46606432810715
0.003866321898232661
172.52774867267252
44.412092961605346
75.34902319903615
18.38024277328859
38.58387356663086
253.67194086153987
10.687957629429356
1093.0942058736036
1.294289017311634
5.994202422549007
54.47083026107653
1985.5289099520423
380.0069255172316
0.5850941800206986
5475.534282911059
303.65186531272514
9594.274983688832
822.3772870564571
38.23896300229994
921.880321152725
6072.874577410983
99.04203709126381
2184.2269217589314
0.4250583445206805
7.651305119296693
0.6796991744814038
48.887882499755264
4.377433370304354
88.15939464278536
0.43987881537187545
0.6671519530034238
5.969424675530917
0.17798034306558508
984.1213229807531
0.024553779574771895
0.6400643179181567
65.3260445613532
0.6429672280153775
4456.896687724547
0.7785301097803073
1.5033659467959315
347.3074124167449
991.3638380085932
77.04730529011887
99.61034551443957
82.14613021964357
7643.879260989403
0.12435945313439345
0.5904800737635029
9964.185904369166
496.9843584978606
0.15786910350681338
167.34159278349915
8.644247281875057
0.7399941060208377
0.9009232385813323
0.9018438750789249
10.774767378660567
661.0430338705195
0.16042808450870083
0.9759351512633231
2016.0171788606829
86.25724347457232
940.4519901777486
31.96201984223054
968.1338735195765
0.880635518766929
94.20680153238428
60.09547727960479
4209.373410968617
81.73524042145279
18.045863504173255
78.98745998833107
498.678892622961
15.222586647960334
0.9646584390050016
1.9200611101540732
43.68635057016243
721.9573235571183
9.226711050628873
366.2711667559293
0.3509560186542128
0.7468377720887376
0.28614228636338246
5314.906431297778
44.62096650348904
334.28679953656473
763.654334639117
0.6428765641914781
64.81733454283926
99.36841828004053
276.26414336974005
0.9702482013912606
0.27826928579212984
9.625712975042644
50.01601972553179
17.110505238432527
6833.065030744519
10.67132520359364
6.541722976959611
94.90954544335561
3079.0121051207852
4.9520154056404975
37.98204348072084
6.720754415032234
80.32080523197227
8.07198453852243
5.252951986780667
660.2341065887163
4.273264680803226
27.92527320615158
0.24312010316608412
0.057560511555490024
1389.9870331988795
4.467763048685372
5.691580411832367
5317.522127838258
661.9500804170972
0.8513677907888645
0.29056268767373505
721.686864201172
745.7773747317237
0.019620193211724368
5016.2359985800995
7373.933634428811
972.5306203022616
282.21857332982256
360.30869150490884
0.1742257743558635
94.66930881901447
0.11171026407169604
7643.501390686543
2394.4330600955454
931.662844449024
922.0953583575007
1.9881212412648164
669.2638214745878
35.69632518286572
574.9869388623664
6.8715315957544485
2904.907435081678
5333.804008447819
0.9725779126237474
0.5022963289869401
7730.683943466871
0.6607897470868487
8.255614367571203
919.240042702694
3037.7477410696183
2.7645441666370396
28.66279326625849
7.665542732126724
0.6820933977116448
174.26977021884326
98.69592655663699
9090.621118468283
4244.239458146246
20.632232667462326
8797.45917276465
304.6622493951172
7501.522805187173
5055.7620622871755
826.5783141380724
4843.818560197781
0.7866139987866813
68.37978401571534
8.508470259359296
728.3912003166799
3920.0188771500557
2.130215366649939
7.107338272327491
32.691859246154365
6431.783562578734
8661.038932270567
0.6520930147903333
7858.39302681651
961.1762660339467
535.8193845730874
654.8879685931757
522.8751824447681
1.2706645415222162
20.908432252199137
650.4072997331247
0.5530183423020723
7691.221869337833
4.1756915995428585
7.691501417343927
8823.211753244417
5518.931385367946
7.746245665497886
7.5490311606530565
8386.393642988964
9816.876626178086
7.318698282358192
3962.7695020157093
6983.219136533615
8186.680933230574
3.5865429479956434
9.410170018179318
8.002686799007703
97.50650367331411
23.421692219916967
5907.094409637305
45.70224328862595
4161.510219519694
3134.689149468588
9.059996073910085
734.3664492117663
1.9870496970513263
8.30783894253351
1072.5041005751857
0.09627810027078154
5231.514844569099
80.97306352986928
0.9775917207773621
6509.9557568729
9940.44444027204
5227.71776223004
822.819277383993
6313.137892635918
57.68858330312535
78.7976718774446
0.5945632558531975
7284.0472824400385
0.3209459799883575
0.5722802690694543
5591.1569482922805
0.4272123348894483
9699.591981752175
8643.574641688256
44.56382438010598
0.3269864447460815
8279.11118652338
6428.206971322501
7.602316893610793
0.07685063164844341
9.261594472110607
31.280634201835078
0.7178528796876108
5.402923193514906
80.30115346114196
0.8319105141316718
814.0355446228752
19.422140662282704
95.97865279827309
0.8086527330554891
4589.6028743191
0.6903268116765751
0.6784722618771661
2388.208792556233
0.453887150465796
0.4615053926050049
16.80981794553317
1.7077914457608268
0.2817873701385628
5.568842459407028
449.32074672828884
5180.940845309166
9416.768414998834
0.4047780686132534
5989.525089433405
7210.464362526945
46.86854888008348
1.0514892360897976
5531.838226137098
215.18611577519366
3.675770179785337
60.604533507012825
78.87959523133269
13.513259038269155
405.3857383768269
97.76755991202583
8.865395226837178
0.13505597147023507
34.1527548872441
9247.515787432365
0.18955239957684256
5.283152504846208
2.207679024758722
3.298931142947419
8782.837032162384
9937.27987814725
0.9836888774680963
6143.838142389532
623.4890783243966
990.1865583362157
2065.7014405142095
89.98152937008305
0.22280854376285353
88.99403178028574
2.5395600552282205
475.79358307546784
37.4605716837995
0.7654688065292833
933.6083738326075
2244.550513222939
4.141569646023164
81.43192935478626
8669.744399424586
633.5631974760803
38.532500856701915
0.05450710775946055
0.08274612487949395
0.762433014677798
4.973998389378558
242.78993049662955
0.5443116777015999
0.937507437675437
0.4396860820843467
93.92250129744855
8.203938835431968
0.43428812916036974
8579.520641264484
33.79212739159707
8.103920497131362
771.8056901551788
6732.713691313328
0.2774774968496535
0.28916730742235564
655.5380417608002
0.27097449354224534
0.09287084967960713
9421.105483308138
718.6067407876623
9.945576161378355
845.4072524187792
4401.485723470124
3622.5125286244142
0.1994820390455796
170.2424481453294
0.19219720152989872
0.1919329289513516
364.07182165558373
99.34663434664405
0.7394073477413216
0.4425555594227737
50.53858565589703
0.16341885570942394
0.8615968918973953
0.3414821910490341
97.33956953004318
5507.09536949302
71.25118585784979
0.5392533931832014
0.02472994800733963
0.28211873234111995
5629.1234535977355
0.834901026037151
972.4095099290181
7829.072710277235
402.9971404686684
0.867769704222063
20.57060691142768
43.45544064655923
3203.5786862632976
194.30764676244738
9.609397805452888
0.906926062706141
92.16436811035366
82.39702368183151
0.7079105435142998
785.4438212464712
98.76357346641377
0.7039179295036108
7.1115476802774245
1480.1545835569495
577.8008135174796
8651.467001658235
26.178256868067496
4348.675320956187
7.362746728218669
72.18709578726582
11.238871476596056
452.4946313397009
317.04483379382555
0.6792914426306371
0.19636691777990878
3076.162852819403
0.49295904123679457
0.8862912656342758
0.010351176611361312
3709.4136624360794
674.1384115954575
98.71607278032901
373.7277334173562
0.9156456465439715
51.96746002661363
14.606466740064993
6.895423337004527
0.4495866944268707
699.7308687627002
1993.397099247809
9.432484271007036
729.8422955583096
0.6858365423092474
205.2674863424736
95.30186837498844
9.847302515925637
62.55938403299621
324.55277640535684
7.708118286359733
0.03987751289515873
75.34840515339246
8.117678054698466
0.6676332688523468
0.6091097869481775
67.43570061827506
7908.630472034687
0.1593348387322151
9.647069318411882
4.366888784303233
156.45570268672583
5.953083303696635
1.2194793943051452
0.6501663891825982
6.772559721401455
180.71751001488877
5700.028155475309
0.05571805227257065
0.6201106368300264
0.14211811659786466
66.36747672942869
1.16906812122614
1.351301963602306
5.5260556300745485
0.9080720353530373
8.717449223489469
51.29861041633782
4.051377600609546
0.43759790398373055
554.4374003911644
129.35347313658895
8034.50597019372
0.35982243822101523
0.10273115697107271
8737.98186659263
4737.899517634229
2.6176860416713987
9.01791000441628
7877.998529788629
140.87484487808777
0.49547283752765103
0.14211716818933484
968.8089221951426
4.32584061919094
3.246400941311305
2.0545561727388395
65.09634652592554
29.811161171553536
2.947161720196796
42.66329698480469
560.1802953469008
5962.034347949086
0.39091577463323035
2.6471410857984434
6054.572257801974
0.5436192090185489
60.828881728632275
49.750912476043695
761.632817791487
787.50989817386
5.75253677222618
216.8950095856741
7.491957943813743
9.036548218348967
0.7086789128971573
2.8497472492694262
495.56615741637336
88.42357051769343
3457.4447612624404
0.587221679784885
0.6826058534757704
883.8507360972307
0.45855182472615263
5.078831571904937
7.836157559963716
43.51583582138346
26.99782075635877
7874.2382234611405
48.798192160665245
3.162139819355483
33.6131422989154
650.4319960851649
4389.057389195536
2671.8801921929235
344.74246289379084
495.5170500912991
0.7608803554671955
8.44385855507619
0.354769397195675
7.238429882799517
9304.046878418436
2.463654403487091
80.4192640702706
7.183269933217746
76.39137581807026
7.182821192906812
4.678097862446885
16.176944438998973
908.0005325396648
5354.790229599688
4864.204333316715
4593.750985477567
0.0980029503451657
111.27210437410884
0.8433202850464895
7.8093914852414015
225.26490201153325
8.357779695614887
27.99029189401803
978.9195869785879
83.0556284206151
2363.059070609774
3.114510075762813
0.7452040613691813
0.923028733753426
231.4747337640717
0.9375302103773663
0.8084922497226014
0.4680065120323683
3002.4674498900763
7452.291983484107
0.23817769950147483
9.812618452889675
748.5351448894899
4.0722742195685715
0.8475722227826922
70.90136403403253
6.92736755879837
0.3864295364160263
10.795507250158643
0.5932666218097696
809.4415460462492
98.32013763371842
4.515586831200133
561.8273498560307
13.574104195117965
0.4461524027329733
0.5401642470984471
0.8393796846082028
46.844308307673856
2.0989306392749096
7120.500770463112
1287.6747931005639
2222.9025966991367
2.2678412632467437
6715.895742217181
128.30094784388834
751.6734673141798
35.93812970586063
9.38714436571355
3.850276618899817
1346.8426895286134
0.31332725845263487
3.84245369672247
599.7242397541663
924.5663549336713
0.04489721736063179
827.6762084429224
97.63052888564827
8.079356154074391
0.01156766445703572
8.043695359044767
3.1025729652686818
0.7104734083589052
65.04660445339377
5.637871067835089
43.2266070793341
8.167270145178385
9.886478419808848
5538.157220735371
735.916336744088
977.8997721813724
3.5560774132953044
9.768597372539805
0.6548780385993614
768.3001151917189
980.6230366638277
76.7194724548375
45.88602981987431
621.1961423883614
0.7759662576718107
0.12968830081685345
234.78591511634562
68.74694294133404
56.127832897399024
0.29060654388165874
2.72348154085429
516.459714191996
9655.331571733004
3.905068505070316
199.20949127281006
48.042339590206815
7.7023591116248555
0.2331894124792513
5037.348729379957
173.5016022210314
2995.8483589862294
6.390112200371511
171.00238076611728
483.53385436612206
88.58606325143316
8502.274092540574
0.47022942809636803
0.06146680308849484
531.0262534990312
0.33419265232475004
4.143816956370342
0.5902411321221946
0.5287478414429938
12.857931920874677
693.0208082377416
0.32649844192221167
0.28650972845683587
0.6697904217251626
992.6957314749496
5.756383466902215
0.8896178701702838
0.2770040694819187
4.733430576213209
84.13387575732598
0.23493654472995784
0.7008163984746563
0.26135907869012887
5582.022867233093
691.8879871901747
628.9897261855668
0.5028098342760312
793.3928186282469
0.09017601486580529
396.8826684574308
666.6226611421479
18.82015165755434
0.6222966664406632
660.5983432726983
4.992626540460621
1327.8478933001347
4.254747358603783
77.82321813618077
66.68529563677608
4.49455651079899
8.617386922813084
231.41757347729865
9.335752153448308
8.78264258624583
53.84062145696795
5071.616550807908
1.6868723964533539
97.5464464348073
178.0718463062829
170.34924044664456
0.015900960656748175
2.1907372692578297
92.56160255065086
9.586167034493599
931.8637271374721
84.17041238393156
503.61187611869207
89.40974521775175
1338.9071143930898
0.13796371303798516
664.7422337594422
16.89209382842173
0.5161814209191413
6.600510400261822
5.15878924375298
3955.1621029414628
79.92026998622347
450.55563335216686
0.9214623152794912
4.995938433400121
9.465483257579546
432.8042752579767
0.8606899630474223
1062.1435805074263
9.017618532359315
928.1962975943536
0.8895354840462134
9809.255104008977
571.4112701784233
35.97009303323515
682.9757756996333
185.4750943795077
8.830943613076883
0.2390091551184519
3016.7086875722416
0.12167286260695187
14.558449284395314
8402.809284077368
6.178439647775241
5.551509663227735
0.5453148203528044
675.5063226345458
0.5683460497197881
382.61281414811765
30.21093254838454
0.22655927030575795
49.07810688723077
253.181845743346
980.3022925293016
542.2316430091914
0.1951123820264924
8894.930015696978
0.2630131460219476
10.576973712146076
57.693616096923975
79.60507219426033
2.2145320538133326
96.26973881835993
6.672289848358526
5.9064843378713565
670.7577735606529
0.5828106876132836
0.9856807210245122
6863.28456353639
444.14961518796247
596.0584652068773
759.8839393649943
0.7025260193841105
5.8135891466836265
7941.912252312247
0.5205015152017223
0.5540656110795346
5914.3597371537735
537.7052525988759
80.54797585223538
906.308202653082
0.5389765126618951
8969.850703121916
39.90125613720311
917.5702453676007
8856.55703452543
7989.800073602634
6.457485962351823
0.6106125246054642
0.1839909339166308
14.861714705374906
236.7218793695165
8.60819945462265
52.99171064997377
0.9449611431797356
48.050752717706736
17.17214312560742
243.00992854879155
91.95925904497028
834.3761880991796
0.299866136421562
0.33494431972569827
0.8262078753697176
5237.762916385204
580.5308842751325
8205.519109144148
44.05994054771828
9485.501198247017
0.25754576175715604
0.7882891507614778
317.4371491844773
0.5290103603061383
8.79200156558771
679.2951752038082
7899.4575072228145
2.240449867267035
0.7883366721511404
141.46618346555405
0.2361760421041601
500.7810994783731
6.607357711279706
3.752724757087181
912.9686907926672
50.33163330880017
5295.025136274642
7.070705411106029
2.0126720817585584
479.02320551996735
0.6076883595427957
5.01289140809077
79.21112107180217
590.1011542027346
534.6751723352328
4.389794857747937
22.604782798445576
18.35713102825246
6.574223144848375
3.4039047969933165
0.4594712717544198
4494.863277071931
1.9524398616617789
98.93544084278466
62.00477271217303
31.72960903911176
9315.550285679381
0.01938085620078367
6793.646475020066
0.9887524690010601
56.25131747236388
3570.902687001576
672.9465329966429
0.7293499363170378
0.21428865993294854
8.912510901228021
590.4743854278023
808.0038291583987
983.651702273271
6261.3217270394325
5.3748461069409
0.24238351822829618
556.0129369983185
0.3040118922926446
0.1785047127485544
7.97039734392736
1064.8751847232486
5.0870645317017065
131.24301953328376
4.518209520279772
8898.905594678028
31.94770644530078
0.6294470960027283
0.2435237523966517
3.4691388098488973
0.6799145230924024
0.41039621174235263
8.258421764777854
8.852638496225644
6.700123820560089
46.02163217151581
5.98788489639449
1656.5185559597296
169.12922535036336
22.893769300003306
38.075959139091076
8.570701624637877
598.2003763841162
169.51586795951235
26.276148635249818
3.706228506322875
865.9120180056842
339.8644062978378
0.4904043673788022
447.94546910379705
822.7783856267222
0.12671488796955455
3455.8469125429515
6.3962063835869545
742.5900345303382
477.2583441914764
0.5680560204276445
589.2432796490909
950.1602257444798
8.06777343405306
3.726543455384137
490.93078492231314
6856.4864109003765
0.20504581810039124
579.3178169574022
14.922331221604834
5099.8676109650205
649.122119208082
227.92587227893546
75.20283392634006
6.083376901435967
7665.260874936603
0.6018793416956069
7.994651578122138
641.5355894398147
8676.269495608281
0.20806683825183925
57.759135240801285
3.626729215975375
5.72170835082514
7.513160959620468
243.46169658117222
3.1044252671837667
893.150727812016
514.5070877407858
2856.638690664879
350.5284306959303
8378.092208169815
0.7666029556634404
527.9854094227228
5640.526715826143
89.26830836019218
508.182201588448
0.24104226138004559
0.5018298649711923
0.8737577919522854
586.9872757710086
18.224923459785348
9187.9613351531
28.851205328120045
1.2670435237861477
33.810816883104565
86.0470664486694
415.970169414714
2651.5150816006226
4203.012518479858
9.45199575456467
7906.735348269299
6246.977710315079
0.43908963284587144
74.71176426352024
49.286380475672196
80.73693759838211
9877.624381418951
7359.125610303374
5207.24496698803
0.30092765966453605
0.4229532167293215
26.89975215789182
7.279743490696297
0.0770673285184722
944.2521313932613
5120.752634141644
3.2237346902859443
1681.8669339348046
3464.3979299223106
9.700664948573253
0.562361850412493
0.0745656201514715
0.3039824861676349
60.436586047234485
83.47000434867181
307.5880086789928
0.3389796744182768
434.763667164899
64.33360717991494
0.6437388704380874
6.643619934105399
732.3324703167609
28.54324762944762
5.910851709145253
0.3189198210183124
152.97425544930766
3.5823740261749313
99.53579925046921
9.510160004701184
0.6878031399323032
4.4310152222810455
899.4715857011769
0.9420694626311188
1.5116381992426398
0.16281064649623578
6.318999708519865
0.26986108610744686
369.8966155987671
4.179570774520145
5.63033391040314
61.835556707125846
1.1159397498615409
7.926875414487281
0.567621174656483
4.289570486556603
533.2383246767406
82.76365871906692
31.50098792360334
0.2798781857560003
704.5791338302397
1394.5799873057617
7.365940189158886
2.6097267526455403
1969.1072051432923
0.5786447395387977
407.22046145455727
6323.949466142743
6931.570088645914
730.3067936767999
0.246297112887365
23.993503763024016
2946.3028120610734
86.22100863216761
193.43542764981848
75.30703398651863
0.38112345033971395
7.140995462652583
0.6603292261714795
0.2647724444378371
0.644696868036651
17.878975032687727
3.148465726697789
0.839502076583108
40.91392528645264
1.8299959072885008
87.6591768715902
0.10355878685886333
145.48158779029373
0.376915422571402
80.68111828974618
0.6045538562534669
0.2959276559684091
644.5993256720036
939.434652916137
6207.828840783979
10.236891948703919
53.22599968265678
3801.949719979958
482.99755746630655
1542.2881437889457
809.9045433946767
0.7345026798046926
19.65154190270845
896.9670023630699
1713.0078293683525
86.78431092043391
4514.03183216971
13.956843309320298
5664.229819674351
0.9389051652409005
3.225623907466887
0.051919518793985264
0.6420133044879107
918.8151153438296
513.7870367381831
403.93442528440846
6888.392393356284
39.399556712189664
1846.4613698049204
781.3501076725893
51.748932790006265
3556.49417382385
15.938462114057195
646.4130856315991
0.6564231375229083
493.0549822279165
31.422575409462837
0.32507927445123874
8870.167587864511
0.1733966993153928
574.909365140951
745.2806064561707
847.3330137028904
0.010204109400933081
502.2522236466677
80.9803031130314
0.9874732431395968
32.41647475068377
8.050526345144652
37.86303186948422
0.45519136626324797
0.5412094688650781
0.051282027941007446
91.68666654827064
88.77573985290546
5.695980398933264
0.8565364341019261
21.326786761918935
81.27614274887605
202.08675207064996
2234.95602265421
0.39734604043281774
982.2226182549256
0.036619019528356334
2.933411917215085
9420.639053240557
6485.099482442258
9.83762054688347
97.60808981173751
7474.686858080642
751.9711765095927
0.8640951486778191
6.211263838127589
808.7040811396229
727.4364659323448
2749.4812923685354
9.567708082200424
382.54951313518757
9.015257811333852
4361.277239097133
5852.914185313169
20.604247736741456
527.7572028978303
0.34530045294994693
2661.9561749938202
8.063427246714511
2.487471806724587
2.7685284593764656
727.2100921133671
8.878664145199155
0.9502645022527404
85.22319643797452
141.0439929982048
82.88000349837455
2.6820779946857964
3.9042563591171664
90.62448428061563
12.888671951792997
13.134989435960364
5.2021243287666366
97.0985269221757
63.06853562460431
0.144475449954804
0.938827740476226
572.6750242951772
5.032907521656778
0.8244539036821449
2.9771798213272183
0.5996735330541306
7.77017408563051
5876.890147117257
6903.111079524441
3660.38147484112
64.21818338848611
0.8940926223435984
57.42798008261016
6968.9696441476035
0.6950347121056281
0.5053171549210099
8.07561553907884
7.643000275845704
4.116252046066366
8052.960459153913
1.1297925272456677
24.351719571650644
2004.4035103347624
0.33942499551510763
0.7202105696974103
4.838432402115879
75.27425452673245
7997.373330736194
0.4991766495710015
6.508695459226599
0.23276687781547234
650.2726131861957
57.97189429142418
50.61098753911472
23.9284918377789
5229.617157476956
671.3590288929673
0.25544631794843753
8.743594455028173
4037.4676295139657
1873.689770144562
51.73128861696434
6.445828491645261
4167.752673278499
0.4650014030431906
4210.325386060395
2.343950577215926
319.69739911275053
4.794951920130269
1274.935991920041
21.14709704996124
45.13567237573929
11.026765588117849
39.494151610958816
0.2509305538633888
7.197559843428577
0.6584319539535726
391.1686610302586
62.67769405677108
5.689955642576931
133.66024765120477
78.9570349658832
0.04218376347693453
82.90811890742545
316.1764185079559
874.4205882990348
0.7479324309165308
5576.843927256082
185.12404853850006
243.82729241156875
0.18907797502627932
2385.046274307344
2.083032544500635
35.05971995856505
0.9899777153169469
489.84325575977107
8466.119480111669
5.030607843128177
1851.7683079763547
1.941722593508931
2.993808244848337
0.6402748734439545
0.8359339068602272
7234.039153765261
80.7877370502372
7.3274428270147665
0.09314236409506504
2798.849406863585
3259.2581972815715
755.7708975970468
191.0289740174038
464.11444184400284
2637.915394541738
978.535413754257
639.7391817589968
452.6574324007229
0.3504137678515664
3435.5382798886967
27.657913872996996
496.1332639573568
0.5689359499931188
812.37910817894
8.466402669728732
856.9870309180455
0.5145982503779978
93.14155443017991
0.40065990737123935
523.5894488157096
0.47719331754043903
0.5060275864199912
2.138575806327514
0.16455860726410443
545.7122776063794
46.036376278586864
5.057958619447843
8954.526380846957
53.82528799643856
276.7651151294124
1827.3713050911479
0.7511358485494743
9.570756195436136
57.27493939209278
0.570799517063629
317.0207255228372
421.50219295141676
0.06859439189790129
52.45987014033281
84.68192537143274
9.124182936612792
5.499877605131898
40.92363421533474
0.18907229528633318
6313.782874935166
28.993589123013187
685.6477582587584
2.0864998462544113
6.174156192735776
290.31929497572696
9.54384841116726
27.091210169583224
2995.0562039852625
2689.274108328463
0.04861021398488263
50.09574939194613
0.9488020176096899
0.5847725492130791
96.80003074048896
0.41893170193653795
0.29558368376695165
148.5040260302326
0.32069532662813627
0.22101203956722704
20.374459383842492
6041.471189029852
0.5045590408632459
5795.351520291379
9.198050566121038
0.9365134459232582
0.30810366626812236
82.32821349193979
0.5675628695001378
6.975143570490011
0.5377440048768601
985.6366312759179
0.29727193094469917
0.0011322292312387905
18.02081864478915
41.41225858390059
21.91518994148256
0.008031806476961001
0.6175953718256317
3.246510455248192
627.8839023447752
5.279706902458728
581.3279589342501
6.873549515476616
3.6282935552887565
5214.331547897211
198.34284841761507
2.8325970852464453
0.5043724131463312
364.3147237331668
2.404635547689238
753.8374708501993
791.3188217413023
378.03797500182077
848.6961163007909
6.580930249831556
410.0134279668661
0.9772114566039497
8.109789339029682
2838.5429613192814
0.9849428523260622
5.135049900992041
14.018140491908927
494.4611784669961
0.07566783117591847
5694.385315336814
205.03854270263133
0.7644356512690491
490.48643818532554
884.7637258330132
4.516696756317122
7068.26111751288
62.14939152861956
7432.445944757573
3.3322791777536964
3698.7028718454485
59.80405962072554
8.955995952177897
36.0271865628497
5097.509413133562
8250.896994056216
0.23154017740123822
0.44304760865129156
701.9447027989837
0.9579068591863494
751.7644529251086
3.06248193586657
0.20959950876981537
65.1143324763314
1303.8856040772139
809.246442779533
639.9895712802964
97.78250952846595
4741.294313993898
1.1287113004151916
292.4147568355706
0.9407455593180944
3.7160288188980517
0.5162256802321301
27.07911513305169
3562.009093024421
3295.5833753684537
8.873279299682487
56.75298306422405
29.249593678294616
55.314080963268765
0.08272099391022103
679.9241225945082
114.29727738869889
9960.806471352835
50.771570240897965
277.140660577018
0.010002460714994554
8122.3576559000885
0.6708949778519505
4.0995404339083885
0.1908119281507109
9507.450412474565
49.542022358462425
80.51075003096719
79.7388967405972
15.396986253889022
2753.326124431775
4.612069882665949
1.3437660692113096
36.220445073771
0.7154647041178916
31.147266490676007
9.415481044748901
5.266124132129347
0.8414306274772227
8.08178317446149
0.9423345293019336
17.722398316444032
9842.670697555355
0.5747894867793396
20.42388966750859
78.79428547525434
8.307312706754786
15.39842577796361
51.10557788574353
0.5034022147794893
0.6264604682043663
0.9988293852202524
0.8200310894897187
427.64098118495997
6186.844345034177
365.8392113433713
5.212624939320465
4412.528477821087
98.8671095226113
8.358684980367999
11.429155787360145
0.4100803565839073
683.0688108498755
5360.2419494677115
463.0474932804622
0.00328067437423174
0.5011089269618293
0.2183264514134018
6621.5156818842215
0.5853998386512362
67.92752206364352
66.50760790757217
8.784451152012457
727.0692381645853
0.08560147169664312
8.51223299730083
1.5347165164872334
84.73311794155818
839.909618727238
0.39030890615089897
0.10823892912250943
0.8638568790942432
5.757389181492717
0.5238488973230759
0.0638968949803127
4.661445267090333
51.16583161309881
8600.809555347478
6692.527038056447
0.6336432727176666
1.5256071817663364
0.004326308901610454
9236.69825566026
3.3230935785005764
0.9816185050948156
73.44316464367374
8067.718289444914
472.61843937111837
61.77779173342437
1513.9920349669678
2838.979515818785
0.39688764533088583
1.4208548444916391
110.79853803845762
24.525494734592733
8.395687127006147
105.3091607613028
2.544879927774848
7175.333935072794
534.2320169136738
0.8797685868820988
430.08920762976453
56.924484932213204
253.81757816410487
5469.3081229449335
817.3687880423087
2685.7765367314337
699.3966793171359
0.8110880662843492
0.6254547447115546
70.60184356192927
3.0744840261063136
3492.4018100660946
358.52183287196715
6.024932809262761
63.385087194437304
754.9294599328518
3.9484231010999626
2524.7082754820426
88.76165741403975
0.9907102468098968
0.4466873256245081
45.49918800028971
8299.75915405751
67.31659615572971
4.342774966555703
4.674498748138376
82.27413189656927
6.289040782070265
0.747907771987289
0.658982616673901
149.27593083966306
0.35136374207996646
2.5917976616729
3073.031394304008
97.22370163884071
0.13157361971555515
5.521517380386721
6042.681748005445
54.50462999789482
9299.125019574329
4752.199400185789
0.5668470170432179
0.47612701034241856
312.78675181260706
2297.824432020228
0.8760345156576141
0.6116762515797751
2.5739529464123945
0.32105627738698206
9.259328980730807
336.0828610582056
0.32706102786176483
202.54522913576923
9.432036515743341
0.5761795551322391
12.846903337989858
0.6506876640198844
0.3619315749626931
0.9053939783217743
0.7343222879010065
9.195807249723298
56.59871584431667
3124.966331413127
0.10116083131391007
5.6780666731469145
9.755431365419994
24.269120622819372
0.01722934847257307
55.84714234819022
77.48009093191662
503.4226236477692
64.79056376217895
0.9498617070700233
0.23141033509779885
256.9418016245174
81.33693095195461
8951.968320165566
6.24702128765506
0.7668774590832879
7524.97943368027
0.0938605269698406
0.9367207773553109
8681.18655869345
0.21017103523342706
457.4963953769106
1230.2032341906854
0.7749283675253852
312.82188273923816
452.86448139967916
338.8457641138692
838.8789562200483
0.9347183090446387
9825.611154719516
0.7977441724818857
9.948699413367589
0.8772955046997885
5.800809090094962
0.32237457960935556
202.2878972955211
0.4755728157556236
0.24518341733110138
8.459911955578313
6566.787025743124
3146.5841914229964
829.6879648866512
0.30122163328907725
835.1462991357228
93.39861188319088
0.4820823294211144
0.7687741836899462
89.23198000713583
1.90528393671197
2558.3572835506384
8.859920124537483
724.2606161549904
51.700943178473594
3.372675893185506
817.250217764937
4.746728688320349
6815.6135656945
0.8108340229752815
3561.835770565401
35.645236917956844
0.4995138536568122
20.170189598883624
0.45634664806672076
7.316953654014569
34.59369466721633
7.101412177444288
8264.40124400938
0.14079343353243312
1725.3774491039499
385.9318953139331
7178.5981486711225
77.31696569551244
36.85670550439058
41.08824518345592
25.304953308521895
0.8104907692367285
0.892204271524284
326.2641600103675
809.2996958182681
0.7891453587915915
8.191753332823234
1.2413497193926815
0.07495521268870597
110.06786765940745
0.20242953732306956
983.736168026673
6624.283153295919
62.5998126318849
9.175771009179236
32.17891482326765
70.16843657070287
0.3462186309154712
8.01357258482671
4.878594104770443
72.59232212675218
0.1812608401105269
50.010133989256765
28.010985086171726
869.085703888691
3.2304441720242427
1268.3857679964806
2.0166015413173852
27.01443715814754
0.036897915391717606
8329.421318991946
336.55506261980514
717.7786201069388
2.7531469604292114
5601.944660618627
9.872734998411168
6.302422637204189
0.7899692140849855
89.99636059474338
34.3747605530009
82.28657963794247
0.46363497928149766
73.88596140241066
640.8075414956319
210.26011555780255
1676.1620571951707
63.61107204826021
779.8638730617511
5223.533665827429
5443.80641194791
35.21714307518463
43.19915177601577
66.04904346649734
3.2688765797974906
0.7545059661441134
4.826278397447
1678.9870374749682
6368.068791491194
4721.6395177452105
0.4301636531084304
4.479447566060077
72.83791914884436
0.7518133437742162
2.8148439417126747
72.41821372168106
69.34620736823962
73.14486989355747
8.997888400277898
4.516806396084462
89.35299789031664
93.14117498724416
38.854284229450954
13.344381034633358
49.86272791432682
258.3956033279072
1235.7568919734629
612.6419139164462
6321.016654037885
9.114159035003455
429.7260118577806
64.94077175313389
2.641230143078058
1164.9040943619093
4660.581355132819
6.817683363682855
230.81413595491097
0.4288733995659856
1.617651402011644
7.397986080414682
2477.551273056471
99.61893287491739
3.1156022264837535
52.57875016391689
74.39402576997426
0.3639690920538732
0.9339522791336093
0.9107973053593612
0.7456859922965489
7542.067364851874
32.60893735418886
0.5148340366857629
0.24542152631187641
5.061864356179473
825.5346801530673
0.07827832947431024
21.439498958017655
7.784437201151216
3307.7075421947256
691.4061102589889
0.37247485016620796
0.47814436560512397
0.939605912195997
9358.823840676787
9.31599489386257
9232.001089043977
329.9953876528473
15.8619163551728
0.37924270044636776
30.56239204555635
3836.9264423356576
275.93562939274284
563.1513644309256
0.3918645344165017
7971.436478761639
961.3164313801348
4367.755037658293
9242.095938171688
40.6285578190575
2230.4221110268218
1889.0020620231096
6.508283420644531
8.94294591237479
674.001688992233
84.11259534750933
921.9451831668896
818.8851686730729
0.9774788560964005
6.46390480743961
88.60838354453358
35.58330966384582
3891.546298137025
0.3803599136949942
22.608781276406365
665.1886423565713
0.6206134613946586
0.6377098630477296
31.677469410228674
0.8513875131728077
946.4104583096527
0.12593792724932806
1.1902175369108636
7.767917095148958
15.079372878861308
8163.1464626901525
4.247609114001998
0.021082322544095367
1.0667904176121024
271.030747849514
1553.2362280728673
0.2423139430581317
66.1667780739393
31.9057752070688
7603.679185080719
6.03703296533257
5774.227698669767
7.41068106233106
803.3131840059659
8.805367877612769
0.3459008363554217
0.7325513820162768
44.37932769225053
50.99343886864946
6080.276613731532
448.64140849207223
455.58373087079906
0.6975348390069096
375.1583071400991
91.7022073762297
0.7051172309138984
831.8196902398834
451.8046487426216
467.5619521478008
24.425983859680823
91.53601477227926
8.486205734199
3.0826192519537043
46.526420931510216
301.4861835986701
3.962291209490915
22.747084295796714
53.25601551165481
70.66371909660684
2509.777788703952
5.7504717512167245
39.0852002327789
359.3880173809761
32.73312315621306
2.0687817638816606
69.7891194581937
727.4862198184518
74.8560821691209
600.8469753855295
0.6335671871293856
0.07974290789286242
9.948800027983168
14.675842364537072
0.7772444383500487
15.928596702545772
0.9815177463892978
0.49641145921404184
4374.086096699569
51.83192255124418
6.277575624383878
4146.505774256796
7.31490713673587
170.39549376481023
0.15606141515337635
77.57708854026326
0.003983693090405804
50.17266636632996
0.021702131924515533
0.6428833659794762
0.6681872465705438
805.049410087833
9963.317610722383
0.9318750488296134
748.8918675853332
0.3935736993604054
5.313166163800897
548.9981148482772
568.9400476040906
40.307772233970205
9043.651376256448
944.6283423370327
8.403476594848124
3594.093873694011
8307.011377997218
7.236902402465835
0.5334890953275357
6.564090363222067
0.6062418757931513
99.3952662895233
40.260834119628
1804.1569050052708
4.687824249612555
4489.252732624141
850.0641381115747
8.614937678445774
0.4371569051775832
2.2364212719399923
2.5704109134440998
0.42652553097803936
0.28724537399711103
4156.962643361386
320.19366393224766
0.8822389586857105
3.164670676535406
138.51292060625198
0.80377630210675
38.86728024774764
285.9255273341811
79.10630845232582
0.203779196178685
562.5542974567732
223.57131025244814
2.7311407727568904
314.41823008497636
0.17976806609937312
5.368742961551449
64.87354619680107
720.4682704155891
0.48140380620629053
0.816897864803562
8.022014554321474
4.93182864531179
0.5175244298381065
537.2653724693274
12.885329959179714
7676.214464130854
9359.211695555054
0.68715413176092
282.03080327098286
8.398440744193463
328.93024695816644
16.69010014114449
17.750362169284784
0.9343721389325887
0.3348102707557885
7159.288731141802
29.891424019024228
1698.0891400171226
86.99845519856704
6.071833234096475
5.693826194887011
7.488531861321436
861.6594297678093
4.637505493254581
8543.456532059132
93.08243041630053
0.3917542443559733
6.477125220006078
87.81722018234564
0.12874683897450645
0.5036848890047629
57.8747461931494
605.2495296931107
964.6078148972385
0.7311997291034925
0.0649381660670133
7.850849814563327
5.871208676643248
532.889142167988
67.85416681529755
650.0893193359782
5212.187972515318
24.021775436931993
8.59460488205785
0.61962599597429
483.83461064003643
3.0270087627229736
9171.861599787999
2419.3310528912125
0.17399655146141757
7589.511557758928
552.2226804128811
520.2443794509295
7.027001662777611
44.512342949859516
128.11330484286222
3579.5691446032597
620.9033734051883
267.338318793012
2.506657569348053
815.6097672937964
458.6571010306011
578.9827661553466
6418.715892657203
46.36896544384497
24.754714659423914
1178.3579192311056
32.31792507725314
7659.1583732045665
3.1268455135070248
2453.9893789545063
4.671662778318115
45.29725597527844
5.737320376117908
35.068603952871435
3892.2961876391037
5058.278595617649
5633.7748615977125
4.76258684864657
0.5275579503548661
9637.909530792025
62.038205710409656
0.372715270483173
0.813813331544636
4.788149217284121
0.6734873292863454
3850.0337335868862
9.433483521949979
9510.924446344776
5020.251721221396
9785.348551113537
0.28101847163373284
27.84777596980087
3651.067469081093
7.3531115361986785
5619.311765176476
664.620430061568
0.4415007813378725
9341.587856252203
8257.365868854622
0.13837468557513655
831.7802142869715
0.7195494840899268
6829.1270281421075
30.684394723335384
953.095485324286
0.8856373794795416
0.8068571235439804
4814.291389626568
565.8202730866392
0.29257057850942947
100.06803702239664
1701.3911344432775
10.67702053717986
533.3134613510426
836.9568907074187
19.519104193056457
57.49712736302484
0.4426342369761892
3.1929964128315067
9.67109428933777
0.9508991260344615
8736.375734913065
0.9547690584016777
8.813365649735548
1.8784382707596203
38.90481130334349
32.11356301244865
9.890968375612841
0.02042718138461208
395.1533872428345
273.1424103080967
3.334684114865174
0.7674635359661461
2006.0293089630688
15.879372001966896
5.652510096309783
125.79071424947475
74.62813990769546
19.80037422030112
0.0015735619348588026
7.003437605359425
0.5961350474333189
5366.182342820514
0.34822808839735164
9.692505521609982
7847.694514943231
7084.743798664803
0.09490338402444154
0.8013099897212206
405.650799252021
422.7572438948649
4.307056181899317
0.34054312511783724
1115.6381169585816
313.14009437818635
997.9333057064067
0.724091342873735
18.143082413244095
69.02638173480149
81.79275936391367
4.058230007390061
548.0972526496671
501.60865369718965
6.724169906055187
64.6551785553341
7.461170047231876
6.24069156457058
747.3604699420085
30.231617234873475
8745.015089247263
6372.848292078846
11.653229022355804
87.06032924259814
59.56562470063265
0.7033605286638153
56.73871882781204
158.55827021499002
64.5940456841812
0.480482936943622
495.57047254500986
2.756113421483517
0.5722991007945597
0.9342257471691832
71.66684588978988
0.7541323722461364
9.520123212353894
2011.4077419843102
1211.487000220647
0.4844748674426732
75.56428956595164
7.867983813177849
6433.503271992674
6190.515959977018
568.2904353728095
519.0115261502829
80.873462420905
8668.88173196185
0.3898673151429004
2.0615940876271477
5597.210737618821
0.8051909837796415
0.9876212852648685
0.7474983327309799
2341.4673066783776
682.5372453405425
0.7758666749306563
67.7652809614449
0.6669908609369745
728.459698299338
5.3160231013823545
976.7331242661749
61.55241873459656
1194.1901407218359
525.2962111664935
64.31518634705917
7823.863003280168
517.5297455014683
3218.0159694537224
68.89270001863225
230.13662112967336
0.2536524331509743
96.76337791400277
65.89722602798393
6.562261192035594
9855.986378737436
0.8923053715167336
48.20052410180661
0.17024059813994175
9.727404750772461
2.357387207334124
658.8906093838382
60.928229730420426
0.15658935789042827
376.90257797403757
48.291237648921346
72.1321046819702
0.17252266031768781
4668.242064299893
54.518313051467814
886.4005021484793
0.903613201591389
0.12953228163143593
633.522694151187
0.7174945566311249
457.12803383108826
463.8273964442485
0.9734150771626523
0.6093727883996377
525.8066463616962
9608.936197370802
0.37665608560494035
61.7970351289563
0.2168893767542992
82.42566473173822
8.980885367949107
63.97206046218689
2223.3685103013368
0.8361588313907017
0.3145260500438768
1.2569523176146502
42.18363112342344
0.3979902595204976
1.0938304310929092
901.3778951523312
7244.587309324465
0.39451668708250587
883.2127479250099
892.5331067330617
6344.432521939367
539.6019739796612
0.215176080345737
1.832524358991806
9816.023390851737
262.99374844187463
95.60606871502895
1.6997115305234967
7957.4785973218195
3863.8979933471264
6.500472176590243
3006.0900522597667
3.9922802946612714
706.8547736106322
0.19599583944422116
1.6702586864189828
37.69129602320248
918.7745972744156
0.41940193804141723
0.3227229678947042
1039.7876285267082
3.3762682621216413
0.3751223964410906
99.9908000653505
8109.792409543846
1.010777849512653
624.817194118403
32.37591044045812
2327.4804098119794
0.47194178366149775
2186.718471304742
53.595089284898414
5.198365387250678
5971.573413583144
4.034142066277337
5137.292781071239
9.828611700543878
6459.164972136971
7.041180886599921
845.9419854635137
1684.7105352951685
330.1357201662116
320.1233327953431
44.899436112759226
0.7251160193117269
5093.021577897355
0.8385958606578013
0.6130209047480186
7562.01102643799
2.3895616068173253
9.667699180093908
0.922351378610291
84.15362908418344
429.8932365179304
7596.388036235698
0.7922324479334802
0.5017566256518354
74.23434882199209
1775.9057365915542
7827.037899567604
55.56666444244331
837.4334025862316
0.6621891154513093
52.9901079398744
0.149334470849237
4.011342395131293
0.13016455946104466
9.623667176151796
5758.342532520216
0.32799041823467256
919.509703561541
5354.057758236046
7670.959604358734
3.8407735416955346
0.6778421402986519
957.7132346477969
26.142325505440333
613.1231304145539
896.5308274340683
5.992592661645011
6.8510968837078545
0.6719498123750497
5.17407582578876
0.8350318545203861
4835.64952140301
0.9309222473491862
1.7476588705662621
0.5208751722500541
9.035568875782175
64.25826244621713
4342.965985835157
935.2935937944605
0.5133622642929426
8190.730253840129
7948.715838736363
8.131563575433862
172.49064824275717
4688.133765177501
1719.9232004005694
186.27209718200822
1748.069795238575
852.4650797137683
4.626332852837908
67.35905776205577
7.998960889215549
62.26605845902231
17.58970506044455
12.648170171420848
9121.567384023807
6540.7728613034615
32.358060989007264
0.23442762639439263
27.343245135462002
0.353226313905618
2.0522114756098486
5.385647860824231
759.788284810627
0.23535703135780106
831.3729293365661
7.895344295920541
29.938411632494034
31.960429764211185
51.4374158045907
19.72465514516253
4838.9200361413505
0.8983073688070278
0.8665009709563543
0.8152004439666227
41.18115782914917
31.700998113038303
371.75302122622
0.9078519977735102
2.470884005333125
0.20586107402530152
39.014949009749
4256.637752109596
7353.2746616043605
73.22752635004822
4.1514663663737785
210.18665918077005
5123.298787527181
16.180208961391763
9.87581208044282
6.623492936862338
16.041508755716304
1.8408860874175825
4.389909867838987
8885.028385861606
68.78326981755234
3069.254668580318
0.893132784710434
93.76252118689985
7621.358667191581
2454.046520805544
0.6453241815306188
868.7635090822133
0.6055159723115717
855.4512700215539
9.683163089436796
820.9178813075057
312.43402975607427
0.616705248243243
0.1938427727100278
0.6997114029526149
4206.924183436144
0.2041896589794857
544.1486028911931
0.2730629514670678
727.1717516369553
32.770188068438344
5470.406996141623
8591.456944372083
402.86122568034364
0.2894112205865941
4343.205131039933
0.8939259211806537
490.4597566790152
5513.411847818385
5.971527605146802
5.9559018967451625
555.6755009597932
418.49545053797175
0.1591992869985368
778.0817538421458
6054.262938518415
97.35517169981571
452.06514142981047
0.14544541368666342
4.798825555611542
0.34178758117214714
4788.299583888896
6.007764793088044
0.1615369487794882
0.9210194214365608
0.759714829823277
5.200535899193303
2.000788176226661
2.326316681326169
3.716822645468203
0.5806056377824602
11.363706131307916
217.0661912173528
75.71500407218046
0.8669892847000467
0.25734526465298757
3628.3616944143173
0.533311083398017
66.58823632736922
1495.341887445416
2028.7750565120132
42.52216059778608
831.0574255632719
2000.5240101957356
9492.312576109283
8929.155668922625
0.26182034499835727
0.5764728718388228
990.6474552102725
59.38288957961476
0.7056262918365133
403.6910610182322
40.53157990667344
1336.17799017709
442.1100577961944
0.9748750010018387
4273.683932889183
6643.252427206362
8028.888434695464
0.6345146662576476
2.3093025899170536
0.3496938064801489
5.851688414195378
975.5510924556911
494.2927531608965
331.61537600847237
0.22107433878145732
2696.106823641047
8.296601694684814
1.3101259912572094
387.93407699441894
6114.481758093721
580.1274813551295
51.39752731962757
0.3680177722285529
7.518890826758081
2.1265282427777974
87.04356805407085
0.14270134987341887
14.440683721142044
2.018929396109137
0.8417871761245227
5048.649267116881
65.87395963528328
2546.464139776099
0.24757235674814304
0.8402436349354081
456.3203920255399
2.7103454626218557
409.3771770806273
71.5601902893595
294.76330288074826
0.602476737325536
0.256139516538918
0.13613092283503803
50.354971596748555
4316.042762101597
480.4455791220847
55.31347507567075
948.8593574409538
0.22886689530177307
811.0174202516127
9.834562004301828
461.5697580206015
5.056586781584467
4.194290766450286
55.440835076441786
85.31972047641545
374.9625378003453
47.72190499727679
951.1193559961531
1142.6557102846957
9.590217898617725
4.607280952160453
124.48204828651255
0.7413330365745524
26.485780167701723
5.242268984510422
4.7222939035949105
229.64541027170927
60.74682562533521
685.4195553738563
96.26753154705952
0.967845287969934
9.492766843343754
73.3067974131846
0.2162099145741191
179.45549291954632
0.42864412487455994
377.2944871568429
8.492668762812084
353.3441166867961
1.0590707565103974
0.08240943611194296
1477.4490403375373
45.7881253251774
8.656975249595689
510.9360481118029
634.2741049305367
8.808449866075737
36.717828583774484
0.26191763749721586
0.5844796681153897
8667.141612378658
2.0358880660759726
3.174801518137813
4930.044102631344
907.2029739787222
0.94362670537737
0.03567186121584165
4.925563073769901
620.8750728910595
1569.7957680132213
38.75918694228538
191.03468018921544
7.429318476764965
90.15008245468347
5703.841625018447
9.148279299020121
12.282921604760965
31.255856725672594
5735.151346474743
1912.9332838606672
675.6275827435813
0.42436190768544957
34.5390461888867
46.423410847063465
92.62032627023252
196.98870819376268
1933.5030909809136
1.2926413431461181
0.8475200245792016
428.1476323226211
248.05677062341857
4706.893393912603
0.33987005314742536
229.01287268558644
0.3321223162569489
8.024984036692084
0.5265394117495313
3.7896368687057125
0.3430596956922173
7.893562629533668
1364.8911652572892
23.815260074635436
1.7125798646538992
45.76291940445317
20.517538253604073
37.95289603313721
1.1419968031243155
89.25070523051203
143.38264445136295
9038.896540952723
287.7411025494936
706.6314688514115
82.35764257003768
9952.316134496414
0.29963936887736187
0.45535016845089826
0.829131972869408
236.25132853298015
7079.443555572743
321.1528445232642
634.6609520427002
0.8148318795377097
443.81207696086
2313.9506906349748
0.3048711183707653
0.13931282128351308
0.15906495437426704
5062.198964001804
0.3674799049432811
7551.493959863806
96.34749786916001
122.84411253951244
9.635478110105085
14.767904580332015
0.5838804052151642
0.17381412252360007
1.7569701981673413
0.5197250387755504
7.335406188160451
859.3997086302194
52.83028428009852
8939.072693688218
7112.484984429552
6.164051096064757
8.307150009776542
563.0698144372848
22.222277152035417
155.9371458416543
0.518008747980196
0.6085774192739183
0.37844925090936177
5572.190348170473
2.3524267077103245
4.660934934546058
530.731809007255
0.8970124409791834
3029.4659156633575
96.91745533710365
98.6600236721098
168.6000437553281
486.7469621232845
4.107304172153121
5070.173330551597
0.050153675184778646
29.926418083867834
76.36355105054193
659.1248655366875
3.734070247739192
87.17602973825866
824.2070715508328
8.62392107554868
5.016079640584201
487.7227295730555
0.18102286075468443
682.3168509587192
840.9371442741308
15.851586601602751
102.99489104790626
1.7523412910688474
5690.654844295608
88.99785259713472
0.4340218740258207
0.4265852963966481
8640.640753324562
88.7575632536141
3.98622295984969
1422.4380566701088
0.4280239543445288
404.7069367054268
461.47851540347074
8.621979370831076
13.29205974131077
9096.249273477759
0.8877575688385037
0.6523625379244903
6.386718138746149
3.8345816962891712
407.98410695123897
4.948125292071074
61.20657803690776
404.22075473324406
58.35414302152904
662.9112737268395
491.18633232961116
6585.373237234325
3.235961750158589
16.725780408401615
1622.7340863230077
30.23966914020091
9837.717115815314
54.901202086305766
0.44786570889363575
25.02332492658902
81.15689720091143
9582.586282501117
7106.142354923336
8.036550981884643
0.45451919340595603
27.079103787469293
0.5873477775293537
560.7434985604417
514.7713234114698
933.3863068092477
6.523110798512732
0.07239977282559451
1220.9350712666467
0.07622931897985552
85.21744638357593
0.7879915875390906
1.5142462550418845
0.6913428852714075
74.78647469404578
23.288708629998347
0.7884506794732425
0.20681802924611026
780.1660664649963
901.1370377099627
0.1568570819945836
59.98109282687941
9.521281077285417
5.876884934728991
7.328308518448036
160.8790828476382
8.432017550929835
331.481563738373
80.57173616902408
1.6182261427313605
4159.1217560149125
490.69312446140634
980.0283793295803
92.44732617262693
17.36721408349382
517.528086584326
504.43778536724335
44.330588510394506
0.6712690367112707
0.8878941869807867
4.320274392521059
583.2563342879214
0.529788573090697
4831.253787860689
0.18705293148832702
6.721496740762557
59.63436410761261
7390.472776515496
40.62708279513102
1796.7153299436923
36.84057720816887
0.2629401467564133
6.5670334663762215
2.86757167556031
0.22340980829699386
0.9858627230000147
15.593695026335174
93.50382172481028
0.40938802903931204
789.9426336703985
98.20029922711132
0.6161694130329742
8.641679067768296
395.9724072585408
973.093957537519
701.1924206088482
9.83897577638725
0.9178295056866095
671.9617379454629
0.5608591095546064
1817.221328723524
89.17964701951368
797.057098023114
7.293251198412943
3.332187607702679
25.93604452529944
61.26678222209635
64.0305572422452
379.825625546113
43.22275344504454
2376.195684506317
4244.488773041676
0.6971653503810596
7469.825809895213
4142.366761216608
6561.274930414266
736.5061608925051
0.11453041310690948
355.70016583928134
0.052990635237838424
5488.361721191644
2.9776613353244032
477.8265418948958
787.7756587763669
1.3397674175076257
79.9727385700137
0.2792495210124094
83.90107608303434
0.4487100295798192
8.633103824474519
35.33258354070043
78.39231197672632
16.793418612660393
7022.908562054529
889.8276105627853
9.420367841414697
244.6366122659217
1.6477481608427036
35.84306069348894
3.0760537757564332
39.78653862906965
0.035654846709933796
4683.656687275276
3248.593616851512
0.2005901434714531
65.9460799303169
0.4043153694764491
650.5076160482998
69.17514640075602
0.33903864227482006
3653.6623561989636
7609.706700288036
4485.049445351191
0.6973051313722249
7138.339346619795
18.25971538773271
32.023405842301536
2059.132156082142
924.3379197382512
1.21531503791786
618.1010985476859
7.386302190715334
4.763483585497719
6862.350640021044
2.4293894321479472
1.6417799447796344
0.853547414855644
72.06986210405925
6989.710141401938
721.0774100789043
0.4888932360165237
5.568033806259871
9162.30270950277
0.823315191021476
7.243777443098364
7829.936982202036
8149.082585909031
27.748563669336313
12.969823351701015
0.8929164513492295
3940.169550229652
0.8387529724117982
0.6320753439623074
20.574193051434076
4.419193285699543
0.8476622523510282
0.12960153933275542
864.5610626057012
0.4177880652257908
1.7497988491777539
0.4961699311010557
0.22595729006344223
9.743374042187295
747.9447824218599
436.3342474515165
0.4112306558436698
8360.82190460537
733.5922703149183
506.88777531028074
9979.605403592814
180.3051857252246
56.65264327082402
694.2173297134926
6934.33382076436
3.7905631086783895
919.4067488500463
0.9924788698481618
67.86381012960207
2.8484779926023798
39.79894364260874
542.9314642071189
0.7832578643024228
2.022581475230253
695.227798819283
2357.837495433136
4.386574016093806
660.7105165078432
0.3288788980422962
73.0956791747976
4201.686394109537
9760.320119983726
60.705747851426686
6.3180955315102345
6358.236946243877
7.573435793973937
0.40993034130121786
547.223453845204
34.629105489044456
2423.6988664045043
8215.605086268382
51.109865998351324
9872.558599285449
0.7104256911704324
0.24077853679604233
5.748652806647373
71.92413501531007
428.33030184410046
0.08468783155743598
394.0053478208827
9.050478341863071
7404.3894863288915
0.5725421705845822
76.49822504872427
1.70624056923536
2.5606458201014446
480.4400970760182
3.3538564519075944
3813.2372293884055
624.8834829604104
0.2726130942079388
2.7052051658266807
89.99912152037274
5029.385197728996
6044.8809494747875
7.868608945822922
8233.852915717825
3703.4927700429753
9.535825761642933
55.29589904367721
62.59399649796442
9774.574491311576
0.6397734005276754
43.26669826366931
865.0840880679177
972.3183870667614
924.7013098221378
510.75939258499415
9526.837091487929
59.08227545557387
0.18219062619190973
0.778808489422058
0.27703876402248595
0.35562398450643873
69.71585113935164
22.204903715861203
805.6646019904792
132.30867440496118
0.38072114857338024
8296.147054402985
339.7197107921346
5644.8275990141265
8368.28993713819
3.5806693866668793
876.1287546927889
2.210950144402861
92.06050679948554
9.763392303931509
9.80634209268539
5.15989670262646
20.24114561635978
2.5709738713349948
9.682292494210493
23.93114400760653
2.6127472353733197
8169.321236009517
1385.9507664894254
0.438580210036253
1658.8272926757652
758.8539382190793
7991.853126766717
2948.1975390173575
33.60881661521514
131.21940133247446
4.750590969928251
6025.861463510601
9.51474534450888
0.7331882084884528
9.885234367282415
3.705695641271154
507.9143516246989
6.647494836665681
38.80515038806184
9.494713167755302
509.8420946723874
355.5629275569857
5095.798629881449
74.91068706293579
969.5526202391688
8673.180717178302
0.1811043942081182
0.8375926460492233
2008.9091023110595
0.3470344208887923
5829.578430006433
0.2811459112654062
64.86768146508258
0.21661322488874057
8917.722707462834
0.5362514347619451
46.08023140823991
3.1099921159729194
7938.650360119175
0.21453910643676044
4229.974362416572
482.07088189435643
4593.478904938372
98.6564653248983
847.5681491091478
7952.493430718944
7214.332007309997
8599.1213097581
57.0710034204716
5.6779304192693125
6.964564523624941
986.0493402569978
388.32550554817846
675.8079157869599
1.7046768331053452
8.04753604648671
0.045555712335201504
6451.181884854453
4.169009271024593
45.697722751319006
0.3297980937580799
0.9874666636971093
8.644709135387536
8.463134779155455
8.330612534975623
7.03841291216537
9.206010776140342
0.13333609108609978
0.8177769900059343
323.9234427654166
3404.299080340627
9786.303059023785
70.48999379515872
0.40768244623047367
53.23143055040058
0.8784601949511535
0.9069529969718012
994.4669770407719
0.7986002077954173
0.7806577768242051
0.8648432493799656
9630.074970423215
290.62172241188233
61.00250069288349
3533.288081502071
5125.625687375435
57.65316197334654
0.48354579839722156
3671.429828984638
83.33185712410378
8547.733148651563
86.66534740470524
672.4035843119078
965.682207545421
231.26118742976143
19.35917033811053
6185.384854632737
3.3247930771032275
15.372221819340492
9587.566848441234
0.15330828544878328
0.3778835979261539
173.4331253701955
1.6287893977907086
42.558770821793566
85.04496065631561
3.9070853349440817
9574.100202171116
6403.457086883234
50.09578310249625
55.94093386848413
0.868278730457225
2309.5841809662375
659.6382478679523
3.276727691669029
80.8243167347743
336.76019200288664
0.3207158458780023
0.6539761582399082
836.3281830969456
7.494506374035115
7.384536541656017
3.2682660988943644
7707.913781394472
70.6628080288777
17.055890081215686
0.5031478540084201
1.3200229596344148
2266.0455872475613
6.032299325602962
0.8334449909664461
7497.923045857004
0.3866513873283547
891.6189252932434
3.778247181938821
0.6041361413988963
9157.916026148445
3.7891026345888634
94.64258544364858
4.101685539247065
78.39143192688111
354.04028562368507
7.631231089846028
45.784123981219395
0.5844491673224032
79.47538200211035
0.038605903624316484
653.9685457676463
1.7442902663316462
979.2951163257334
0.6782565900565433
6.616814882247897
0.7503507300790557
1929.3805709475919
179.25306519723273
18.20890074160011
53.58914933545825
1677.0493487334336
0.5096575539186632
5.992620177069361
3.260762324112234
663.3274176522386
392.66133652440436
3969.198609212691
6.749410607615727
861.6797602182544
0.46676452662491197
9.085300805002417
12.759943847533206
2.0332012236121164
8.794008364263787
1222.6315781158125
9.762595462666994
0.1323958429559262
4.449596278426215
2101.902753884648
522.3111760539967
197.48953707025495
1.7516069699487524
6.542048368807297
0.7990121500856204
99.08738525160882
68.6583343066392
1465.1927548803455
7339.980067788949
741.8765322435123
636.7762284472744
8.981433248941828
7003.933371849621
146.9010017035727
83.8568605059961
9.545839051684924
0.06197504119635677
0.7207815346980713
4457.581069556482
30.51249905925423
337.7005862359651
4201.892901722943
2.3276151526056887
44.796923661640044
0.037735313618666444
0.18613702425882328
138.00644058583123
0.8928935471359595
0.2151490844668682
64.56311790495126
856.0945163933573
0.7552474243138897
5.670753230062564
80.43983234906239
0.6507682491994123
7043.5017078986
339.87061411436923
5901.927034123083
18.88241306973204
61.88945770112929
8482.743878382802
92.83580138459025
48.967565122171166
33.63016349948178
293.00575152465467
548.5979085506035
25.822033213506213
52.79207363507271
403.14104053611175
8.189652593133646
96.62105883780316
0.5508900538983302
533.7452565911801
4227.331338285458
0.37905139804227694
28.73709681251455
0.6935180205423149
98.80379795163282
4.937275304186639
0.03178490467653594
3.975306597450019
97.09053853326549
38.69704756147666
0.6052075608639135
74.76411626407912
0.7869133544623373
4289.096527026795
679.1481994446069
71.48669983174597
5591.041246538883
7.340540935696219
0.0027206342703900432
195.3713658373002
685.2402097218342
0.0393396924103091
102.02614417254452
264.33185654054716
105.56834623483479
51.22480506198478
800.8110057377137
0.06999826893362837
0.4287447010297396
94.96111422923465
564.6726476163349
0.1888690270369685
6151.437576391831
26.043155158637187
3676.329919973196
47.19098470828899
601.9080415653227
9334.309137601735
7.627910828826005
86.03213270115336
0.7190643821650186
6997.741291213894
0.5609888086076226
844.2383957763211
0.7356587842585547
1926.5817892189252
7.848486409436557
6889.3049614173915
0.012417641717503591
0.706071529712536
92.44577136848837
0.7643504674564896
2.27441921092034
459.6489624068348
7.296060214469962
22.690453404785217
8.741700390213188
5198.360119896353
57.12598880627596
5782.2068609854805
840.1132133227572
1.6979497645327135
70.13824422526524
10.804602118231754
641.1154917302076
0.21983866883730563
900.55404698549
98.02520614447933
48.80874474490173
1.936971255886718
463.0963272933778
0.7884698881625047
4598.300473686317
3.944619557238289
0.6568125605528027
5216.131669361226
679.3324061604613
0.015154450009691178
0.7137866293891034
0.7459540186099111
27.520272180308925
164.5279439369596
51.10031396737212
0.36849501107669125
990.1562302807683
508.10973449683695
4.915176560284056
75.82961114593772
64.90551775596688
7769.913101834114
0.41585645608829047
0.08353421406372741
90.4231629023367
5.7685714026747315
940.1056630477651
730.556533778578
6.021440175768134
7.919604500850117
533.5146570296686
6.6936715578701165
57.5358939622025
3218.3664275450064
9.541064094480072
32.75253304387835
0.09921083253514884
632.8840772323642
0.43366615875023984
9014.535278379642
24.317677503273273
216.98473725855806
9.757180836985304
7272.2178744769735
807.8221185299061
2.1855282539596277
0.10789485020676803
0.1580587727205568
0.628527955784392
0.44246904247701646
0.2734689349760421
15.201856455230455
0.9588072914046353
95.24202138371734
7936.312183734696
3.719904087157694
2.4912051442209124
9507.566349088214
6.781306205340409
864.7264019652899
3575.8987056248893
7.269886987147834
0.31375868449954125
0.4362826937226194
0.46285296165670897
0.7644983015800332
0.6141630081821947
8.612780516486712
813.8838867722246
5157.197561484846
74.14610200708701
355.93046789108917
97.05938740695095
1.2871339178668117
9.881795019275604
0.13352906258470365
7.44278794775338
4111.95008698076
129.17206669761694
0.03592853957303688
8.249742896397228
91.9854523325576
60.50758695981462
0.3420100254721894
87.75223033559121
5477.568991824431
160.05810047084867
0.6190268588476662
9.18900081223989
68.5492952675484
98.99989002234145
0.15487325874768842
61.834237669203496
9250.446145675794
1208.614297748678
10.602857871670379
288.732791109346
0.6220653065547738
0.961125943765562
3416.993368614557
644.856427311038
0.47190397156140407
0.20688776817190324
0.28501705994588045
3295.2680401650223
0.4137250303785389
0.34430595449450774
4807.316937472894
3519.93710582552
3.996940305855161
5.9084210327527975
9100.699964834053
50.7716642526446
9936.862529954238
96.0310301819732
0.273274256876031
99.54653932101606
99.49802967330942
2601.456709043254
6.462723555911666
86.31158636830561
54.8303727193005
2.714746036266976
64.72893819152553
0.033662959135038806
9413.67346892737
2.1215242697633805
16.53167015081516
411.82671773369094
17.06089793059773
0.7802679259132277
125.57066678857554
0.0693360727300224
7.5589485091487205
7946.953738212566
8457.65226280938
3.243914210861294
0.6341364259274497
45.032892545273576
0.08363245293848909
3.987065187893287
4857.555479968486
8.759006398052344
267.5468518152757
1168.3405776224308
21.315402518284266
56.53617347730345
8758.155626418957
0.10007092976685195
3210.730038491605
8.958711246224896
9.806356867207215
704.9952950732505
0.9860041862740002
0.18913377823987232
1577.6905958618647
574.0317457278489
0.5331421396449346
1.203903315120085
348.7018603515415
65.20012975925229
6302.063797942924
0.607453404363505
0.5964107517277673
1755.6090471563823
0.01344242669072071
0.44124924672579147
331.2129944852892
0.6971598768505435
0.4589359088760053
3.504483310079717
0.35710130987981026
17.78527706196681
88.60775780514297
7.7629657966416685
481.89800354564073
37.62494812454721
0.44578915532781416
118.40335637810794
115.29334551578974
976.8380870249385
5.6163200125372885
7875.786525990738
7026.9150818408325
9.251257935934722
1239.8350188255502
8145.981805449001
0.22871466661314244
0.5961684580703096
0.22487533169518747
3531.334364432647
0.4014221769587075
10.815616664625793
7.962358986362963
2.774435775316695
3.1546458652710117
3.7731434794734353
31.6570806387509
6.207395102160621
4.905041211811573
7616.164246963073
0.9719585865388083
12.029106856498007
198.65849503285128
344.9071373611723
310.08565332552405
1.8233774641512512
5.383737356240699
57.89333071190581
4.488290015581001
8.301505244887657
31.507651373443025
0.7493964392149218
0.2311259227078324
0.9277642136296185
0.3948602528678725
57.007564210911845
4.518798209684256
4.3337462079550075
4.316573096725319
3.863028232701926
45.04519044012988
921.7898706199513
6.218475434556446
53.69813103167827
4.447809154517462
987.1652907332763
6.434234552824614
74.2810148908985
0.8034235179706654
733.3145907156247
390.6924528746422
0.4581651200931114
425.4328908972325
8244.625608912911
24.905840351663887
884.9400235293085
48.503698845751956
33.52883669413581
0.1372577497117764
0.8498176232058408
0.33452669088173226
0.8320066437364562
9.727225330549292
9805.458359407643
9825.235531133227
27.629808115022147
3.556696810287525
14.509533410420506
0.06414796532594746
90.81765009751892
268.9147872266451
843.6624280843319
38.96514522731634
6.6438230724223395
6392.3852847452945
0.205143593511808
8.521425624387291
42.73019649819643
221.793664325733
3945.0751033428032
3.5563035394918097
0.18382715442036057
7594.734807502104
0.8810479075687756
9.354549646433135
0.030427903499478104
0.263174657856735
95.09029278737944
9077.896871603012
5698.278144925613
0.13261926134892188
0.8243932817676182
267.60168566114385
0.58856318784226
4551.427969543577
1745.1574208230647
6498.544067213813
0.6441922044513317
0.7801482545925347
93.01454069549337
50.437965909898395
5.244689244133668
3.157412723546591
6.428391792145948
0.32759036598830293
8220.306804254622
0.9035790339649838
8612.892756895502
8.35431460740406
782.0501942965533
0.4732588878177223
73.53628642605993
0.6919248039057346
3461.5986299745614
6.330761374600145
0.056512450140042136
25.377450722078322
8893.027704221397
578.5626421331287
4.639228048039691
4625.8198666299
2377.076354635057
5100.187777231257
15.902893676997564
549.6801526736158
6.253524707052167
407.8624753041245
76.2243056530487
8.809564810186837
2.5383240416871122
0.3226535452154089
9989.326263502944
0.19242321886331237
76.1430067601482
2.2569087019432588
0.648282660858661
9.742558293055009
33.9141835198301
272.5082301532119
0.8105428686103174
7621.582694485361
9.809568937833642
0.8721434644275431
0.13407823540271513
0.49385335015482923
12.885004350574158
3.8877566653104467
0.2523445395991004
7.963631136387547
924.2063755146555
8.484445674385695
9.74587951755068
54.90582401615636
2030.899539318518
3.2812769595143054
2.567796714539028
168.34659425350017
753.194964239287
0.17871810430018353
4481.935717942727
1.8211926208626072
992.2157441881159
8.949332676731784
0.5466902704017544
202.8997244700025
133.54081248814754
66.96954566659063
7586.737721259843
93.38344602977628
87.41910348780154
0.32989845103599136
3383.4374744387906
10.113211932468968
9.27858316190021
0.999741847125887
82.978686120187
3696.505091784812
0.9527472014996521
4891.067591335943
30.874583798114607
764.7576304551145
5.194394463565553
430.06549111557626
2753.9133783941847
787.7823905002306
2440.177017330284
8.647309413436112
393.47217070290765
867.4422162544226
293.5620348638397
586.3043873653605
3.158406656703173
151.65016065404237
4176.235722491421
464.3430290074184
6.778154632753549
8.794680372863159
6.28550004424378
0.7625874691978539
5.7766396188118225
15.722616958948542
935.645530162638
0.33116121309384505
682.0429653058392
7.541308994556064
1069.6674869351652
935.0064102299402
8.247791883584675
0.7503880775757682
85.4473314100686
33.55065011963039
209.02927323205478
0.85529419490058
204.9189884722158
3.918846788759879
0.38766093354100006
25.14691806067837
0.3303246661180167
7.954589906401045
7.509023113625064
220.64341402929787
2356.6056692087946
5.642591796029746
0.15342964552394933
7.722032484672392
2.940244759593252
9489.266006067735
50.654884893171804
3913.45756824351
1.5945775978691745
41.63415232221607
275.8802219191062
65.5650359525618
0.24075292626691402
7.25972663412474
5232.411063809649
4.658249152922998
0.7680207262533937
604.4806129354221
63.29546120073653
0.48036101149043897
0.9915917626540051
6590.54208412015
0.9807751918730515
1417.3278744696904
6350.32765826457
8.158157742366443
8686.155542477616
0.5728960015233819
73.34338465071095
5217.8700875687355
37.981310605376706
0.43154735685383416
238.56476063326403
0.040044158729430346
0.27582688428222935
0.909300851078789
6.951095197773174
9328.867232207456
4.607594082088633
90.13408206973932
472.07684582538366
4.157676274128486
124.27709199136882
78.94108319031511
4.747390555632315
6.494589207784946
8608.192207903732
8.963923340240356
0.8212779541038218
1524.116851789692
3.4625779316830654
0.6068980182845756
0.40882003090066676
815.261454991211
7.3924883213500046
11.311562168922151
8.192121710522146
3847.6394320068407
5974.201014125528
47.755199516545254
7.450134891242203
2.179717758460286
7953.537122810782
3224.3038363312994
85.31332831315464
0.2030147508732857
0.23066158478965892
0.6461870354707145
37.867820681119746
8.811505151612424
4.129683717092119
88.80991309560031
43.26024077038393
0.41480781940950784
8474.615805141791
1899.7385903266618
5191.157249747421
7.471098758019778
0.6872790146458001
955.7795221799308
0.5675761484880969
4652.725475110403
0.02464794124711911
9.676884505828475
0.6695536129996635
33.01844713651669
9413.029125224977
616.9342075676611
561.7059806021489
8773.975659554993
0.20024430438577978
9.373798621881201
24.088618163258936
8529.550752712012
29.827354146984085
2643.1260741903097
611.361618863283
0.917910985595336
1.0416874981845203
3.720306086344858
2361.7872232619598
141.82759978168212
7594.4613077144695
80.12578561918676
0.5527612262220614
9.657218042589555
50.57853516402642
368.58060726214114
0.07859708448675196
4.4046741718355396
35.79930973161439
497.4417306711123
7835.193224340541
2126.5155056442063
38.90225689611755
92.04073731697653
9.390371667730312
19.247527969646118
0.10660183962126657
5588.96277597496
61.15904055972317
2.852208463384749
796.7095467185763
6.515391494251123
0.7157817390129393
0.8026885503323031
0.5520542430432566
0.24422973513869517
8.93324580672656
258.7829935947654
0.4146960870878915
5123.558862279364
2163.8156901649386
401.2115891893031
4239.3969006323405
9060.122383287478
3963.3589386976632
98.33970267290742
0.5780818636792391
48.934085699738894
0.44339214783119363
3.5622832379801683
0.730897577799656
0.4589202478507285
9308.170317553995
1624.8264376256138
53.733070518433145
643.661653471298
8633.551970218683
4860.88402268781
81.67024481715292
57.44842302216087
0.3716950355726202
0.7635606611462914
1199.9694857484267
9.074058265865293
153.22680284555602
415.9703052031707
76.57863806452721
60.02707663218953
6540.636805479581
0.05347220074691861
950.0623209769551
725.5485044263777
48.523840433697416
6.768386558675399e-05
97.0597795146655
2.373548076047365
8481.060207098448
566.8018827254816
4.084203925871943
4.962364395429742
0.6405828572110599
3694.8668748074097
0.8778344706968161
9.736317556830329
4589.993189902144
0.11139604296359662
28.80991833222628
0.9263715070938929
0.11325573145941359
132.00775690926304
0.6435476591684902
7.975697845563939
820.1907329752102
2.3875949095963724
0.4411529489762067
6.4083642670874035
0.9344849228749709
24.378197465282458
5709.934410138037
8278.847975583085
0.4427019755688065
66.40233368749875
9555.760979893974
25.1608736139049
807.4028474823454
0.0025288242666198224
901.9893957804046
25.848495994892996
348.2291159295759
0.7174966905501766
79.65461255054235
657.2395303516547
1.032148590874129
82.28731270152285
9935.205605983703
7584.486721163223
0.3678184449908849
0.28110654708868377
0.6891378604999039
87.95223415307522
11.150738232745926
89.28840096469855
6.468761187068257
94.74395249116618
8598.395194590998
912.3526023737204
0.9469231389611173
691.0720965091671
551.8644702421443
8593.806870824757
9160.914347686932
58.76974901159535
1.235437218349691
6.3427939613075255
0.9784833680674887
0.7182418950953502
0.2900916463519979
123.85957216664578
0.16709291203417542
2872.0030552820476
3.3966788650658786
41.370452459806096
0.49933185267647806
0.321847027967171
2954.6939064721255
2.8478675449855473
7.096210124007674
0.5633253763412833
449.59970824207517
9644.611055194728
98.9792613250126
305.1559873915819
0.13838477425387408
5540.059692097972
103.49691885708346
30.91850307687871
7.601309002235305
497.1791894706628
9.480894832891545
522.9793985090391
42.06048762554536
0.5773456019694211
34.41893344887787
0.8080296237449011
95.27789771713601
874.7288660778796
42.78402193333364
0.7227897810032691
0.5893409784071523
0.3696403118366437
329.3866221653152
2.707083103472735
28.5434724607856
5977.381525371416
76.00867776712612
721.4801222600322
0.3283517142731184
193.49795184706454
0.48989892511303357
4030.1960598535925
719.3646476140935
0.5516395792838213
215.00637834570335
6.023355457058233
811.5882053469948
0.4743800170046044
2428.7921150829507
516.4137490265272
5.0071690606716786
697.1184496436346
616.2980191175504
920.7410935583927
839.6201226936896
7710.578886786908
9915.729318368016
1482.6210599937162
0.9485827398559837
5097.013855961122
919.6910991023425
1256.858840674374
90.7183380477959
5830.203192626839
8.150584100429237
1793.9717328237837
60.75565487484956
2225.3455672599575
0.46238920987730303
3.42325460437114
0.877976565211356
7896.218720544084
250.78297667510253
369.47943190706246
0.008135574068767082
568.6571826177533
2.0341299611544583
0.394378437672234
4.325880001840843
271.36948484587407
359.61107401361136
961.3198311974346
8896.243267258522
0.770122108338254
6.5927677334326376
323.23056089120325
98.86685409285776
87.93394555873775
59.99113267251887
0.3591990884820033
8.173295171968714
4019.1983993069025
0.6217895381760206
2.455142627893898
402.9542334152145
587.0901568610681
4.781989802324804
548.6705234895944
8008.887649495952
0.3219516868058555
893.4618321325174
7.350277916654554
1.817896012186807
1980.8690078845082
98.74981958634704
721.7497281594702
9140.595598204116
0.7032746395736017
38.99830795998708
45.685882496482186
943.8226750538317
0.00973560724206135
332.8315860525362
56.772217192543195
674.44977705778
0.4993379419472104
887.7065170202582
83.40554655680049
0.4495844180325903
0.11701182932342569
3.642854977738188
1.9145615365862034
0.9226940956053797
578.6950246686603
4227.118027787617
5.001612084180179
767.0317885902149
5162.214698374823
46.133499815836544
0.7570417813571142
820.7839727473173
2.4942127263214466
0.2677432358796077
959.895445213754
250.79654453765255
3925.194835785977
606.8223453606951
654.5904314570395
1.4968729466417796
82.65512014973056
0.6119033283179509
6.983795291127328
11.252264636338827
418.3283623128754
0.5883785895905558
573.572765709598
7.837837400434477
105.48221029389349
5316.661648646964
0.42275507218029307
2.7254583663975893
7.744572826993301
6498.5592151263345
163.18890544831254
4878.360462562044
0.32972172029237323
0.11548547888644123
44.52981562407319
0.6920345951285166
319.4847638182404
652.0442208008892
0.4193635475858878
726.1916943770692
58.59538887923159
79.79610456740699
47.64068143736473
7.987298316136203
47.83593915839639
9.450117491280125
3722.186526615323
0.588748058448696
771.2971830209694
27.131926093853785
39.61584275268797
423.1911695502556
7.2163583912926565
0.6974736080207647
9343.183333493778
7554.509502014552
0.006489669857596914
9.482709472401726
0.5477740882914794
0.09269160422303668
8.344190452195186
6824.5677349948555
0.023686079662096793
0.6800997810361675
2680.8614149490363
2.560570485220942
8.399264238357366
3378.3947641027535
3.8629089984633436
8502.685552754921
426.55513092448115
9243.173793718779
1.2859298305723388
3144.262281025353
81.10606591519188
755.59374693158
1056.0106116347013
0.6469340022336504
28.057904551983846
463.99672579723614
415.0824296926243
2.241728584161483
0.5773336708472254
8053.701005653551
47.25322316667649
671.803279740693
6140.9020678333545
0.17479613750126521
4.450829484751314
57.7555880925027
4513.914373068317
0.332034710935426
5.1257470998647605
363.9758757733277
0.10980693357107318
0.9265807142631556
1.5439539600481456
1.7639495619634304
4075.4576665642107
640.3998392960067
0.030446049689785593
5.117526648338677
0.553847155070809
617.3920303109054
0.35549478760028996
0.8166165487651068
96.66606267844683
2.1079004786244426
6575.509982403144
9.776623007070919
1.026032214351743
0.26739756333026754
9439.951287517075
5.365543066154976
2.829776914111993
9.970374597293766
51.44825360006312
410.5704214233885
8546.30572043141
0.4798688423599302
7.00586627512029
4.280245225086752
8467.767251328522
1586.5860524518794
17.134504985025313
0.07291845685289289
9573.209560445057
4.12343240740502
5.135762233319468
171.20104347258967
245.2375492392177
19.792552884772707
10.00181560472706
5.0899367371365125
246.62446865349352
290.92529970968826
6294.589999996803
5.798599912124706
952.2889119095424
8751.419971844132
41.620346109108695
294.8064163139371
4920.790205194225
456.5875582145342
510.7231450859722
8.9381105585245
2890.084296971335
25.3952431089272
98.18834856226562
64.12033793676977
7164.671140272486
60.639334689335755
0.5229426767866276
29.68102898591145
0.9022050518771358
20.509632360214837
3.1876521581223924
0.8290759117417875
232.17367335730543
563.0344430898116
57.264783806038054
5149.112939142827
711.0723398984069
4293.785410249822
5.578855594925145
3.9321190860651036
9709.759813261579
6.358712668470407
428.28103689685736
0.8276110986258309
0.8663059143329445
123.54316897407081
477.953096278711
1.132858107594401
585.2418164519511
81.64726467625164
6.2225430813115254
740.7787682841955
424.3807677929315
66.2427597871325
263.49820053046545
861.2917019487503
154.8631732226886
9.790978807293667
0.1561220274888797
7.1054920262963295
88.7138207183473
367.89088786850897
870.3120574025912
0.6661082166031246
0.694583511444573
56.989451209378814
17.52462164436499
0.42459552442709303
0.4263184916462689
830.7828765621612
0.9665230597072011
14.210853872686435
837.6691476907266
8.439597668460525
826.6901908240832
2823.5148883681627
0.32421884976653337
37.701669803532724
20.138796284440897
6.667965129140815
8.865196813413421
386.86401557739805
802.8749746851776
6.440480225177283
8603.38013736404
0.9139155410945228
1308.6136878723498
710.4846442882107
0.2317505060846432
761.7916747412353
4476.496068579419
204.8104030374782
528.686013932419
5054.021080646507
0.9198014609217994
5.6835215848557885
9.724401934233184
7.134900509022739
899.6051266249934
11.040347049929943
29.96352585616838
74.87722206052568
7.3618203470267485
503.17455737019645
0.8480702873733726
795.9077020316662
39.805149667849705
1900.2814870279594
15.042529901180647
8.544539793912024
825.5851190096951
0.5216921966187785
418.35051279789036
9.138515436698732
77.36568731212246
64.43819976645797
61.94135976240567
9133.868458522147
972.8646056751927
505.752437452884
60.890526542772704
34.40776148406236
0.33005111831319434
1.927283673637814
5397.5485819329415
0.9246283986233866
0.09501183964641258
0.5634193503206486
53.79505242226719
2983.309779417308
0.0667531516719766
795.5555428940288
0.7626270284752722
4.640815465442728
209.533667685592
3346.5679199609954
413.2434353743404
106.36666416776697
6.9758403904048105
923.0613493988408
0.4153578221754042
4.685152985410637
0.6484522996776256
579.1362948706593
0.13300175869136677
1.7371490250007537
5.4183608767798175
42.887197262514846
0.9994093561717794
6.608275415100434
7.182897785677989
2.9680385696288725
0.42264673096240546
1.5303189137892115
0.09291573872316738
57.28527388723472
10.238225380537102
3.5570973695451755
816.7892535857029
636.4933924314053
82.8772993271445
0.8744723130061455
80.81167566570129
5202.363188803035
0.7234968150866644
1.981984395465125
0.5013171897025246
2.3028130199355124
223.8810764220277
0.4733158362549491
41.31062154010372
4629.538772254797
300.1917557593963
3993.3449936171596
600.0338568595054
20.67492712796104
976.2973100905076
828.511844347593
2229.2501310377656
9184.206020170612
98.71836048300968
8818.247399744403
18.117162157548726
7097.821603704151
0.3059641242055191
0.9799777782890995
1.8141225907512104
0.7079791445497425
7.029011058411598
461.2992108658033
8014.27538984397
2.962252629273766
2085.804783631877
3876.8927577166132
0.20222739757552055
925.2851321872942
6.752728466683373
0.9999561168323058
5.481466185137983
90.11608533936821
8.855106880253134
0.007786478163870791
3.6077774963594003
7525.364621637077
5.476361407801945
3845.8583392611968
9.786580301109277
2530.943768104651
0.2446551056082542
0.2698661779441911
0.5950635038774894
64.22260403970759
0.48376489129493827
2865.674807041797
6.393569209677256
0.5602271866546702
6.591188293835639
7824.994550655303
0.4955668173864828
0.8456537742470313
0.25946514388856845
9671.597012843342
75.90977867150663
8875.525034341426
190.8086214812863
25.832833795071465
0.801856990688906
3093.0648745284093
9.417510936893219
32.72449009279572
314.34390124824154
9.441915720463305
6.832396671927032
4774.422579493549
0.4784707910407565
0.8389244385743344
2.3157171658556255
35.2465599591355
486.211831813583
47.614091142446526
74.4345941653049
6455.436423886223
7717.1078468561545
7882.191741794946
2.048502474733549
889.3487644754408
8.221868391872578
3394.6937560248034
6.6404618171596885
5443.344303426092
85.59576132543023
2.612545737420983
1000.6871768681391
0.03628716513113328
995.1498386329856
0.2491413489584754
6.019464683531717
54.159762870101666
0.34072221111095036
0.1669173210855801
8265.553522721977
7738.269713125803
378.4470487591361
4405.379267112497
99.69666125923172
81.37953867422621
58.49110398226186
459.03147896285026
8.894823331425822
6292.953718720715
53.31496995266384
4.777294624492389
10.834077825323929
6.974012658308309
3359.813098156741
44.49775542180605
3159.5987580049755
65.39984506062609
4.0011767573484
38.8167064371425
257.7081705773163
8.003787061602466
0.8466115306632825
0.08104247384852914
9.767834628923557
3598.5330139600314
8.057936981946284
0.5659529506076414
592.0488964294051
8.412141313583962
4.007736316849728
149.00837652967834
0.9265464819994333
641.887814517589
1664.8542186342597
76.73668908787604
0.9795467491687063
912.4687555211615
27.925051057352203
4.772127836995247
0.9220316358668864
2989.5023920118947
688.5252206223258
176.36876971071368
8818.409740742094
604.5959167593895
25.758367381644153
9589.52607710525
42.36954962176007
476.57918507143114
2070.1715914087195
339.5070459296496
0.819152553282742
2207.267497736298
474.1352616067075
471.3191102415004
4609.980064909969
0.41539419797945454
4.420447660167321
6116.430905943398
7174.542185577333
264.5235111140362
6544.033276396576
8200.037563027367
0.802145999238887
14.712673174764458
0.9143208550311588
0.64950250558308
622.1265254660975
7.16272735646589
0.513748342188507
0.8657914447359819
3359.569860791952
6.721031838915631
0.3645098667526486
4603.720869072825
5779.6583124587505
3.2228088139322955
9241.901078462235
1679.8312790669102
8.043884566201632
6739.606723099124
17.950673917070713
30.176072173030587
0.9001194910367407
9.681971308898795
80.25557715283607
2.5679781800734047
6083.720511921162
0.7929711521664717
3.020489228372234
7.996731074797503
0.16115205774516994
0.3822790294453715
4361.5223641446055
6188.511768026568
987.5136577698995
3.479689787298821
0.9016898584838834
80.9426810165827
0.08965951181088827
0.3081700341672686
73.48279704033335
859.0956956753599
681.8638409687595
3.333289238541617
34.580321283549765
9.091913425534395
7003.536325043295
39.9237695802698
0.4644474159395685
4733.8989168466005
2.3057202779293373
77.09580206978933
31.734681077260852
275.31965943269586
0.16034553304831134
880.34344112215
3.7051940249422923
3.3005666007133416
2.617647670385257
0.07717885719039008
4.441523974717846
0.24586133228893248
73.77783727497426
5670.667591388917
6.238890460249938
0.5899439251408317
159.26562600379768
8.75181850310424
9.217293746998955
9457.043052157285
83.04767841190258
96.87461930745766
0.4785129338474621
2481.272021855717
243.6033913970085
2.9695380666658955
90.07749486749869
8052.015652832352
0.3170357581069084
571.3679251805336
72.75106627876504
629.1560260724634
233.75369165812188
750.4612091923412
0.6303657110180005
741.3992363438737
36.90449128435104
2.499459308382744
0.24236329683509372
0.00536314692527462
964.1957613345422
5.587057098320745
0.5501662204918127
0.3418259868804274
638.7872705595755
8.179221741646755
138.87598493063246
0.30213575632809264
557.4309269752291
0.9580756334454348
29.88213558366527
0.7264279749897448
934.8036542538102
777.9928536950473
72.6718917300901
0.045919072447401565
13.412754119219061
11.863391569646941
3.0849474562421397
0.952936884326901
0.5279194783297896
6.339425965143048
3015.6990793381256
0.07550768660407203
252.062588852613
3.797000704372546
7.606630282937193
8.993037663409732
618.7271774562249
56.790053682162856
970.3945640881498
8017.682176942534
0.7269008086623425
904.6148566155
8155.109149556006
5752.009092491593
56.01793480127522
0.5913849888465706
57.484780066267994
333.19109911750456
4.512092146192033
3.5964584385691225
0.5236854970570148
85.66801814961744
0.6896093089666178
2255.4224148889025
1215.957204492273
333.22718293259203
0.31163212690532904
5.008286169811339
6.999165328081393
646.0603166089445
433.6984945850978
1.0683958969367258
87.2461633303072
29.857504833484583
8856.662603502327
0.7831179636113328
7.849567530235603
0.19557224261106199
812.2244171006646
0.24478084774300202
8121.810351589555
2.7225232598313887
201.79601965332716
7.452687315022917
0.14307813089141652
2375.299747051468
0.15656220603353144
307.2725887487571
9.486075711893916
744.2343094005084
2.7862277693259676
243.8471793864766
7998.745527999512
0.3631309939933215
8.015688371129366
0.17697776793767872
589.2874198904152
1.6040526029701918
1498.9027108173957
32.531964730858874
4.502470816178059
17.55950398853723
6714.549548144002
0.23876258040455645
0.35157014183468427
282.84866504601
6.350855021550304
0.8305990787957167
7831.189648595417
7215.176700328923
38.42341620155692
80.16838152472998
0.01896293099174251
8727.555423865011
0.5350649197644168
4451.88087013052
193.28149395969052
1902.4748697147386
5.200278777469305
8.279292969602336
365.79056371209373
4.515690256522278
471.0584969349303
0.7643645298303051
26.661226339793444
118.21013249670843
4840.274819404278
0.6288798970212593
7.124130939508612
0.5552927737730283
42.26900994555505
936.7259370232133
327.0122265810289
0.20900553282898282
174.49941858489439
6.0968327095594965
17.1370812453965
83.01264784759749
102.81403334358707
803.7892519391378
2.203309834087115
0.8222577284626931
0.05262283559974279
70.88821409064072
41.61842702621558
3.1564712819662444
0.3460147366676213
5.049372578374686
27.897804454137052
328.0035506829665
2.7066235002262093
357.8035995815281
4.243345576870645
0.13406456877559592
176.8323356552456
7291.320545549772
0.0032467619970559802
0.7728398442057414
0.6927626999959645
4121.45959057065
8.724118922408481
476.95248105471677
60.83502989027198
0.5614769137411844
9.057584179207954
0.06093662216387408
7238.560418092426
0.22543079613676953
0.14786982352706102
0.15937328397613382
0.7081310563147888
757.8645820405128
56.332186808134686
3.0701279768116265
7.79269406244077
5370.99764871267
7.891468559585944
846.9828853336602
89.46753211089343
49.40477982339587
97.51353230190645
34.03313806743723
0.10056452904328106
5141.483982391985
113.53294843964656
0.4326445043460072
0.9479672132274714
7.523100436190816
0.9618152240145688
346.810214350785
96.41897135273288
116.10037807670659
7.618757718145774
9.324301750321952
7.209427415658571
5.637089809180584
582.1702296873115
515.0485672330499
9.823002013432017
7.59433548588594
23.533350772307347
2677.657187177054
1266.5074123500542
448.2626043778697
34.90817096874953
71.3765547194059
5146.558348311006
38.98273095544107
9829.086468954945
0.8774270790126127
28.673391871513722
2.7805108627948782
7943.724109975271
6421.526743821947
985.8895506815259
42.82884361208136
0.8004215211845644
0.7035435451048246
5.624481706075581
0.716013303479258
398.50303230878035
3878.274530684627
0.6700128842585541
0.018564328588428824
75.37451993999386
0.769577101519197
1948.4605071301241
3.670334363454719
2103.872247071796
8087.211968130025
17.267368604783385
0.5196613534084037
23.336162509785208
80.02144411160987
686.1136875636525
506.8953140841045
4.922024250850874
968.2733364499416
0.06959962600184022
810.3642001946395
72.1087634853921
5.391339142289702
0.9147300886289981
0.03535126376367659
53.28312968478076
8050.582940555156
8224.767322885187
468.1883497622645
81.89214033063666
0.6389340732465215
7508.990545665666
403.19521387792554
55.37492380223987
8.3813260262268
84.18344068871771
3.1326120363936303
70.66398930502437
6.826193723455697
9987.787927679161
156.62141845596477
0.028639011570865125
30.323591313411068
9.603846052874568
7426.62038723237
35.56295967014099
0.6030654724692125
2.3065332858501755
30.213435694313894
42.32769738850328
552.0295754095475
740.4926254707265
2.8380604350160485
0.4778027666753303
6649.984590505968
3.7097581328768525
436.80212017352096
0.4096504044271686
7328.2127193954175
8.939158817532643
1509.978967334419
15.780979176763655
0.917065221804699
2.4759513853762027
1163.1155235575864
255.8920824118709
8573.714373802288
0.2689721826108161
9075.034219495561
82.01740624536747
9783.446688952436
2.6955104858089562
0.4697290284314607
85.17178555317243
2.2699523893503826
1124.0207581850514
116.30391577409394
9292.889297565554
9.301370375650741
0.8067152364698901
9414.424717721833
18.840594027373747
3781.9162452178966
8451.548111900838
6.6805699114843105
0.9292792424063513
6.4414113672613516
7679.655588937269
5957.140197646908
18.684558080979507
0.8333820789617346
3921.6693989419828
2.1750450391156715
413.62351579353674
8.35636463236628
267.51187135136576
6.031312122780616
0.017900221319037124
5095.7938220093865
0.36983238655575124
0.8420053071143335
8004.861658642181
6.445235053351102
0.49323817154309424
7.895542035195586
0.694697300387105
50.004397357454465
96.0153080085433
0.15998435690837187
0.693425495638671
76.86435298431556
0.8722492443988081
4133.697306577809
0.9791650939097429
8.20564902073878
4.639050828767177
0.14078235696968366
74.60916091707293
5.062486756081944
57.97525240696763
0.7299922599402744
87.0534010390199
0.1817819021141729
5.8301208088617384
425.3284447956924
7122.953243367335
55.25845881841111
529.8223831668298
526.7438384425268
94.40021496080352
0.6764685741457598
67.00792577907204
771.9635091070897
8104.96423160034
63.42967798486738
0.77812530037906
43.991848531414576
6.988991505603702
3490.702395699815
7.120000144786115
57.742853096265264
3.5061002462360435
232.90911841880256
44.37501662303913
0.9334295152624266
6543.150820123812
9.87436415102153
0.3998263661329401
178.72287347141213
191.80830339967113
0.45476274433392927
5.562574980024887
2.4571589495751747
2911.3820824778413
7094.858966057984
7152.457300790568
0.45899295902378145
99.24596139975833
0.35776332685324663
1.7884144822040615
56.25442825162226
8601.734453497818
7.414730304198233
0.7332857771266909
0.3351177338063599
0.23327885839103057
938.7579241220473
41.58706493523735
714.3118085709078
0.056365702037241894
1166.547271583267
6.305173650566715
4991.261294424196
81.70070243325979
0.060571326231465994
4.091301795275371
7368.558289189064
0.16262194849224487
339.2766740906729
58.11863926762929
3.3875070132344143
6417.4888714392555
0.04261613619508531
0.7166956908884576
2.616266785518069
7.965396724180495
5.984748699005782
334.41815875195704
95.55412735730023
231.31679980574836
4606.5452806797775
417.00721184132306
9.435650165490957
1567.339128078905
3.3031726509422543
2450.1335529406456
0.3788093189590678
439.12669856459866
4.674183658965311
2663.495353011626
8.116185469825943
4538.784770629345
46.792805585282835
2054.093763848068
0.1545188067715303
0.7317956769182752
92.27459925078256
112.38469679976649
0.3316628618120129
3.2789232997183513
1.8833188262039535
837.9266952491038
0.9994486469051409
8773.078802139267
6.292889464038664
2589.9120761206364
3680.6303781056895
57.78016971000528
1.3348877870726328
182.99296742804583
5552.218611919094
25.2163076149873
7.415854589703796
0.3495712090751397
82.01343426907358
0.5515642031728133
8678.15728960644
7.038849911724554
9134.335795644174
59.364506371945794
8309.958094405383
3.8389406516490423
697.7951914347295
21.063282100902626
6.638830749106369
3.7328967029742968
4.733961330610725
809.437384641775
56.35328302755988
0.6148150456685286
5207.412914558451
71.33663349905498
777.7660796419461
1.2752686508149214
89.56002192190536
0.2646132714434425
86.99012669174512
70.51611143228486
440.3829078429962
5974.748683144126
526.361257842963
9.740699066453285
0.5294690037014779
450.8298714107125
0.33955512309677316
0.9566517737537072
94.27285506336713
0.46279463993268877
77.94742401791123
886.0997402824316
0.7337076050420581
0.3728572653040817
8.014443932940738
0.7082470806116438
1.8933919171453817
68.60342335134747
450.89951663197667
1237.9216557168747
78.92321772161496
332.3572837540747
2.3473935408319524
54.30976827361397
61.2772516227072
0.14435904967273272
3.7170279041977383
0.13200168757447173
0.8086683004758765
0.27129028394253973
852.5175451759557
6.8350059340236005
0.9485678974940663
9123.43740591148
640.6212136792526
58.93408517858596
380.13855254009053
6.373270682215039
82.7585579465695
1.526784457551823
0.4143673562175768
2.7060855593697353
25.124393496757225
9519.119591078574
967.3192437100419
0.5726398994063949
939.1900124635777
67.07790273387538
6979.067320136427
0.36687986698780983
8.778966282148897
0.97301844485898
2.397035737393407
0.8626939732163202
5875.556997799359
0.7731322496325042
0.3207303642258128
2.6559431648786216
45.37385194991154
98.58650589590778
0.4884585561745787
61.85929868774965
0.6054613191620416
8.33393689167856
609.0328588270298
47.702635772444424
59.72412431598352
9.967538539815399
7348.382593368366
7.900769015944556
7.4536949411845885
3682.697338028964
0.2020159932312522
920.0771284921206
0.605087104818575
8877.393111112504
88.76363518030418
661.6550551515323
0.9772404651338061
0.5774324520424131
7.808479860278233
4584.975934753433
2.66466511645194
0.8512626480813579
769.9511427426239
79.65738844851742
2149.5274727886617
59.3300085830873
61.93461274420525
53.618486505610974
2.0108735782194485
473.3984645839625
90.58218320361378
12.357758805337726
13.228161947863804
0.9992842428463855
84.6807603528058
6.3647412205335705
743.2794241982033
0.585547294860442
6322.412138397135
7.929923074212121
2.4510190279565105
90.59817447194062
90.63724411159623
4633.230293387963
65.9779728548612
50.39046490005056
0.29196787842250715
2.2675541760880935
6.193594416927484
1.8554065355813198
0.11093718627905891
1116.9249847344088
3934.3425826519406
564.389229349337
23.68244680950493
566.8726091520981
0.7283359014058113
0.9906887773341018
92.96332347477372
0.1296210222655626
6.993699232336088
88.8000254444442
38.9284482902591
5776.6458331370195
0.054039077050133666
5.068851235211023
3.693364399586445
0.7136100657295105
0.34847326710775284
0.7143647203531012
8412.802151460412
34.019789120207044
209.59712624642268
14.753901989476448
710.1750923349279
0.6287794195245847
4366.797651181273
252.61204352156298
419.714613655038
0.38901251009056037
7331.034959474633
812.3625927960366
46.702518670842394
1687.4959228880614
803.1433994329448
8334.357801248621
0.6003413017140335
0.4023015503488335
4.257888436631099
6531.20232112482
631.2599893097927
552.3290282646819
251.03451528887445
0.05600683057500089
9506.316883805677
35.25089090883296
12.467810272816472
4.949016594628346
62.98310496358008
5320.963290829589
836.4026868569582
3069.4427694566493
7.598628865905509
30.97464974873724
2797.274159017532
7.245060685928182
348.5098609210935
0.9683166328089827
46.95271286301751
3682.555954730372
0.1572894728245543
39.17470565708272
20.327396406962084
7962.038855903406
1.5761293681432775
177.06227520778305
28.508596397003682
2.3475901212264216
26.448206587823208
30.34223137531178
0.7735971374429067
953.2301779433308
144.10503251608085
15.065665878369616
4295.378190476416
5517.829969955348
0.001761203665549771
205.56427621212515
0.8009057022195389
830.4283068484254
156.77251902037258
189.36264627742628
0.4623307280020915
0.19375793843334121
814.4040913060185
96.64850265204693
395.6496770639546
1.763460126386357
0.11192657620479929
25.361472512725904
0.2839764970537467
0.3999805871697837
9048.902575965694
3188.7517278299338
3.7976061632255043
47.762955257415754
0.007140636479233797
6780.558562168243
1862.459339403809
90.72618831171808
0.028679360217785277
0.2810207479373883
986.1224729740767
54.16464893493767
2.0379895076785326
26.03348506985512
54.356164313919855
2020.240619572311
79.20713600210107
1.8562129435556796
8.243382379884064
6.874844322602202
9.939229717867248
4.699132476196378
75.52199610564207
12.329404199101912
7247.770283374621
1615.3948701508637
0.9258195342051647
57.84591429806023
8676.5332704514
0.6403828577773901
351.5659293679094
9.394380024160133
766.8431703625006
6.7055321064146085
85.04811125051815
2.311490919240242
678.2968584426075
833.7944417227798
0.30043130818009056
12.471564438297644
2351.705507331413
3.56049868219801
7022.636221090741
0.02665246113959585
4.121102095315648
304.7121416735814
2285.7989927847866
877.8782097188142
9.188913523107296
175.00045149366406
9493.547058610942
0.7736088248928559
3085.022223065694
4593.270833726086
9445.409801027941
4.193591099469178
5022.803509895314
9.645208342756284
0.5849614562012665
9705.249426775972
0.7087758540554233
708.5516235296574
82.4195179241896
5273.384524673677
5.405134344035601
408.4833304005108
0.1267447401700762
8866.76599250243
188.24655703972604
64.33553928855626
3078.620203651956
617.5712157842988
0.14783659283784312
4.22185044660075
1695.2450548450915
7.873466033236439
4495.49203175573
84.88463747221073
493.1780527818719
2.038203551764136
1.3248544699430764
9255.063565783084
29.710340041700213
0.8095433288221426
0.2055309098451703
0.1475988079919357
87.05590568171976
0.47467388253559883
4.0680902259591605
829.3487756165863
0.04397631010009917
0.5453623454259567
1564.9009049628037
942.9368440318932
0.7851778057844904
1.7333154203659251
312.34722247673
8505.34747379684
270.0346752771318
2809.6067863474195
0.10352497086057666
3.527233428439783
156.42939643428565
26.80472137355875
30.345249049686828
2.69459980208387
6.926803175777481
72.89072610537079
0.1805541942655069
80.35512477688823
0.843082445917586
58.054168169638096
829.5811944165979
8825.949659620506
0.8972604198725465
73.59767385114907
942.1357306344847
8.859637686750425
1350.5134309393718
905.6881557518642
4582.269627271651
0.7399969772229622
3422.724728835882
112.4378168635054
3.3017640035745313
797.2652834845842
8269.999525729929
22.40824737001349
884.7263645889223
4.046846853226388
2811.784973577652
0.7786336137584138
271.75607282640124
8.03730841854102
0.47682418001986604
50.17590794455577
5.266907801925017
172.13416093448785
546.6246807541794
0.10462598327402484
71.45069975862607
5.237294669773825
404.3795210960983
9835.913499034501
5.870277313990673
424.6017923416606
2509.482260662601
0.6066010360919127
7.321627223714481
256.97947990666756
6.629759763081891
6014.18440805152
12.17651252516494
0.24994562342355375
59.78080077665615
797.2776431341038
7710.492585223109
0.6301780191007972
9.90686150384607
3647.9149268374445
38.60169440334615
1057.6504348319115
305.03200651196204
506.2349398151701
41.002249601560735
0.15391556861017675
1653.7957184561824
5.978126858148338
0.5943647194245223
1581.724154774712
8425.66442819431
75.15390849189252
2.3673381245872314
7313.340986663036
5.458897722582126
0.3356104227417689
0.6650567182290825
9.527766635381013
54.3547482554533
39.35853093809214
36.85359206001914
4396.630871020664
6.023812000586206
12.036680691829272
23.787311065044836
0.5295793875079227
84.51115314472655
2.107605260492406
68.81416456805867
558.5762500130063
0.9670658173153425
7695.402002154449
434.13342197624695
7098.29994819346
37.060354756505596
50.20604412433267
2580.670411905277
42.95690324734205
0.027397582150379907
0.3158864065279966
236.5859952692855
275.30441275963847
693.5648158831748
0.006930269970190861
408.28635402266025
336.6303613286884
364.97038280512294
2.038436399271284
58.814897705831605
7.10495503373814
66.35036552360575
60.42496296295511
514.4713467917757
0.2453651889616788
684.5340315688651
111.28993832489297
0.21987593854710108
5.217882087817186
26.82056242583062
38.111456269693356
0.12906782569208497
952.2446652571937
5.459332193559049
3.458361760452461
0.6177549873148872
560.1841273888431
0.39927344056719816
91.0374912732562
4.767557387735193
7.795509114954347
92.58637616057388
468.4744616923847
985.9545396571285
3.1815689983948614
0.29441288602240534
7.175878052803608
473.7236456698221
0.21923951752595883
1910.010160890313
356.16106650513234
9.66482801041216
9.848366613161595
24.612912193749782
7.669659393297144
0.7168954913450476
9547.4489280119
1578.9262322804232
6.676195981863831
3334.4412716345273
394.94752830752964
68.65068385473538
83.77832860762435
7785.886510045759
6.268003286552421
26.841772503107485
822.7309133764703
71.36565017232556
2811.1679663923874
0.21890540320234664
0.9250188694113979
5731.345717603488
666.6810084685833
718.8055103369726
0.88013842814965
774.9068998749885
5.715177997311961
8.134419693080355
80.1210081167393
1.2146594080050965
6.807275122958464
9.958884693858913
643.1900534172961
1.7531233436838822
9.656055271396916
620.9966514633246
44.77852530062288
82.10524756776458
3171.8184217442135
60.57520245300281
115.19094589721179
9563.405370545017
4.312503847345872
6565.480061922753
0.6913452338083809
7.0531020708101275
59.47765216933247
92.05061726597863
7036.185451008278
0.38567795106328695
0.5547650374577634
9979.510714702625
909.0731427872923
9.308348848723053
463.6822479493733
2.761971432784305
6.398566083713227
3.504749481705627
0.8763304488489321
8.018788969771613
3.52561165227299
634.837220547335
7.7446915064595885
7248.66442904862
0.576604800308025
450.020050865225
0.6627074582737034
5252.579673196682
9.446212388358173
5674.017771054073
6324.045627459865
8.466101497920018
0.4842660529210012
7095.491047565365
385.22558814824237
650.614990079637
0.8940358212085915
9008.32414189187
0.7095091895915182
32.3099902005437
0.1432059473407128
9.852587104225538
9461.163234270874
6624.0139986950435
0.5594666371342989
42.688970261562055
6617.775916215683
779.8681754290677
1198.9072426699065
78.37555287000457
65.02849072288788
0.9909253928294491
99.37346346046924
3401.007524128429
6.131049072802539
835.5357561585515
3.5890222783763925
0.006011422192609861
29.196449270898338
2100.795684391249
0.4194321924448208
31.48723426945449
654.8134669080597
9.657954970263162
895.7482844769821
0.8417294110233987
0.30226474115390123
0.5007745309809204
2735.078224783203
55.02676513690565
6.09854969255651
3.573359174928136
67.64133936090569
0.6585556781350115
2.673065828259312
8.6425718731864
7.0113998044553245
8.823587432493525
84.23307106374511
0.01789823253363665
4.650106462101569
0.3271576539313702
0.045688377662666646
0.5724669447365421
0.05068334041095357
59.50555510814882
0.7385262766928502
0.9165553056350925
168.64528473696794
0.8706921041104291
84.87256366553773
0.24313273877363473
0.9287547413625331
146.61485361037597
869.5201083840905
0.4561188547574444
0.13901164774294983
8258.850544117826
0.1279497039242118
76.22125005764832
325.08144590496977
8.135784184952506
0.014833379682481773
8975.998119703252
7.875202950804089
6.871338062625662
843.2520427401286
0.7698460397391557
602.0075116061448
7766.875214408568
6589.1799473233405
0.19543885368665448
2.7258320670580014
0.14603258355631243
0.6424971288932055
7124.0543890555
8676.001601137328
0.2025657952011004
2466.8306837376954
2.8744858579053068
0.8846687041166297
96.43049449589974
10.049995876822981
0.42694941948852505
8022.446433978978
0.7798523642987186
0.605811260824843
0.859198941862528
0.2980738854959726
510.9262624815851
0.8722819073218216
5063.891478775255
517.204262014272
98.82365121864619
0.8555513770026413
0.8849831142393239
233.20380159951083
842.2123704720855
719.0263838607694
0.09329947140287065
25.565013885631373
62.142670458380636
0.5777901432929388
8237.5062806443
0.8956356017104268
4.050259270055303
5.472688550515978
521.215170220228
2.4201376495356577
25.86816818984542
72.72462631153746
739.78655334099
8365.424898509706
0.3131672036208799
86.17790648636489
9.858470630904536
6.052693669884275
1623.0117989467296
5.941276887094231
17.171978467642113
3.880776412708622
4192.51618402929
9391.451358732154
73.20436868560513
7.017778320483848
0.9908120764312356
2261.0099055311284
46.529600797701264
1423.583637516791
5.787208949062029
341.4181915664042
6145.788079226899
0.0988011270103003
0.15956770565573908
0.6785323736046712
0.2657700235912853
9356.999420738315
1716.1907466891323
0.658017131029645
0.20375943776537953
10.115918141400437
28.35339407473485
18.936636468257937
9902.387755008162
0.36755314280513185
847.4972348648212
2.7475020529335534
2.452131547099403
936.6839407084957
669.2631988736688
0.1239751332429736
193.8847198416086
5.717179043714893
935.7583059091137
3.608794226937345
4.1115967148016805
6812.578412112435
79.6771872250233
9.555743792260547
22.847973827943235
821.5619094352763
9410.608113470189
504.441048272401
263.1594895169088
149.48520726621473
0.4259832320525394
0.8187432137262564
5295.326380372501
6647.295859048787
7.3063455846715275
7.884369655193901
7.888435265224222
4467.044719305129
37.00994602455007
3270.7241902022542
0.05931916509224433
123.9036300334998
2.8152464175219216
90.6212296765867
4478.75320060213
0.9125890558658909
3.723608318797459
47.04568682477672
59.302677223152536
3.904611051017773
6.693329428123452
181.4380879634301
70.80126429278423
2.553373843113096
636.3418111079656
78.32977606712159
822.3609423091235
9.347315154097235
458.77188824896706
7747.5156380202025
6.927173890000172
0.055694864545758116
158.12293425424207
1678.6903900230532
6.010143163451941
9261.583573901253
3947.796762143102
0.6112471172957964
9683.252391382104
289.2067105278603
0.18368749309106358
923.524585717128
0.5972274505402109
59.580627380833675
566.1455590800383
456.9196085194216
8.041932006583766
3896.503061944563
9508.441161270204
99.73061994464085
342.08283176267776
1.0328708927897345
98.38278970612792
8.769047402697565
222.05813106487037
351.1522657354382
6871.026952253535
501.0307801342112
734.5077852236869
3476.358085637917
93.97733045636842
2346.2114132330003
5.134915530294153
604.8733150946202
1544.7213741018372
431.18449216129875
4.973614812726823
37.43724352835128
50.897787239597314
53.32641526414592
76.85198695097273
5.16123886285187
56.78102561292795
5352.896801166968
3912.9807416570493
114.8078467614968
2902.23026273301
7.4234727354578585
9382.769377917635
7.583587794715257
5791.296590507288
7.4034948943083965
3131.6943906571814
2565.238932615642
47.311093519150305
6301.689863178656
53.63765498548396
0.034042171471202476
8.003899012443108
1.4277993378313791
7.843987608643131
4698.533614123747
7639.198679540948
8080.902095059945
9006.62166297045
53.29388128259286
370.2163348370103
676.083560786679
2.6213061534005213
2300.2285611143334
5.494209060814004
22.31653686957964
72.27573077791514
395.92385447516585
83.73133017618521
0.24974899448260013
0.8031687744146251
3530.9315550259266
239.58292396132464
97.15370574179491
6.426603498721898
7.608433515286972
2491.359084620541
4470.823773994941
0.3377612330305355
8151.141231156404
964.4031093749143
0.18197723898750717
1.1455370261461373
0.7673773364682607
4.542335076809821
2.089168557748038
0.7084067904179423
25.795630074390306
73.75086949266685
53.274089141476026
2.157318858256685
1.2695223574423375
0.26509523859700457
5217.385349811439
9445.259079199275
0.21907446666053598
0.9372898897709224
136.2605267917596
0.4826719355109166
0.4799278228049807
0.47207924549980573
21.012651515116833
6.494261332196457
961.7921909236406
7.9812045694775176
31.202405315870806
0.087827281663444
0.7171247387834971
83.87736026656272
3711.5980816089277
0.3535722991741358
472.4157360613351
98.9264805068883
723.1915226780212
9.501950638175131
850.5314968164462
54.31699860794754
0.7707436840606903
359.7600784074847
43.18031109062592
75.1486492642083
2268.018300176842
98.7105851726641
7632.549593425949
0.7617393465576372
564.3278134036865
0.11356611433525376
0.1436038684112091
625.6164675090782
9060.207287411082
64.97019674005303
6168.89376639843
9.081031801201467
0.5127953136809806
1164.9922674291468
3.885562923764038
0.5337128241324385
484.96859362576527
9830.766337160734
8.914884348088716
152.32223433862768
9.450843182105501
77.48411219852429
333.9625941810851
0.3004453744444203
682.4288302170593
5468.822343850557
2657.62448260535
20.957202049171453
9.290217580175975
68.57875519897908
0.8195930896678527
69.50886388068757
3.179281863873762
4.066295808749937
422.9537720033599
817.7317907454623
0.3257257271847428
742.0761205114202
815.6422877288164
743.1608724146415
995.0300605322543
0.689521134088485
7282.027573325089
364.9943127246619
3.8755332427616307
53.21164243086274
2183.182172353393
6011.26754993326
0.2026711970433166
17.290629773037747
8972.487819930453
7158.801547941475
0.007929545993898168
34.704173219675404
4.349432857822897
7773.1769522158465
0.12209917596832298
0.8574881782549691
188.2421087800994
7.54868509671502
13.201196495860257
91.95722437937148
765.988957352948
5713.959816926796
3783.139690564412
35.71788777579689
62.2873538390551
0.5194507665470319
642.5547630538587
1954.462127011768
61.38789381129961
0.6329653069148999
3.813502411398212
6360.522968518404
1.727220910997247
9100.490918079639
7354.1557928502725
9.955931039466245
47.62806080134667
214.77109306275787
3.0376386810158196
41.0991496585666
463.8369592183537
0.171252892938775
55.07824587154253
137.8805012708193
6279.279478554701
0.9972559991206306
14.996946876897422
8.587338781870935
2780.9346228092268
72.17021260769799
6443.9388099678845
58.7412327960646
6.454823109070508
677.0239791994181
3014.463709007471
8350.448596703733
4.460088176163859
9805.54232249595
348.53453647029573
4258.325690701764
4.320324643189676
86.53723460934864
267.08509636992903
808.2725517288209
25.454585661872386
666.5871916342046
232.76229855540586
54.6214601915058
54.478538267769885
7512.307143438848
540.6304785570234
4986.382157300477
7897.32846296887
600.8595770552795
6.503801120741153
75.58170006015142
0.30206469972125927
5370.4188740267455
703.8621648306132
1181.4882196388476
0.28022369424275917
0.35954075289204745
7.987733720086543
2427.0514792322306
98.96025320764346
313.58521273046335
1857.0091203335571
9977.90813667524
17.29262013404088
66.50817038623147
0.5238783130291469
99.98821599660155
916.671020756526
0.10793772224462139
535.8298246739678
1284.6622427913246
9598.506565374952
0.07285590666459307
3749.1119974593557
7.658448050147343
6.9815426193287795
5464.640821812448
0.17504587465120558
43.07823314680333
0.5496215525191199
354.951462184642
9.800024014699865
3993.4042076694477
30.352712649915613
54.956037849123476
0.32285186896097273
40.913252803061326
0.4680989973177814
3.718321645258016
5.524176975875398
9.678855680021398
0.5456280175047509
6826.423446503411
7.460753909508686
896.6485709321614
804.8778332055991
812.6186347808178
934.7627705801365
0.29923126346674933
103.6120560517515
41.05537043584332
2.620375225593472
598.2565578331289
363.22225720813174
8360.524086935906
42.90450014648917
1091.4038695328966
719.6884270017898
0.548546514825313
6.565346494527722
7573.955675340325
0.002441680222470821
3429.9083768253104
8.272382176491508
38.96630268938905
985.4506654267143
963.9361939816571
65.59048741359159
5573.57179035181
8.791856335300034
1.7505751997235586
0.3933035542553458
2261.427611994932
415.0666551046549
87.42811205087311
747.2878554883691
37.221293645286124
9071.30094710075
851.3253179591107
971.1962150092736
3991.6399900776178
0.35734854088835266
0.5882303736432806
0.2926400364275916
658.8293438998776
0.9709701697463868
919.3036975180286
757.5981373423657
729.3719769523932
0.3645411320886415
805.9774790434138
212.96379518923047
9498.941379553871
82.29899869652884
1633.2311647629515
505.7545392962266
7494.922282834087
71.4991002692728
97.20311349876626
2.7181224365137457
81.75631374462242
8191.576011753577
694.8458735600508
7259.609196091828
4.572635596576534
1768.75581267272
0.22145256157616944
7.741601212313283
58.56294309085386
0.5660227987475818
31.94140606456566
6.218914355142503
0.9583792525321729
0.8789999636733237
158.90273623726335
9.304381609914348
7754.542499334903
0.5904124468133354
767.6784421218036
0.7324110816045848
1.234800874743952
8.625177512755727
16.780458076092984
0.4019239713555207
8.914400431194098
28.679115356333607
4.175394795562078
223.71381902850462
0.3961524194428597
3289.3673072342667
310.7251757545705
676.1604900135648
31.786844310535756
9477.36069491896
0.2601969312532476
3765.517026095727
0.42709934781863745
438.3134943315862
87.78537818570564
0.8964380374878078
19.13411569954716
0.005473587022626458
5.295899583891015
8.323749758371036
8.292645588133551
0.45063428455103394
80.08810307569084
273.86718759524695
282.72551415690526
0.5148740026271877
8658.412765914101
1630.5345125102976
0.29916214371659744
486.6931966573093
0.726664808463965
0.26613872582252696
21.63262458641365
0.6653088846548969
96.1301767833349
599.7169932057068
70.91869237004211
0.24094672607542633
982.478997727283
8258.93027946053
80.83878765977487
8.099222153531604
6.724269570821962
0.6351766929648719
30.000088898869016
457.32647257592384
3323.0920569380974
0.2544342833019917
29.249075158841208
2570.962832628546
6934.177319881124
0.7092714684335724
1.7580314672683328
11.463078081603884
3.403487791767424
5447.049859898791
6184.170038476975
9.142306720404427
95.7821100680132
3.245011925969432
4808.5257459174045
4.4114638395961965
583.6047436145199
2.658845296634728
5.011573254426642
89.03088590050774
2941.7196445605496
0.9315051919610243
37.062987445097065
2.246043485310767
4935.07910290364
58.59860555303686
64.65187071456108
5605.01072294113
7602.473549101511
251.0509172952876
1.9223527107064775
7062.176373039653
18.33236056260301
976.6939167866958
3151.5358835700404
32.26202357050071
774.8944676455325
458.59159903764134
1829.459859708583
86.70436057195457
1.270033192656752
0.9271775165611105
55.56743375922263
4.520720178380082
9456.101136249725
2.3973895445895566
981.2590253032239
166.6419107253445
5811.884942332488
0.1571063228017755
59.79713715196656
48.076245402895346
0.752380483970666
79.54902000679189
85.717130437988
95.376756040023
1968.068675979867
762.3974473421941
6.403079601008935
6.148549254711159
3835.600454687608
18.863640337119847
987.5468848171759
3560.9183679153957
4913.564535998207
773.1329348569045
6.301261021049226
16.322690299288823
0.15964741780788205
0.37230491722898684
181.30212525958257
0.9296679495775229
2123.93854568148
0.32113960009489206
89.08478074061466
66.1564174453463
5.918344669001972
7529.293614760826
2.2481682503176725
24.37265548293739
3.542808286145782
9758.556160823164
15.362382035616463
1.98104099522862
1957.1043958147982
11.129493922063771
715.514702761354
0.42518725319605877
5.746138064889141
247.6483691129464
0.5600872348641853
893.6437772004757
573.2865276522541
84.08160857690395
990.8257683273661
8.496145031151045
9.565224388671144
41.93561245733316
0.5561221854536021
0.7271589165312111
7.731429910258846
33.92276471878789
0.08434592131996155
22.200581393967735
0.27150065255570566
0.6440513081932421
5.3365015948067285
4.099572670827523
59.03490118281793
0.9391492603399013
5.849595748631327
0.03739455547574666
2.0193595314704496
1689.7454938440183
691.1737829262332
4721.074482830067
0.4713372237058382
7.272520882402873
86.28625114866877
2.8370079595617206
6.4580192629600655
961.9257192196787
696.3860517149203
4.454370224297204
0.06859710288648369
679.8211434776416
0.49701491647815443
77.76825102430446
4.108306812479247
296.14789115603435
0.6149102314452335
25.422872117242957
8620.383062410956
9223.158538489388
44.09878992085168
8316.888284718221
0.5530048622384935
673.5596091702578
0.7783129772420821
3.008430265656179
0.02314968264269235
7811.505344792153
6200.8454649428195
1897.3829008755406
54.090805196152814
981.6231095132341
5.490382675345868
7.07703120577908
7881.859240189181
8.465483281450187
8.105385931718315
9.842280406502697
9972.35508899691
97.20040767616788
30.89523911607387
948.2703393624591
715.9254549816023
9.920344339451074
0.26908443414249317
2.7068074254220265
0.851611362597261
391.1891149696677
0.4905898797930375
177.23591259734883
3.684487540824936
7.420888636878668
661.1849327904378
8.896737384727981
0.1384898364815783
4.314180083748114
799.6712237148975
48.61632015445464
0.19931335550325524
0.3925336092073125
806.78518822349
1.7918556105674943
8328.170198169517
6.304721404888205
64.193844109099
53.142482183779315
782.8554847062564
140.4437474083351
34.754090022328256
17.203390419142337
0.9458303919037204
42.69825698195645
96.57659141664823
789.2341422478712
5.513590477122721
0.972190862613806
57.03298706479904
8682.585693240626
340.34847830574745
0.29987554987996967
49.90441224893948
47.61689827625564
0.5967089477784571
9231.419256614496
5782.396437150741
620.9188262085281
626.68080639505
8.742868131119568
0.30071566012815243
0.30843810014145256
8.442991172401559
1.709411665727023
954.1481981600084
39.70411527771176
0.6334682405409977
967.9943009825381
11.85305536359138
286.0600531294436
37.23552122278069
3.023426426289114
2834.923337293198
7.9069838221631255
229.65836250920412
76.4375954666846
1.625224989490115
2278.287083119206
2390.4901196038186
0.7644947810610216
3.3045761277624566
41.27141196630646
7584.4294595281635
0.6520309756905839
87.33161580909548
127.19339097110316
622.1411944206156
0.38392643726539466
2.0565927062694667
0.14618605370813764
0.8420977092972337
591.5706615012928
914.0159798412167
385.018758193747
6800.701062094071
0.16484634072388082
96.34673036935682
2146.2951679029243
0.30964988498178614
3908.9553810017132
0.3637591990098249
838.3437401020585
5.4220487522830405
7795.703888784854
64.77411013484891
90.48394576553031
3.2084613996192877
890.6585666044891
5.44542619361705
64.61071080638749
0.500783615135187
637.2079221941651
537.2327578308068
9.729339376786498
2.6035392622080824
30.82458372015272
0.8635924496638644
0.11761716448151205
4505.195045440703
5727.9518564761765
0.5906150070084071
799.9428225447183
4.398725903374966
108.0967138584128
0.2301385866868394
91.67856958750951
859.6850721391862
0.9126529111667147
9.3252075867664
0.016682345767024764
7.990367306388592
88.4067786496
0.32156460941336795
4854.06650144857
9.751086120690815
267.57422131765
309.0297382455843
74.759734002813
66.00075856675636
66.12628567745298
83.41194326132934
1851.6783709593187
177.5219954238374
378.21514863425455
16.107660294129445
0.7363429146057843
4422.273469033068
8.865743124761638
0.23048282814617316
815.7551818550257
189.56441269221858
764.8569222779369
35.83030363508705
4618.691633393744
26.82834185051436
61.82633744135554
266.0211287143158
6322.350568558662
906.9346966273912
0.5506657300533424
357.9463909941649
0.3002023222558984
4131.6610392557695
0.2285212157463341
29.250595495702502
5450.226475743491
0.7240704987433862
0.8527218597745105
266.1363425429396
5.325405835764757
36.692040716354846
6555.537536291579
337.72861657907725
9614.946242025224
4405.878179801326
336.5333660122475
108.03878201226557
0.20749884346309522
815.970353672472
602.9717781552242
18.487849505002885
41.82647550220562
0.094214360654848
0.43018741672618543
8.613645455128223
0.8470738248853917
0.20802207521026927
5895.978897266877
7402.2602085260905
90.98109873229181
0.3467876194013124
0.2623886432107748
307.16474757714695
2.0271453971670783
0.2452511844479751
0.04448686439320415
0.8763609613623273
49.61851354638276
5773.479764344296
6945.414492225453
437.4036501046068
32.90012671539533
75.56221534044576
0.12781298637963168
0.9452706835471342
487.9118237519731
8.744378301991834
0.8998336546586179
0.3433451537606189
21.87669868274297
978.0691376341185
97.16110336859713
3.1165797320405453
2.296067704429783
9389.110742558347
2554.193996475852
9760.904852671634
30.30297707027082
5312.159114322822
604.5263451586025
0.29234700933191915
72.66099033064822
6.5668158294234855
11.212745961861003
0.33694376689938665
0.21604045044439402
3.9229596691768878
4296.214676370727
3022.5454559039113
0.19454387862777534
2.8827533257289106
5.571392236670403
156.49537807685
340.29256626932914
0.6842918656050045
859.8038876166726
12.729900154815866
374.68098388559076
0.21053436215099586
4.881229660330653
2.787098680092205
4848.931251859476
27.19379125126552
288.12758101890176
620.6697283856332
97.92193278153499
57.345019999173495
77.63550641250015
0.7682554600324256
463.800891681577
9.61165347585789
137.00742674141918
0.4960970476323183
1212.2696859857485
9800.199556341846
8348.21198973262
100.32793175130428
503.7122201246088
0.021311878569131748
44.550228653415836
88.3921459336296
4.266238616465538
0.53340229637894
1731.429559822194
39.97761441236336
2147.0844025732604
6.447017686557959
53.41172221951018
798.2118447867936
9.034066703702571
3733.8976069002406
8314.647693719877
0.5855197872274998
5.099866594954099
9.015377819883092
4420.524795741345
7150.25036206022
0.4204017917873838
864.0416114155662
9.60730520186981
5.5827079840537035
959.8326948126669
5912.0781556535985
9.356492891394074
45.86232697909498
1023.1593661619797
224.59100569941793
8.33335558651884
3781.8941944736885
8852.552266561968
737.8529777347599
0.05219277216571694
69.4754128815895
1.4308687573922452
174.27950307684137
573.4933852160353
908.6661446762091
1.9154596113578726
7.890145840514624
8.555411779084954
576.5742530158947
3.47055092229449
5716.82593685077
0.1012466664142525
9.955395542887963
5.421632886560581
0.14243657546615973
7.742938203178065
0.30679534157297395
8051.4448567648315
3.868759180349678
0.8320163788359691
0.010683867306480854
4.8949658856084675
93.53316742931814
7.2725864623090954
872.2871028018131
9880.81821868574
587.3166259920324
8023.202180602904
97.48420306242977
9087.435702795021
671.1913851156867
597.5256076173624
0.8125915173044717
0.3863298440517636
0.5372337857856665
2.4683610466453088
0.006546369037941369
0.9021523790506144
618.5986409860151
540.7615324312412
324.9831892775229
40.58887402898288
9404.59802924373
2.0301456859116485
1.077393357092823
53.3222633641746
5.900371346356535
0.9232026758618418
4496.78325061506
0.8143554531773849
8655.963603128981
218.6733226040657
2.611892751716259
61.88981272417057
40.627310910309255
0.8443705744723438
8435.18371710721
0.17289250348118945
0.9990220000486919
417.51224567729327
39.380740055965205
2.8104350933087296
8.269610685438117
4.889998314535832
0.40197359192494864
16.811098001920122
3.0959322180997173
3674.6419580449665
4.0726292580196235
42.27728966421467
2.0568606941719105
0.411808775347108
74.57046743905113
783.9964594106782
5818.141409490624
303.1726992502519
48.096044055634614
748.897590690543
0.40215448366240913
54.562264527639584
7.901451070519837
0.9320803451111691
19.416727506393084
83.51842593450651
18.050602453511743
4704.88950344348
0.5955747280334835
0.8515300466940151
0.44758355829839336
8.138682547840023
42.36468211311243
21.488548415971366
652.1151758344789
0.17019448594937525
432.5811219299499
88.79152647341051
0.5047400220109785
84.919782993153
1.3486271700013863
121.6225700699226
0.879182650846647
0.45643286472712896
4.3933035491568475
460.22876842878304
6884.620746841167
4755.2468865430465
6022.461998607215
6723.693602586684
5862.977697787959
0.5580243334136903
540.1622132304494
11.618367290408171
977.3207332422521
2424.1199710325645
23.880307309129144
4.91468664446405
121.06876160494696
3715.474735994515
924.4286336842889
626.6485250011411
4692.701454584874
7.6458983566782575
55.65205831508146
3.850015639708686
2837.094606794751
584.4277170358473
3938.7951005488
9303.614113804086
5.5611001344214115
70.82305785545256
0.07918257254143535
1369.5076715927569
7275.951138704761
0.26343224093086937
3.6250506596859067
1.0625508412126927
105.81984501421671
97.37856836781683
97.80434557920191
8497.198026125858
259.8381035908881
6.077945853269215
5.0108359631795825
0.8419416330396354
8053.632822829476
6802.522278824565
0.1707481361895299
6924.839972476586
957.803872506694
1.5731868208114586
5793.300819027035
0.6498668123670964
0.021001304809363908
0.7295212509279562
50.08517370490947
98.84698456828934
1.0502242604318779
209.83142363255246
0.9471136080564887
7.709697755341139
18.34442564025025
35.14553710648215
5.467513775142832
7.134800410841011
2.413407442265869
5545.357882269255
997.2550527169824
280.8475456775233
9057.243501887193
186.27892883839547
80.01752467702724
0.6353921893216995
926.0641414095785
606.4961625765463
5.4963257309794855
55.55242022460808
0.7886377897824958
91.86434760114226
1665.7207428186305
94.43333860873348
6.554950636200902
0.9454329458921394
0.6288839804036328
9.991663175099863
3.4584286429141797
0.6062582312433674
0.8937910967589124
0.8674218018434948
0.1522286522458427
37.777577361355505
81.11572995202924
0.2659664316036854
8.969678917942115
733.231052865485
567.2356995058069
0.8242740026851068
1.8199054013741778
9706.651526473694
0.6800270388109186
6046.422304537034
30.959923716009452
6145.585224580753
888.504265579188
0.6801152045788021
30.828039816789186
0.8460753647860285
84.59621571001674
8281.491563971127
452.21065556025917
9.658082365624285
0.372697815718937
9.973479494179301
8.672053838069973
352.03415067857225
321.9762160068874
8.32595294936939
1287.0049525839079
9941.293881512343
0.6114682737903276
0.5763470583880521
1.958900820788616
0.11605551145802095
35.29162498055651
86.76574922660976
0.09801998682081858
7.579185562854556
11.036357371763462
1252.6513857670118
51.861411904738794
61.53162981392003
0.8229011587077325
0.7946757943747957
6742.599031893696
4857.435142918822
356.69255525992116
155.2589384781914
3.693189874424342
3.2526952928183728
0.9372639948804
33.4235609292085
32.40329143037523
7979.515331987163
0.9768256052711143
95.8302271020519
4651.883294135228
8694.239051533308
6.524802210163366
5902.523519022832
2571.0345986616876
0.8470602915973651
617.694250601858
111.90214890459261
0.2661648404171424
0.3431619068319899
0.8822552664469963
0.39882814602977046
0.09189919110474631
0.24385547170980915
6.726260070532475
94.246517371522
0.038203678367457194
0.17273247130366687
838.7427958679739
861.6031693152557
8.078101463116628
588.9216963124919
9551.495937242187
4686.733412378076
0.2089752689182902
1003.6484868751205
645.3855959695155
845.4963702026882
344.80040919135155
9.898782562947373
7519.168214663957
678.8794307282517
337.117715897059
478.3629064103513
305.0061270767179
0.19018249149671074
99.53980788059754
0.9452258989704058
49.1973933016936
0.5032955943795901
2928.0574453293175
2.001046903185484
803.8873647001238
7556.327549774289
0.5785493178130441
4984.623800440952
70.23395034665187
7.389253096670576
0.5330636806815168
34.47625082805161
8.177904167555889
97.75700501991442
7.871489065594889
619.4906673118869
32.1703435598353
36.86813368189169
5713.287967329416
844.9942134373897
33.028408937258014
46.75436577216554
4.817991230573883
5.043212356861604
776.4809389203352
0.8766685152264231
0.321648669846758
2811.0325056362285
70.21000193291735
6.8144516152171075
263.2531109949878
1622.4216523580137
1225.0464521562542
3.8428322919340263
0.6786692388259095
51.767287901793566
4.618515913836307
0.3793997447666013
85.70813170964757
611.4509416646414
8092.8136225917515
4908.439391345231
1824.6300682156725
7776.48422648947
0.17780875588985
473.74609225754403
447.40454534491056
57.00559217808695
25.98222522084702
7093.295362396457
438.3718482222738
972.8806284246157
9.765571327699021
2.096582884820654
1759.3715842226843
38.45365878479661
67.30946910221495
3.120581526069514
27.711127224552435
4.047597554545011
31.664847550562925
91.11704398201944
6.283402392905607
938.0538630797179
9.214589696943555
5871.085513595521
5633.62127629176
0.6407685796268013
681.9284891234437
1524.0515605525507
3.061798606983416
99.89399174591027
17.682248626701536
749.708856817185
5.470851743994385
4.724727268198315
0.9368044200250252
2981.3839862512114
823.2265878820915
936.7156595666058
9537.663604623158
0.12863517496368138
0.6256260719592249
5.443814394906703
0.41040455050118774
0.7003754726385953
8763.601290136177
1769.8349327197704
70.99669052647664
80.68456126494712
0.13375656866990138
4574.352664642797
40.4192355462603
805.1857773133219
0.8797977107734315
8.76264843355277
0.4249176052718949
62.29926269085892
6265.542028266424
54.95920067661363
0.630129008769513
0.1386552278382014
0.7382481729770795
3437.987511903552
5897.476908746988
396.10421962266054
0.09392170125739041
3.571194814519157
0.5345088134036223
0.1627319066309274
589.5740493772155
834.723996975051
542.161609223309
277.5971013110765
3.2762555434010245
0.4423451716544661
599.267299026763
0.29745726344414347
2172.0766063278384
66.09234769630477
314.0237543927442
0.37534875032468984
1.305851233675025
9.171278240819419
448.3261345583725
3.98937325374506
5.6277172532646835
0.6394631116338345
47.90162257694131
0.7811324739951307
334.674712206285
3.939913525131553
7004.6212048106545
0.9371046908945446
0.02196585073756241
6418.3522823984
380.50998849926964
37.42532199944979
18.949906040281807
0.07827613809083833
590.7821077622565
2426.2805168907107
10.26885672644784
6230.89518408007
210.41027433167736
6.679863123396111
8894.797144055447
2660.054169981766
0.013173452549798625
74.61102382445893
368.4511906321809
4250.627727997031
254.71786287093866
0.9977404473649828
7854.230281836034
8321.322688662416
27.311330891039066
640.9213132404542
598.9015316262879
9853.867191893853
75.85298717956947
4.6144614734514064
1.319958124390499
98.47972545021607
589.3222694655719
0.1935447067197773
3837.6663776579776
0.3669880506122939
0.6414924135130801
56.973736128617816
76.30293385975658
3762.5612007367426
7892.7603154985045
8419.290896327679
0.5990458904698248
0.4025848660405764
21.14381975970854
0.3912922137800042
0.7405523706050002
6.485841370974372
7657.098313719297
4.997799116443719
81.45656931003302
52.50041140092049
6.121723226586089
0.8801816460363543
5419.677137328518
0.1385089896161248
56.28417837556581
7547.606751568784
3316.223217122669
91.56341347237085
149.81749544475286
5.369151775206248
668.0342339398982
8114.989229222246
77.55327923616294
0.5501124753875908
1.1554637568548176
0.1485441490968058
0.07342937207156297
54.16061754797889
430.41788162031423
9278.82017195816
0.42913721671031246
907.6582188822691
0.33989845698203836
6572.139486804583
54.760844509326056
95.05517350676995
2.1265711883351646
5.296170587871111
32.52576504810813
26.64764748460282
87.38393275637357
720.3484624682828
348.9106508353559
958.2485362368315
57.5252974674226
2.474546499684005
6.822349591952341
0.7585781828258662
185.9027713334437
0.7222209684336238
0.8340647162488304
0.7169953755965351
0.13751755470413496
18.138390460042675
3612.263129843043
7.426064914660946
8.81628051303142
0.04890477358763534
0.14503951571262574
7401.393535921862
89.13283871198234
653.701047476778
4.855365265350588
9411.528107424043
9275.864681208432
8192.272146297842
1.0311556508127062
546.0103820643686
0.5182300431775422
7983.546585644425
175.03171064527945
1.303193290564365
4.044815881933783
4612.301381382592
9.592666715942398
0.34182594242138997
69.43775429129421
2.12372678717497
3.591531546266288
481.3382913116474
0.43752792748995784
59.18328260074721
41.76465875426886
53.78087398903556
8869.672690210251
483.5747774641894
58.858023884137744
446.77231202908774
1.1950780893725865
1.6646156264892364
2.5768891483002743
5.738413423787312
2.804006232327824
7.400263832899779
9.00154403587074
0.08157596870932948
36.42745933762813
82.49454745736577
56.16891205443816
698.3439288360316
69.378084407169
98.04444670752041
898.9961461330543
82.12600014671855
76.92145430507638
819.826787564573
0.34576674503817895
2.2469540456954675
4.682038503708188
657.7438315971186
73.55314366865231
6.726783067760035
3.5298533803845733
0.6395966183788213
92.31121966180578
72.1009414970244
0.3314352799372795
47.35252767085713
797.336054639489
2.065265286432311
6539.386373582114
0.41595531940794594
8.086375122718174
0.6210697364655562
0.6246749000111083
2.7296112744046717
0.364150228449181
5.008746933864079
0.8222838686396128
28.025949858292975
0.9976638967238513
686.2599653933602
82.41127204249187
2.1786421247821552
530.327775830505
0.11168156428480625
3866.2997568699243
35.58800273853624
501.3472827973624
0.7954277908129472
0.006841584942183676
9.417459605252143
0.8717850893555273
5.595630515152845
6293.524691452779
0.12427778134796819
0.24988600430689045
851.7901868564131
91.28495667058267
0.8084178785569779
7893.286370199759
1.788234301755216
0.924157433634979
6.87509705562981
683.700658159459
709.881822692759
2730.1711297222387
16.561645917741853
6661.257372476681
163.31817224361112
52.25511081818579
2.0910552156250963
904.85820988934
5.626691093171878
7803.144181501242
0.33070062755758
0.1703392727582742
8345.449515978251
7998.964983908127
0.41447623488555907
5007.713187485007
9.765340931431991
17.51960997688835
1325.3969902826434
3597.5132809976685
0.5019528886854118
55.221102936792946
0.9203942980317865
88.21694620018621
0.8220122846943524
4.052393885436909
5019.939633999438
26.610742434752975
1.4387631628132724
15.891177624560981
37.23027463670191
916.7899753695641
653.5856839450144
9.324432170170617
4.257353384519098
38.94592341308278
89.6861908945259
798.0034068012704
79.14681016841608
6.432799258626942
397.71964480454704
279.3866599504803
63.34368588568557
1.9219878711222027
0.619826910937272
123.75212738698981
0.2971964522734952
0.21265604066120902
0.5700559097979616
830.9061623324992
89.06206681226038
42.65571009643395
5.955350014641596
193.74414330763145
33.18637212314104
0.6944428897349559
7185.2483466727745
0.7498620533859458
3092.2584898976247
5.453054853315303
160.0943522844067
0.4210491787508045
0.46765995030369845
1.3145130628360413
350.66039092057247
43.1354595478636
91.61218676282078
8706.944239397086
9356.622040903778
791.3568113941576
15.336208174974253
7287.684964625268
0.40710388643820106
4.83335589204848
0.12412048276639065
4.622916656406753
0.963726728829053
0.2155894401780153
1605.8734572273513
9.515511797538956
6.9280164710465595
1.6960109107038635
959.6502119377743
5797.956019489676
30.88820532771245
7078.9834808799715
937.3750676093206
9051.738565426733
777.8896450633589
424.12903030270655
0.5082534314375368
55.77001211550735
50.502328629054674
57.836347268608876
0.6785751634068453
3.154373159698763
0.01994988866727354
15.601747937061916
842.5979851295069
7.906913242030285
795.5160613734995
0.47813331926532887
8.227843189876577
1.7413623328924466
67.5590277704016
655.1705490395847
52.261197067207
2.6525424357450236
0.655859523382824
55.15988265123328
7.374969560961744
2486.3332937700056
0.0076152518906861255
1315.3529290977317
0.45406163529107
2316.913344155527
56.74715333692042
1066.874523038084
0.9988357855521094
4970.219084367097
3.2243085065772545
535.5151343907479
0.5597037063172398
0.4029257649725936
8.46514757764194
0.416886405824232
8.583230633659422
0.16222723956721607
721.6258129673895
0.030002685936997286
37.13346791336103
7.12149263684938
24.205551520392497
804.9681683535756
0.8882286458691557
1210.6309641840396
7.172504665929824
77.70906151996793
1.018616439011385
724.0040830156245
82.08479382514746
9.385612214081839
7936.4664594256055
0.8558300550304616
0.4943418136034078
0.25029172153658896
59.13793635130003
0.06848774629281407
8.700202717940584
0.022223192190775953
0.8602363120318179
6048.064825531104
0.27648281237052186
9064.649300268513
5.05983555298484
931.6254038749216
9.326235481194981
0.8029469992930597
712.9871538936939
442.63140142137723
1486.1461820015377
8.775539002734373
172.24186867235304
0.9904724647982059
9.207796979212675
2.6465497830257423
0.533277118448962
4.146299471694009
0.9603484949025158
8.497369796059079
29.708314052368845
0.9878821687819113
0.9295746774964697
0.721277431176685
0.7260184064429799
0.07155229702822807
3785.3117451036956
0.6197420870622834
49.13617591340388
3.80779337760662
20.750495934799208
0.8454745194884643
493.26511151598305
90.23753599884598
9.251343801830963
78.74283007026001
0.19742675256632902
9088.035142395049
0.529712871429779
52.632507173000654
0.5535720481539297
0.8420803097583895
4704.3301776466515
9.686311059008036
0.6494634409297683
68.77957403279443
3.8441358709935147
39.65810252708677
8.965915935586839
2.414576397124023
91.27468716309826
6201.055415873916
0.19593650499482484
0.3837845006361583
82.15084139703809
85.47183970288951
6718.094108415769
0.17271970236113987
2.9370535004136977
7.620697564606205
0.16192370878737816
0.016291060477199082
9.439098392461826
6.515179373253827
198.1062771430453
918.8854004938111
6665.54282356022
21.41356729368494
5.810061487671064
32.982018579772124
860.064371652122
3.8346295876279024
0.7379054017560583
3306.1778232277593
373.35612345233415
827.7965616972446
91.34740612711656
996.8348241348947
17.498390116250985
0.3579816218797349
20.551576831355877
0.6716285498590234
0.755501297002119
0.6174333737239734
8031.716041399789
5.393056026735844
13.334924721613628
4980.964392076074
6911.20417690732
8.204895468033808
7468.317800098372
3998.7477118794923
9.800312008260434
74.23562211886573
37.66527930078024
9581.815300481861
56.58094787756332
6896.62615638349
0.3812865586957661
0.972932364668063
0.9390581175664884
365.818882564255
2035.59049600615
77.29861425006955
16.68804996239196
4.03815382613551
1.6934640250306565
8887.438094585106
0.6006880718946215
0.03886374998705444
0.787349469811071
278.08020580727066
32.47925951332057
6517.084656995486
5980.291881919287
6.421097574227676
1.516482445749775
59.194619680852334
0.2561917022663338
0.3653432540730901
84.91165576618629
0.8156181513683606
9185.21313318563
57.3653444002746
20.420734819551846
5295.9360688083625
154.81340233521556
2.161238182984139
39.77761158665566
0.4915632701477075
251.21247909055822
5.734214044476882
61.470865749638094
0.27979770429589257
545.2918408468604
30.37413270931757
8.326903420837073
0.1351790178880109
0.6175244033150412
0.9583828979464215
23.660308511798345
0.604193864976264
0.2460869180076818
706.342413676688
654.4549795993972
438.7339177917171
511.62951136278855
43.533144955609714
37.67531746750786
0.7517572773001086
9716.668386779511
95.32801702253239
97.67427826424402
71.04250146592139
9.288962407981145
8209.573722061807
98.36712006764215
861.3261190042875
9283.867496814211
734.3408145637022
4.122695879660688
497.73836486287234
0.7844921518638892
434.09531992474695
5.727491439125001
0.695620521025746
68.28216406861793
4.734256736535283
5741.573394158059
73.4018506288102
7321.733477173366
69.53749222039647
4.77810954206848
788.0191582499745
0.38943027327940705
49.942268174772956
512.867813844016
0.6519643372650906
0.32459601657082937
600.3404598282743
96.44055713825259
1.0719223586039228
5.534780337738294
0.48814575826527107
9.083758205993139
9.174042700568645
332.38882949236717
0.8816894694498912
327.9687161761824
84.00473977818197
29.036042466764357
30.43629744956462
158.6648594295218
0.7186120280487108
998.0256867699491
3.237076914366621
367.15819622072
0.9997271196571988
8202.1802318016
9.296499848168146
229.87284815447595
47.15838055010026
127.59498746781294
6544.1909243187065
13.5209571268604
985.2119012813981
8040.554827052869
0.5454848297713215
7.626939943049885
0.8117244437715833
367.1427692936919
918.2083862653118
0.390538632312719
0.001687942390173669
66.99931324196217
0.8668728382915194
0.3502642876684914
9.576925437499346
3.377643248244626
9.406997508533676
0.24831864727665853
4.70172588870608
1515.7693748119527
1989.3995430756572
8643.409761661525
8681.489819995466
456.70211694839423
4.120540895620173
5.116518724116905
5.304811113555985
883.5527199579756
0.3203599539350953
0.6664511026319135
688.5519695585737
604.2714990657672
4174.230461052313
27.182883577781837
1.6199167867260345
9282.409772490228
3.050334031519334
0.8510062458108901
4.861256389670048
1.141548032092461
5.421893554530646
0.4487850472595978
7.746090328963989
5066.132389686846
1082.9440918717792
13.470481245411625
0.9384932723522033
0.319133819331602
484.42074461132444
3.696275437176383
0.06588506030289254
897.2865852784325
0.2249815575307782
49.1285959164417
0.003531884946265107
3.1387802897149686
19.29552938505311
0.558638351616566
312.73069952354217
0.9614711864065592
0.1610973461536781
107.84768770177533
8686.45296181915
9119.415804253176
0.16722898447073786
0.5858166552159753
7411.358013396338
3.5890625680836985
99.94661001023026
11.57576183725374
8.826480518372614
9.210780207008668
0.33695277951723546
6.286640700492411
9.297548215432908
243.66133647493416
212.64359284106493
6.062373842563362
2021.0940993618665
0.7296084826987536
7.877698273826807
9.019656479546246
2.1009311122078413
8.633368007579838
2398.3486926511555
998.798103834356
4.139077807731586
6.0903650733640005
2464.4186521213273
5955.951023224236
101.7169666297153
924.1577424619671
0.8280524882241431
36.060780954497616
201.64863698495316
0.9416439131666406
1.6073781059902892
12.149626748170661
76.35329457168216
0.6054921515272997
3.073382094679312
4.359553310212252
0.40940398372455034
8.509466849955693
0.1510417393521164
12.842347088411476
0.15176923826770616
3091.7713510620283
0.4081998199283253
591.9465623905053
8.6345011529192
1.567032031981831
56.25918108454736
82.16815893194132
3.627403299441545
0.5761553542435253
1.3423205694267026
7826.476988080405
96.81801977566447
0.6831272382102266
8.525508350619733
0.10657482831659892
0.3964402375979985
18.63118505069116
7317.330239464788
2231.3770429646775
0.29850369854732717
59.949604947773814
85.64462920415112
25.600052856471756
0.3161844891730766
47.91645647856887
0.09959201655350491
8206.944163467897
0.8384043198584509
4.248175348033612
0.40402836878701376
386.488946133231
0.3964805862106061
51.756632755878606
392.1290393480782
3.141892236290337
771.967275057569
8982.092961977793
45.71746272241168
8.600278848780498
93.04749213427996
6724.3472930062635
9774.09815682042
43.94033426752394
862.9474663439889
2.062051432395229
0.42277449343796414
6497.741277729983
9622.486766141
0.12214370645915751
0.842303949436245
31.17883908925032
81.8582180511289
6.075217196018741
2.647436325557997
8532.695597098696
65.41649838571126
40.83865544768066
0.23938191116098506
8576.562760198462
0.040315594214065054
0.3870813452954299
7223.524552859764
8.037014603272885
0.42256695451825865
1643.6806925389058
63.073834289177036
985.0243018585081
0.9065876535074163
0.7449390368078262
94.78660041799962
0.754788510585765
0.5843379335355716
0.6610617955260761
528.7784472039555
9407.765228767303
6.904344247628873
65.6359310998421
0.6605412393022606
3834.441530317084
169.16058167537219
9753.140479242427
7.628948449066887
8.288929084113148
0.6585652486786681
14.064667476432902
6799.364565026409
0.13440710045659499
354.60442154516494
958.7819971732541
0.5471738608980616
207.1828975754252
0.7458405647354998
290.8075322819459
0.08637525158990333
0.2560405415126833
0.7436686444536328
278.99112463940025
0.017829386218109033
989.5563150106268
993.1770115659527
9064.54742670146
42.18728113651037
407.2354927482936
2597.471228841397
55.71531534515961
943.0252161114074
32.579709346013495
35.25842040267428
3.543112123325254
425.9195863173091
0.8115266632949358
0.3739598858592018
881.8235041668725
6.898258377618188
8815.600406758653
2752.3399693260076
0.12855263179608656
8.481133704860763
80.55459377500544
0.9875529707014823
939.4567039043054
5596.462127030895
9.72362967091879
8731.104089071889
260.1390176665431
3362.108434608759
456.4182444016878
36.15210598511216
45.08304056801047
4.776457852154835
0.14400288275849848
0.3265467692559123
1.1076488012549557
0.057033954050757396
650.6867545278313
0.36798376500414465
410.0374680177468
363.92595351035897
86.50882368372935
76.58036496489449
866.4618093072196
0.15687362362956336
0.6757681665788088
0.9512061539822718
39.586592985001964
816.0952021836792
2905.308147346176
9686.69116512336
839.811849066122
6147.182019524558
7839.743789100026
64.16735980190333
82.28419977049985
18.650116914302828
871.4838926034084
8160.126231590374
177.3367063914245
9.869470979906536
5.625198506952994
0.5304033315490515
593.8922934113804
0.17539942147245358
60.650119502897425
70.18190208083523
7368.2942557913475
6.051238448578033
0.031563065942516344
0.9279134227413737
0.2132128968317697
51.883246662570045
0.573059572512038
18.89418631783655
8771.657114275484
9621.808620900916
8.032397214618943
782.1277427249471
59.18515944712463
602.5800177486334
9426.05754774856
221.8242359205561
43.71345636379176
34.31739578350752
0.5694312550469194
0.3447807904100375
6.408484938450068
0.6858307316839132
737.3924793029894
5.835790780538387
2.7994469877377837
0.3928917605652483
4.455387252611699
0.2990257551386788
7.219664748110183
4.826125102254892
432.69784574336813
5451.570711954573
6.343352364163608
861.3013060997113
7.845823875567093
0.5517134265992321
331.66957551025945
660.6094240390646
771.8511010915356
0.9655421563601687
103.6492677281886
0.31870380695751976
689.2830734776336
613.6223744367996
2174.3353115792643
78.36889614515641
1779.368392064412
37.422473911088794
27.05893559975908
53.43004991602136
0.8913482745147172
33.875254343032694
9.806038625784225
0.6700605073862846
73.33516425823501
5603.479613470015
424.7372543101275
5.747636633879127
0.3730126304735314
916.3760394642809
392.55072158416783
7.9839757536150024
5.565389637567436
6.5937466486801934
3524.478216640128
4.1170915130600925
5.087451349287523
992.2706585822203
569.5248172276047
8146.516800297465
454.03819676500956
0.3364619932618741
32.72333667201869
41.58539776725749
0.5886033316573153
27.83160882755662
9780.880389956446
31.5759571455266
1.1814802919702794
360.6304737879584
0.7038548751521241
8.180643306612128
97.78209087364348
539.4538014729255
9551.752208123904
427.52809454785887
648.3343540774486
6481.326038374644
1.418406652927009
16.4442337331533
7.704866114713999
2.323063652890991
46.143455541115316
62.68914455024191
3824.8896992014115
9007.485398785273
57.55197927927276
250.01195377733177
4646.985072565295
94.05076980188625
501.4147355635532
5.478043223270578
907.1336347727487
3081.664675263551
4832.669865787655
9838.775215177066
4506.483485462622
0.8871039601039254
508.9730105664885
5896.38588494078
671.5658558143615
8.582866013797798
8335.876721485385
0.8950976849143346
3.101437081793023
0.39809583192675024
5.659062858748442
0.7585683118072378
0.3504409844611932
9872.838072595508
64.49199740473018
536.6796347022309
0.8405105090805316
1997.473379139687
38.93389775976445
0.7181690797304463
0.09360619183337293
768.8656040820928
9.969998517995437
95.33574294007407
67.04424877243676
729.0284914719294
9868.316730968298
696.4039987958836
9499.374931309667
877.0134473093455
0.9860169601431988
1.8572534571357247
712.4345497382457
7368.160981705943
0.06238564891785303
9.321531578033081
555.39609027912
7180.9337322701285
728.200845374747
0.3506780100429564
512.1017381294987
7.867741816539136
94.58118613602218
1979.9160298429385
193.1100987193156
6.998745391579551
408.3952348317997
338.57490681995637
3.3306587033435364
990.9936326175405
31.330611853652744
8.767446897017559
795.4945759855946
4.1421294766556604
786.4081235172079
8.350221142979922
412.632195485214
33.1790418516809
50.186303458551905
0.64882921741575
6.140300110492354
5.607504095557151
9.000989998797602
9.585133559622836
5.617117046504766
6.064925663457465
0.03432173532448324
58.62440067388266
9316.703177380694
580.9951218948439
8160.177891644891
0.660361760003696
0.7664147230701228
3.8916411495767966
7318.554422998279
265.68002262711474
1.4450698339757762
8058.664197108758
0.25891804552771347
0.6283219929418671
8199.351761619264
8.918016463213718
2.601589269687725
1.1492968884681443
2.3218338946549357
3.472811049275759
306.9560432023514
4811.636736188409
6.955973472952364
8.166101265450521
0.08991305325910015
76.94865375280322
0.7868225927555574
296.22864797095974
0.6338155980174603
2.0081796850056866
4.633942681221265
7955.471808403368
6.466395388878903
54.42519774213371
23.393237375146224
966.9888828915767
7.710885651151904
5.189429559967589
2.1759994683660153
0.5322568680005606
702.6586882272928
196.7275239968348
3869.090578713428
8.692574429287488
1.0839480101425414
0.5417537950486011
8025.503124597395
1.9679936202486759
6.2553757290393355
0.9047988508080148
545.6702190451172
38.105408584253155
0.7715244602473113
4175.921098871724
2442.207348088273
0.35739827184046813
160.08671840137768
9908.245770839034
8.857058238198364
9.721761107833771
2.0090018229570172
0.5601972342879402
90.4824875868235
8.120447993977086
91.49055630647295
922.8798038665022
8.944026319605303
5413.858591170832
8.823534816562056
47.753101791905316
3.2223208556095195
5.1367625265622685
7185.746188493156
0.9253316548670242
0.7784221433818831
996.091162575502
115.67877865017984
9.01382517874725
15.175331299678518
582.4177926805345
677.8424718882458
8521.231777648589
354.63112228765124
0.8837314589456542
10.533302457052097
0.43995492116166224
9089.883423185973
0.6046165834441332
0.11005891603238416
9.555287053041736
952.2698196957784
0.6252043880413284
0.42497574701170615
5625.753073578643
0.2954556683125853
0.4067510956559237
0.8389228804457894
194.20739841176038
2.285583059093732
154.5232344580668
0.7517081436077838
0.13342396436948234
2.4187641382132763
5655.896106728807
560.0189766211168
0.7928306441193589
8.964528534288608
2653.957755037303
80.39190172490159
8839.936978479442
51.857543150570926
0.9206725737313558
4915.9888822032835
0.2255983975153969
810.2004997772418
2542.747904142937
27.16845018516575
3018.2118867558206
0.36927915965447633
825.3597640041767
337.2065387162939
145.9724852287111
778.5744006304702
0.4249705819158982
5217.145363030433
30.16816519828408
0.6254102073032302
9295.566450408507
9449.780540195292
64.30379118550039
3.1921311322218706
291.3312672683688
4.650995927859514
1.3669368657651249
0.4731015637837308
820.3400241452788
8.876880790653356
0.19037460337768441
778.8367082659091
4.4375449883365
0.47186988387018347
28.05081206240837
885.8109842005401
5.219219410881104
3993.204557379446
1.6530509360106416
6.443875582659745
954.1865985138224
8561.8618494389
851.8826927458267
576.1588557211679
41.2433299677852
0.853142977217004
0.3057260447524104
17.567340728022685
0.5600355296097626
773.2913720969436
0.6399078254765406
80.62387408114385
0.6315193601301593
1735.7051652737987
14.640091149468294
0.6495249380915347
716.8001136796065
0.9271066550832344
12.679463436814176
773.2042530214353
0.953292494415726
4367.502821806171
9.353855165187209
3.7013889405503697
0.00829135182747387
964.5081975999649
0.788312777156468
514.5128995408412
3.066801004926629
0.9840492785903017
16.69048970152689
297.2434366145021
3.536291880431283
5810.423369945703
2971.0470968340787
851.6867826130018
0.6482087314943039
671.0005855460854
701.309333664343
270.50043795560686
39.86132021533753
0.8118375603234526
108.72229232008624
51.503945493428425
0.27638737901060195
56.41176854041178
909.3004846527517
3.4146614857173
78.45553484392198
6786.556255436132
65.77720030274314
0.5108270955309075
7885.667594724433
0.3486570449858236
8.608294003123538
3607.5073863742123
6.445494845472364
9.435426330015732
2731.423473423434
3.446380916005991
5579.304682574291
344.4836063669815
1.4425288876949216
984.0655797238318
999.9497931552258
0.4783832778408723
46.66415862338932
13.43038063301767
0.008479770745471127
8.203902644746618
18.494920549497728
93.05752715044908
1.0033923706253123
6.191722935378511
0.46288050136307546
2580.6673811485757
9867.476190210638
2.055680776639135
4.581127298425009
0.0781429602940612
3.509845071379991
671.702730024399
382.73559404769964
101.40722900236598
80.0465521437854
1.290730301882913
4362.723637864751
27.384227968822806
2397.182309636955
98.82985961656294
3.035747156782164
292.6499997223822
8.943230944227148
0.40766215193776945
8180.157661504928
64.42160924471398
9.358178807259817
5287.453148568435
1.522775252650318
8629.63364921306
0.9271984231034357
831.2265938264262
266.74541674022953
3.9926338962293615
0.0694666940698262
0.6617733160590649
36.034924336870155
882.3635942998783
558.0330572930147
0.6984281522020537
81.85217941204161
0.7443121241207935
8543.542523752742
45.75355195461795
0.15039906421058624
0.5015251193470799
75.32241626407773
0.847773899665623
8.553514416334087
5.2705638648365385
92.02126877721051
6.358684001245512
2854.9586773296933
9874.338645336402
119.75750874143543
5.375870402025446
85.78399675560837
0.19481287324294505
8564.929741654882
0.34960666659296447
0.6616114502682358
59.609750413904706
0.09467656719107942
134.71495639664656
0.3438598474456811
241.12833679578583
94.15726414071625
1462.3763729133332
765.1681395543724
29.36092068731866
75.19267180407343
11.55896692049364
55.29365732478401
670.6767022527458
9023.117283839358
37.554015028190925
3043.84794374986
36.6083085607715
44.50706192561431
482.88939505854876
24.218786177393337
37.40299155076432
1.1131249117444653
0.1274578580597363
2.6218906716500268
0.1901779809958225
5.706951070998144
307.01477590441584
114.02956203506021
0.7929331160936182
7.329314983890613
199.9051822422202
46.300137788698706
0.48048372659947547
0.14198053854572978
783.127946028012
14.893749272752432
8.65244522487387
543.1501157536381
4629.663202243676
6668.1160641158995
0.13430018958809908
0.06583202256107978
77.50091572398368
6943.689196652308
26.309752769885108
1610.7851251708894
67.60022091928488
0.3951275354224716
2.761234307801658
0.10503293942552405
0.6159472819614353
817.8269150685092
494.1234405248377
9723.706976810648
70.74054940097578
2174.409672009009
5.267915097241511
366.549225661365
2.1396060356056235
9673.87758050607
87.41041663208225
2052.3857612728702
3.5432075036823187
7931.943333368353
0.31028978984991595
0.6326893390003807
0.8632254619479575
38.016593037348265
0.27961912437221537
0.12711704568455817
631.2253832419478
7207.843882880197
0.25049535049510974
1164.5276348404498
0.30006708721178843
9201.846804289144
0.7784220111681779
72.23123143489002
11.327944242652244
3.591431318591931
6.985426988205568
0.053494236717050336
43.77479083462726
4924.280192639065
0.49157380607917034
8207.343804783635
758.6407892017637
0.0340435230975753
3523.7064505037265
631.3295192457869
1627.8103454200677
5.924698749643207
0.9146131840804925
0.4690929440482502
3846.3224987756807
0.7601014525488204
555.0760700594055
992.8354154179642
99.68804769054948
694.9587499142194
0.5368088833538667
1.4746681376327075
8.027342666589592
0.09412681175861493
5955.13297668948
6127.196656507837
83.76792157828324
4714.015755109416
16.482215224436857
0.593840283532443
0.60269853177027
3027.701722978924
5.062873327718044
0.22401783728154745
7.336815027601373
141.73082665925628
8.98251949181635
9.011253504769712
0.9511658102994862
995.3488276383447
5875.093427937195
6.775056894992154
0.7080449761581981
1559.9711183295594
0.43410661765082614
63.432633669823915
4178.1335849192465
799.915972852179
8.976625179870082
6373.34114072967
6.480384748765383
4217.878371685233
89.90731264937214
8.559314173623662
8.615048372473805
69.32487467240954
1435.7127755752463
564.9486363624113
815.9414375360308
12.978259851891117
4.516503833681735
58.17658828504909
6514.140446988702
0.24785658669564525
86.62025294496911
2.3699411516617475
9750.891054312538
9069.644968585297
0.0864345681647245
978.2645414343219
0.8806715914242063
1.0228684700655588
46.69661523779095
101.48943267566446
3641.7797572040577
0.7031439319482345
0.48320041459759244
1.249210534935239
0.6335711142805118
8362.965804476155
314.42493777585764
43.51003972020281
4.264774075593394
4608.9116112730935
620.8356289344158
4.151510689894447
0.34028356557348916
66.60927455836094
8369.30845163415
8.97114339269497
8879.625345388906
1752.1292961328738
22.98056055306589
21.368767693063827
628.7861672328295
1429.1077164141607
0.38205708427700613
0.12708880518707177
4073.7765213525413
73.04069221379483
705.6309472122302
0.02078257332151301
0.4181952668862323
5226.192308027748
0.32054959628679947
456.21349996428586
701.0760304689946
7520.3196519360545
69.34753107187008
0.759730678551759
1.7753081062881138
5.10379995980901
3191.2628702369893
4628.52826610781
2672.9004669733604
0.7600844796874999
4139.600157160655
2255.7717322355397
783.2270147342934
5.004334836887189
8.5549031550364
9.009619451474416
8924.418864096659
67.27558071557543
0.9240502162427917
8405.812047138346
54.211402777951314
2526.9494040367404
0.23948146463935838
3099.162369022046
0.03733901112193172
663.9861737043777
92.92033727773016
671.8478721019358
0.7950706575615666
685.2436360421758
0.18038744165843723
268.43561012652674
803.5298018567166
3.5707992339939487
44.72500303056792
0.7212465930489299
9.704501041669674
78.22238457095916
971.3603102308242
708.0819622458639
216.45792573594912
8.171018831167476
0.24727849713725236
7.738783500695339
464.0271771426635
0.499892801813006
78.0603204156495
0.9297948774627625
0.6653051827475676
2297.619420959278
33.45256154013634
0.5210401553113728
9956.656959825732
92.12486552522928
7208.61527724997
8415.451395280432
0.9706097290645924
413.55317821613534
59.39556416787541
6841.93657876962
0.2076140105047175
9.88065507146948
8.499403863284174
6.112344848376203
699.7116132113857
0.8511689634996646
0.08429377113052039
0.4564130734206656
573.1066893309938
9173.152147037443
8.567657406386749
13.524854550127586
2808.4507839362495
75.30432702710925
751.1704279275319
959.4403899982857
71.00816396277465
41.176982748046
44.1725158505881
25.688197633486165
9.055677923061175
456.2797677260983
5.44363248363735
9025.3177465822
2.3060808909294606
94.73740596659614
812.0317705466108
81.72549164441429
20.425889722063395
329.93527447539594
7281.222801570198
50.31386198902044
3536.7734679060704
0.17914650215913674
37.75355210432896
4.500405197497949
613.736198741353
4.59401111393718
0.575876517961896
0.9047014448585469
7688.633627365724
0.32491769263630776
4988.021328778702
0.1680471684923348
901.0468767467116
70.44458851749363
2.954009822302197
0.40507877127060166
3987.291593202362
5.844903308737939
2.2744576523854407
0.7291603450784329
1.9608315408566446
0.2276366367234225
3924.489869097603
684.6537173730238
3.2171674659794656
5.670664373100297
97.8398408820785
7.338937047736112
0.6521530799141411
0.08366951679633106
0.726478419090721
652.6229856664244
0.5252599513974157
4.149512608673501
757.3129941764167
186.8568028140105
12.248947370971042
0.31633161001553045
143.46819010253208
62.112830293646695
8420.67910926469
0.07077469095601296
3.258912784220902
139.9803520555176
9.243697900598294
1.7218366089271075
867.0507509745385
87.14475894944805
57.762708675912265
0.919147572875101
55.30047107841638
96.7359879791736
0.6542999876638395
16.570019915634525
0.2085910702460353
668.6235133202146
7.543630665256279
0.3189405311360516
881.773722190291
0.7382781408592116
4638.616040394592
7939.045945499223
0.932911866143673
4.721537766283945
9.012923998658088
7662.41654026365
89.61289585000696
497.04471784575554
345.84373182508887
0.2554711072974891
0.1853880349202771
59.066407843229186
0.5027158893980652
84.28380948259502
0.5536018712047402
2195.015650115214
897.2970657993453
44.30533589448006
1438.5352027397446
7035.153347305143
2.6814424859446886
4.830282837353172
89.61785960593384
456.51749538213346
7.659892081280795
34.662179136724866
7645.799382072267
0.7273026346012795
443.30583064368824
79.93947490700353
0.8904935441057219
62.600129162889594
914.839685571982
975.023466139977
7.8923796542977005
97.02749514675554
1572.050732457414
0.5542184699460523
395.68003067445613
2223.6118976831044
124.02050938012698
0.35145757985228043
2.063574829935313
52.579223178556624
3003.922525069107
0.8196946898796258
9.255492795392058
752.1235461410143
7.893882596676759
8096.6223658295185
653.1652817033538
134.8375576074804
987.0856189894259
9.227921286923666
97.86582045554589
3455.266226137933
0.6543048176314017
1.1697303946171467
6267.973834255845
0.6196436236440703
0.6010938309928535
3802.2344217121263
96.59147528738407
109.2491760228178
1052.0303860140723
90.24187316296393
0.2304177964473778
7731.50066607166
2.9281276448436278
54.05300589977503
3.100128950617531
67.42853822899202
0.1962766743095985
6010.181040106915
0.6971657462459947
200.09749171228574
520.0434903383559
0.9542857564935922
411.092646340661
0.12003067925820443
75.57403046024929
192.78504386794904
8.902962082422459
239.20291746043875
3786.7631749802513
2.1177369981890735
0.8877765958301197
389.81616246119944
92.33353185659765
718.1192984851546
0.9079326072371341
178.08782851522432
9623.44786444307
2224.1776657673586
17.866113926755833
5427.484283257783
9.82736485087382
8.244730620700118
6.271176286539971
790.9939527020903
0.31140623413209256
30.44050200862656
43.10315704187787
284.2468148980637
6655.09505718331
9969.01653485308
6368.955928991406
9.677040274584183
15.686610660133105
8.825513517958324
332.52540937387374
855.529690202862
6.746223713631348
0.8456931397749234
0.7420777007298861
3513.7122694863197
0.2553020212641979
0.4060855048237475
6.832110375280928
0.05816227145949526
528.4087049640644
0.34377874569007094
0.6588710885692712
4945.676269727408
9.192714827858001
0.8136019627149516
46.44321899008127
0.8896600834437571
4.007184439680755
3797.281099644767
0.8716011571066256
207.8104326840424
271.12726807279364
7557.993753930506
8488.57685058629
2.5173838146060765
454.4605397227819
23.414210035828063
587.2618446749374
0.04015832247461082
17.74348893491173
3.5708673407410965
71.55369603579081
78.8001898522582
0.8821335832994255
75.14200516145438
0.8135807139688113
869.2636162495262
631.6328653717129
6911.140829125458
127.90298736786853
3.5296219654373786
46.06402004921929
893.1083709366437
7185.127708948424
9.579991522980961
0.4036023052929064
8231.23637639258
7.720107142214428
3464.2099142749785
8.969142531153773
6.326595972882725
960.764359285372
2035.5571817566376
0.6460894275424649
658.5685755654519
727.6344271195056
386.2002285584021
78.61619435193974
175.13596974484003
9265.606806289055
9321.33569735053
279.6699100714295
371.4184712359314
0.8896347027610138
680.693473141033
91.86941403815815
7413.24547209468
652.5900753361726
7.320052856837744
4.641818190900825
85.34603468404417
289.30699987547706
26.92696037001745
0.7630851276551621
604.0842862870536
834.0667179709712
2515.577944478894
0.1897322113652784
9.590692587785645
8213.941211800471
9.145849674190542
692.0280843411759
749.7430394330318
8.149092280168018
89.47294459135978
0.45202747113587183
0.4219088127961115
53.2066692418034
9.734709704131133
44.38219043447932
0.6691957174611847
19.5489923789668
9.538294046969867
3408.5260878556846
19.85817066597767
3.1903698427170357
1.2260982126098274
8076.382375977752
90.458101696824
759.8722572839714
22.74241736428887
352.3305372336084
457.78902079179005
6.4451033839056
95.08306178908914
0.18788925562033232
0.002681807580864781
3167.1117102345224
901.1247823110548
0.1128459770493987
639.301148119142
5.902713219478942
1.155181362818497
78.72736189149465
0.6635695466896978
0.45722703962340716
671.801777887456
890.2862985447914
9659.333809534475
8.303023519532557
3108.113877701717
3909.6173837333095
602.9656078343893
4.0919648088770515
38.782359006622656
81.22778570945455
7504.722735393804
48.31681626811499
5.295738360266462
0.9534714879129729
985.4751191456916
0.584267054359689
3102.540421506439
8.179113751261406
0.6182726696016796
0.6408001495566914
0.7827035058377119
0.607401953986729
87.50587397112574
77.96436493559803
565.7452915966795
70.08985833512219
64.31494450185379
5407.369983030551
3431.3397965871927
68.94872453170112
89.34855510180806
400.36521330993634
0.08060644184349153
169.2030031892666
0.69912061562239
0.35717525821936513
7.7686185304216036
8.205897851850617
83.45144494176682
424.7290939127273
374.8455766841197
0.686144580047756
3210.63937531302
1.7764318617351604
0.2679023655758941
21.357127020396316
0.4243740237503675
79.53717711385171
7589.962996950815
82.34492875290545
170.58476262250431
5037.168731030688
2444.930226707688
4380.383056475642
5496.691177039415
0.8468445849856768
320.3217351075549
7631.014718143174
461.59936063911135
0.45716485529321393
6053.488219550238
2553.8495063243904
78.28794657073279
281.39197047444276
2948.1667312812333
39.36990866126079
83.72079351151449
172.70059661332826
1.0356668240907063
2470.4880360651414
333.24000009681754
7.579610744750354
46.71548333940485
0.6812138705321339
9436.137595137332
0.09696521603265473
5.338684116214173
2.4482313765377937
620.4132851549292
7.689189317455335
702.7468894330135
70.47413154405656
1.2372559490393154
0.25957875989010926
1.8936176758269196
29.378131762922898
24.55160150589819
307.2121196366707
8.64108786543087
0.020727920491113272
23.906899697547523
9069.18962759242
0.006507183823126872
9.21222650193181
0.5499100616074609
8.983535384110622
67.87464199338676
0.5036365682335358
23.405903868432997
7.613351329562036
4333.266465187201
0.7763392235941569
99.26370393011051
0.9889696182747435
13.453812691848333
7.851248674527996
3.4832837498723404
29.33187484110339
611.319495439148
0.4854236718158299
0.6671543466652686
415.6532606575568
599.587808001927
81.10924733073209
1.5813760622189876
23.88652796902434
0.25326617367571613
73.63247657662201
1217.7628277907638
38.778470809763675
8327.707896649543
23.558203413116896
9.114971153511908
113.6149651741405
1682.8604360923205
57.38098765612608
14.972749434993771
463.3927877071914
2.496586974084374
3047.795723611527
345.4605331071936
0.08350752816582918
8.995761462721383
1194.1150743332496
1.344414067254538
0.9472598194526497
95.45151449230791
8166.146752407379
0.5343237511926213
0.3028183202959389
0.7992957142652062
4924.184039103664
1.2126997481218238
6820.799880883489
7325.430593385812
81.72881524312506
0.7884457176699485
798.5844619619362
24.038016387798912
825.0609816303205
2961.5903465927863
0.9076782857608068
6961.7132774890315
2.7778508793918455
6.35475178391879
35.19753148001191
8.56870129570186
0.266097188382562
62.92161620916096
1583.9269185120108
6.533316562663005
284.9460914858193
76.39403838564121
9.081356358392995
3623.7185409861904
632.6351692135435
4418.802452393702
0.8080374883310503
494.74910607118204
72.44104071976824
1051.419476622517
45.11352157508479
1.0312294070983485
6.267655955100075
0.9686538796556545
41.77899564382287
1.1052358901689219
101.36868822427702
7.443547373750572
0.6544890406660632
8.95432619244184
6581.309617566263
66.18120083388999
22.088459158340477
99.42200411323981
0.5603075878391839
98.53505254610538
2986.9723335699805
6.548378485839815
0.5879428558291039
0.08469732303995792
4920.459069365574
0.6106052655253486
4.257435911959036
76.87776262154588
5.615581707189832
486.9354721365872
55.40272616966659
661.0145712397727
59.04487455271873
3.3901171494721485
5.15779225432016
0.8109130688092184
20.704493065923412
81.45702609423145
27.873052410569578
0.3344428025885655
2.798840805878615
670.3997892327578
31.926679479531796
34.486638298357974
1757.4402844378512
4.4790081775410915
955.5869583654742
9.683585233416986
575.5715857755088
1521.6381684035873
5439.448287361526
0.4012412818347584
0.8376551289991956
0.7132227200551996
8.143627196289916
958.3223482099546
8.214970314551916
40.673013478718175
6.280380863049562
29.038583038711906
36.47498304641865
59.596177697218366
0.7535851861407105
68.80837036574783
0.6587683399902681
4.769341592176561
0.5942084259153818
9649.796161943057
546.7450254980095
194.59219960019757
1.0138935330957521
6.9705027193237825
1295.325842091265
0.9427277042034637
5977.778418275775
0.8483091647033936
48.033669763772465
287.3142138903735
0.5264911260591392
0.6939116131548014
96.7317562686768
0.553412395385481
7648.644242396891
353.1949990702711
63.88587092177549
174.388618816666
0.22603781322514804
743.0197457346843
0.3384093552665589
33.510044594346034
11.594366900653752
22.034685537544252
3.9732350498875135
891.3287920347632
1385.3097804480374
920.9070556429112
4388.254401379883
3187.24133836081
440.22079394180594
72.05070827025708
200.03944105702908
70.48293814884134
62.91116842539943
8.960239975737505
4.143531434546556
912.642005616839
8.35533491823799
2.3870483750785967
0.8305813106292814
864.6221913023222
0.9716502530205617
60.22552344155778
1004.2041265485502
5378.5791481292745
11.041642578033573
4.059045472691619
199.15175768067982
55.235555108880106
0.7806035806724569
384.21429450065745
0.6200215319869327
37.114624739691926
26.38026869393917
8526.586432250504
0.07132624691725031
5.451093404362321
47.83698317288943
5.525877808146427
185.3419290273528
53.414511467730954
0.4803115147845882
8249.070430315347
54.21709661881351
201.7876476372873
85.76657486699266
0.7715088070765849
38.121480160121166
749.0215060263611
0.2618981131952943
2973.973134336855
286.2890994947519
45.785283069990356
0.45381695580240244
0.8671473457660014
7.038073237246108
4523.652321498976
0.6258530885480533
540.7075893004118
145.30702304276832
54.11021698256635
78.44052945370015
667.4573557246896
1.1477107400993058
66.26143936855348
5.0915551483386885
79.96919956479988
415.3969993188376
72.36583373761883
3444.856005627808
8.232705798420945
5810.505609681207
9289.286257031834
9.738036942794926
92.15400518980246
2334.7725763588724
848.7469208592669
55.92560252209494
868.8257474193231
5625.259562865927
8503.361083972499
504.47263497436103
387.0342093026539
4642.711799060706
534.9670262449604
890.0195433209772
250.71740376351582
80.75810601330026
435.20510635023845
63.56755213328125
467.8867236885242
100.56625544603625
490.0269493811186
367.81547470345157
3254.210721391747
0.23596204243034924
2.8567719663105082
6.475456672349082
0.7914086382705264
5.2537226017068415
6989.69082770021
7.962694068580528
13.328286592191652
1.3104214444086115
7.347200878581991
4.566309474267305
8.453597218638894
72.08208808181197
738.319071132351
34.95645510897785
261.9930127482001
4855.187725170213
73.8156277971536
0.04564180686386832
6.960080028875248
17.872111881786722
24.639113995294416
7.336283919137184
43.404058967198566
5000.664770172828
0.94357633945898
7.810614457545219
22.908097919175475
0.1379839471291433
0.1446014890403705
0.5687242479482669
0.8551127688944516
1577.5193749257921
0.459092995722021
7.2865077569771515
811.8762039966571
266.493421942342
8.840914629575593
0.06322193497280715
17.821527622114065
8.318354690385942
11.881850955429519
159.52309164910216
99.94679707153442
0.20155938584976996
0.7715655373534708
53.75270266118728
0.9421642267046334
482.90832616464706
0.939169821192789
0.500534088318737
1066.5617069140665
3269.8460814327414
6.072440481271427
76.18226092570151
7583.993145365878
7540.115694171175
0.9178525411079008
989.7633422654267
3.2731117209673535
79.25704675338494
690.6579274615665
1405.8700871596297
908.8420377620615
56.49919672025459
0.8023830785398749
0.4947116730430985
3.578734669506851
0.44997883284844065
126.92494624177708
1.4627150112913478
10.474506953437213
6790.485657893165
8.811508908891092
39.4211522289862
0.8369478694558103
7502.674529068348
7.830982344457015
4.446622175135662
41.2132848663027
514.9517678986737
0.2830090251436973
3.172642083534444
6768.345656481698
0.7304305517708615
74.89024611539655
6.778996893287443
76.12830053085473
881.527285093495
2.6224568273263027
0.9119298831258186
4741.737602972336
3.2755985699873156
2.4241128559114076
0.32941050721630194
30.629901219954515
3.8752722228550693
9.956901490453951
758.4764240648763
8.461677383783602
9.530143515488925
74.36192169288171
518.1504555532515
372.01774049004035
79.13037203551603
0.2704066094654267
75.42742532081438
733.2460582417609
5863.212390148722
0.8307964372654542
99.30023915013464
4.102471081393201
20.544408650632604
681.2663625183314
3.241219882293449
36.828626331886916
2.4312338294322657
85.22559493315211
0.9622628295356911
261.4921610845365
7839.178552458455
0.8717915546327486
9771.41895409265
0.3156690103190546
85.59008220425157
13.756986356705891
9.378163239528892
1.129828622416773
8.25745460930014
7.561338348274695
4594.012856458474
84.3775925049166
0.8190929644773681
670.1826847029592
8.891046460683738
398.32292911866983
5987.486422633318
2674.3514492668032
0.21543738889532027
66.12303757001462
92.58146578400451
8163.484545363632
918.4920178774713
950.6229065242593
616.9513385623903
9.850773417915955
70.80772222519266
5.041759276776512
927.747272097201
62.155676529022244
11.598197855255465
105.0373176489221
20.10542939606855
356.91706296053263
81.18347457653128
53.196866479903406
0.10477592533612978
2951.44466971335
9969.387231666748
2.9870041695614944
34.53748201805613
714.748014038548
0.7185262223940275
6048.1108382553675
802.3535849226554
5009.487994913461
7819.600162577412
5978.377580021721
29.072306103517942
72.3256545299293
0.7355593182477448
13.911224386487852
0.3601357609846231
8.9351480244773
18.06045976673628
6733.8680477853995
0.9942655884089451
64.33673359110821
56.84151569133233
750.1716432681652
5.193025597901096
2204.7160086532567
48.05987399284497
13.097543361798692
8011.952930448325
55.49849467824648
0.7320062797097496
696.6015655438699
0.10984212393441561
93.53236751489369
73.13147933511549
60.98896392546504
0.4996373451084537
9405.050761244735
4.448098261737721
0.9864165994318327
0.8084816712736064
2.534773911816969
1.7163386884192278
4.28169893930902
47.76487944680823
0.2718913506420907
1346.0616822319216
65.52440871157442
0.04523703688675018
9707.46647402732
258.7467320872372
62.07822948677866
2946.1565615716167
57.396945349021735
0.3785233779022894
6079.311378494633
0.3847342225695638
83.67871250816184
3965.309890568578
95.97946054769511
7.348118224761373
27.049695326887523
3.2667584482656906
7.842741223560054
53.58162823239565
56.55424581792706
549.398855268759
131.3894015137448
0.3596035371742269
263.6054610634209
743.1780667047271
751.9731671174284
8.193353069766392
13.463619522168624
0.4699064615327808
45.52418247258488
3315.142207152676
0.3059776826529391
4822.383503211306
83.98730567615262
887.7792656645969
9.671803719805212
6.211908776206848
63.066857826021995
756.3106557669176
138.16143289879378
0.6963869931909189
4.657365713673165
294.00073030573736
0.039696689577705224
8.005440594004579
501.71258151322917
0.2499821179310574
3016.282175924513
2823.363238498231
747.1239305911679
8.728479699378095
2.7976705265418342
6280.4186940406835
621.0763909782243
30.09135627224073
0.4912318068513444
8975.254401624443
4.905822043025912
0.1455862268513698
9757.097857085762
6487.606633809588
297.4301900047125
83.92387599665855
447.29818657026186
5.664966110308357
0.329750021544186
83.94252605986293
0.7275057805375854
0.30739310288012134
57.952803874385125
12.844987192770185
63.3815278570727
2.5700166188529283
73.66720737520588
9730.34498328673
924.1619141716363
652.2107647648454
94.41863927159547
0.7900535046323219
854.7282612321283
0.26765639975420696
61.57468716657261
0.5446295039092558
9.240916829190384
2071.2383856030738
457.2695672191542
5893.165750479276
6.795277762982339
0.43578440059368195
0.09922112019412554
8.233002301115137
61.39666744222284
88.86786974532329
2855.615763600595
0.3371715928611956
84.27712757002404
661.3722558300286
6037.7967554033485
2837.8683494190136
0.27291551484565746
877.5733062880809
972.1147623741048
99.26111780637163
80.5944264176984
97.55677428000243
0.24606155765734183
7759.06913666253
1.4604446730720189
5.699413145110612
6410.86658683009
5435.5361187580365
8395.674520949777
281.1980397399978
47.91834517396828
0.04953562784802845
5051.919971407713
1.0595303898402664
95.98309662818606
999.3641111493042
587.2631879703016
551.9340518663086
0.5310442145801633
8270.790446618901
49.54739603421662
54.14329082560958
67.07131728589883
11.726181202837193
0.6388457218318033
4.3786667025324
8607.26428300592
138.641873603777
36.68600111843317
5293.406952948657
961.9532478068649
49.95950766843045
2.8071619770592102
603.9418627238374
83.44708783394982
0.7032996891401483
24.8882311946372
3.9940236575748145
6713.891472000777
283.9147768083796
12.979052819881298
1.4206541968299635
853.9532723238261
9.019871893217168
0.2859284868701104
0.714992299966466
2.5459274187384695
4956.1151280327485
0.263168437140169
97.59900827399267
398.21094965056136
395.4631720448791
6.354012208874506
328.0144717111871
909.6673035467543
16.276991959866315
8984.161035611003
0.951393900015548
0.9916189966456549
1.8094440380585597
363.9178771896564
16.999193853901584
6888.3804704102295
92.46122102608201
25.16854983471989
46.82801336919662
3.429320828274557
0.7659777121749589
4.286849727213741
350.4253303234369
30.996386947256628
538.1888690417794
1921.997612147318
48.0191012824861
19.922931073210435
1093.4611939056826
0.17842896452811996
1746.4578218343784
7.165742906233955
85.8081468704789
4942.251666427455
0.08989138591706503
2439.0289361839114
66.7026821814185
19.72934552555178
3029.849169616338
661.4320259681483
0.9968799308181518
66.36181714649581
381.58838305150357
196.89501310170388
0.31243929683684313
0.8725772250983443
0.6264753052411259
3.2132532509263303
72.8591057046852
80.61908590784917
9.985057505551946
174.80249180148144
0.59879299271914
0.31170956380448
517.1135883203299
412.9556212021419
15.712815093522591
2304.9397976080354
1.394323439605597
247.46205024318724
43.088478154823996
819.604513259049
0.6281662066016015
0.8123226685324071
57.31597685544113
5354.169272419108
7.6086049488745235
0.487543532725938
801.5414658796071
76.79758544985003
0.3942362235101948
272.75684972100476
7.277360126197387
3537.0078307634167
63.82962460226671
0.6839662715486243
9.84102812281869
371.6318781128889
1666.3071690988506
3.2305036734186077
0.6723625884436842
687.5358599212062
82.06579796954483
2319.9036728737856
7.285353700892242
0.5675840318425474
2210.6191616730607
0.8999677372717574
461.46446756530503
0.28845311409585395
0.2825167780750911
9948.27720837165
522.8144250918161
251.139455587025
0.4918328628746035
50.29809591734974
95.97210924341039
7.540488674736938
35.87332222236531
0.027378499452006544
4566.678934815059
0.41041240230761744
1.7702274000944629
939.2133318471907
0.7560103910626774
0.646403078587982
11.950598726081296
3.3198843498710673
6937.724836220701
45.298073279526285
312.18856102651426
0.7350000294379025
25.8074591626544
702.2237599409979
6.623050844453734
3.286842667236213
20.246484540787367
94.2554929028894
8.999843087080759
8221.695717927587
71.97788559449474
321.12723170452074
91.55345842596289
38.992180482227276
86.013265859248
260.03102494456476
81.07392305240099
7.325003986487818
1.8627721232591177
0.3656265465333003
10.410386069023513
989.761019338967
0.02590218617478235
6.875283745176317
8.100777566501518
64.13455638324616
8.900220439493008
3.293306840017034
0.6742879032707952
76.40247050745279
5387.726480717634
0.7112804860398511
131.74383715087723
3.24345651876369
0.014476899247232944
2.9317229798051514
98.07266449840122
2419.7677405885274
6911.289582574477
0.6509390753440322
6.861365583748025
987.6250025248149
9690.099674881001
2.4000922099592428
104.24900061991904
0.30293237547589624
6.014172953532611
486.1487777895015
0.8589692698038466
8.097093863280035
683.0771250558247
90.00037881646847
892.6814733791955
724.7875533818733
4.122221799753706
6.610742590104463
743.3339528171956
8.013044554926449
3442.5049351078706
0.599213304636045
3.1810195420590217
827.5432623758427
790.8307147260554
8.63245744895792
9008.812057928624
190.24923972429974
5696.22617563287
0.7406793384296276
0.05621130510418759
1.6259709888804508
6.848387039024062
22.49088612021065
377.39045059479236
0.1487116075060666
36.93140321030355
15.573363420047526
2.44290936370838
0.06761174113668222
2.3950962053690104
6.548191576114193
0.10037155875961323
0.571373147685742
500.8385481962644
1863.0367974637752
5964.379546467849
4.165746721426732
2.263951417293648
0.7202078197806505
17.17562936593976
2.8395537279913197
84.24407890482497
708.9343569854686
8.88405904461913
0.678528184097138
9542.657676541541
0.3677521777299111
6.972263955199831
2767.495387390202
3314.174835152189
0.11266119588142742
0.03371724546569488
85.52454093178869
881.8918654140682
9850.730913064028
1386.3666983816036
80.88192304479772
0.21764798942555463
5565.647100818559
3.240953492282961
382.6695109314182
3.8536100513067884
3.8786300824913766
5.58633250967504
5.919855487920823
17.110667587379368
2.501902612428121
79.68075675410108
308.68842629924507
4.923643893944936
1.2521998465199047
9360.872645773443
8.507353344046509
519.7259803462345
511.3095548571215
39.3803922018257
18.059798827060657
0.2721123916432844
4.868918295179903
879.3173740978351
4926.951788121069
912.3165231255348
129.09678276006497
0.3336616287460413
0.16742274792569412
6.751214266920529
2722.0731333019744
9.151512637039666
7409.054067798523
271.31458192633573
8.192465193082889
678.0217714391398
7266.939348841633
6.491185101786056
9.248544903781942
0.7437973899611682
63.142047562007306
0.6150765625536303
0.3432473916437587
7297.388220694938
28.50636450491756
0.7108265400303454
0.8735032150771939
4008.0516670479437
4.100692735072355
8.254230237786839
0.0278364628320793
722.0674834397262
0.595043040455166
93.10434134571159
0.5969634820870996
3989.047551519689
2919.7365374537108
0.6637104720473262
3978.6524512959522
30.5074763066151
1.5270721768165296
525.9977964225476
0.16411129143234715
40.278647706997305
0.26274318043986566
3.88946146549074
583.6517875141731
9.493145957025096
9.995538829821136
919.8739037741561
58.035928168248816
1339.274623524065
0.9001153238688575
8.970352999283682
3.9265789173381926
165.9566030738444
5.666417128078384
6599.356955547414
112.12527036762754
8.30102360683848
4.663653201213894
216.61128958524478
7076.807960459336
7.886348264339138
97.31861255232802
3908.845013819768
533.6943247792814
4.003381276570145
0.9709986286327136
12.828667989238351
0.8462242116892155
725.3551263420171
9562.422334108314
0.22006257472096613
90.67046567607554
8520.853884878876
0.09837327844822596
2747.3852585133386
7.002185716215703
64.4613381646296
0.7382340196011659
151.26800528032726
0.5963831586066205
2570.003757015021
1.191364828365098
4.049239023805555
0.2571716682589298
61.33054248651379
1.2036205844038972
876.8501450976862
0.851611955898282
453.6592289033516
78.30474739389433
0.17814280372546953
9488.52955241403
0.9831761425045229
614.2823757223193
969.2586776173879
0.8958989717576804
356.5921220755341
6558.335347512987
4269.270727901693
106.89585643300626
0.5389196271065549
6.152187502085584
47.1790945326584
4650.560816199764
0.16117546027799357
5.440427310874421
79.44697967424338
0.9154333157879985
9.560199908939254
5.830665034328608
7131.23695007948
824.1045354678157
123.11935101781246
36.09130776767232
40.83288784684935
9.956391890000559
0.019933748416407382
9.03518056757182
44.02942063401283
6.952748662256475
0.6275587447089159
0.9411942344127748
0.8490827486104958
0.299677882498924
17.96011881206977
9084.892047395793
528.1224088851836
8905.542179954335
879.0318304859907
94.14345073234706
2.2835034416932465
0.4170007626766248
5.504625998280001
4697.599081676392
0.6614451997405958
0.23483742630193516
0.7813289037738368
1.6945526124968913
0.03521719892832864
9370.702653628181
2419.31640016662
68.9739214602615
1.6283116611403692
2.4340896991196037
974.2939707984057
15.592446879623612
0.7916067153329253
1793.62342878015
0.28349239790855707
443.97129214717614
75.34093325314906
7207.844563200715
8577.025160213423
4.896413721216709
7.847277194349855
7.428555372107038
94.60618419859
1.7172827329261353
90.48115516615177
681.6932791524131
8346.83163643806
0.857826517717046
0.044081565973378534
0.4588395854718783
97.16231670636056
1308.1111308201287
90.19028151918823
538.900532890324
0.9133337101273642
113.4716235352925
523.1927337077219
0.04477094857861352
929.7965802045037
0.3410365060550168
0.9805412032204442
0.22422935283163925
0.0046110194979872565
1607.8337267904885
55.04145006237354
80.69281465379497
0.0735483362458973
82.1601636675572
0.6841751378447257
0.5907849396529541
5.813019270248394
21.413683494284662
0.0732005446392403
7.950655863156683
97.8561319230133
485.7409405487414
8940.680820482343
0.7688522082484271
503.2829157821773
1588.6899121141519
460.52063893362435
463.8119831017302
731.5014476795063
814.8879342683775
2.7719313792541223
8.674404078630284
460.8628097570532
0.560470091658621
0.16402662945309932
786.6085104630869
0.386625619623822
220.48457887342843
0.5698684740386131
5.141167916880953
4698.926039831424
308.2970573904552
0.2255376825919725
52.99090050356365
4.929752013430566
26.500333665802998
9749.15014072427
0.6340664239156195
5.8875593160597886
9.905341631832554
2.5850469208513283
366.19180403160954
620.1279326949925
2.5616504144673202
3.956611454807307
0.9088880921171434
0.44587171270188797
0.7997960974393471
82.67405017308744
95.00170808077135
0.7996112723620541
2602.3128926289974
7969.924555772534
0.855135633615346
8601.736299320915
438.33049254113797
0.9760713390241472
8088.314844950019
28.444735287389488
3896.8026266402844
1.5694905817335836
243.85775203383386
8573.782004897972
2.3914125521021647
1.8742693636565722
0.8503302729977811
0.9703627315630475
19.519488093007187
91.13391891774536
0.800916980778964
527.2439344352375
8.97607446801647
74.27358006676624
4746.617101147838
396.2372631351775
9.937952440036982
704.5808420387027
3094.909305761432
9.216557259752223
0.7721086094675922
545.2656731140237
0.6404044005065834
3692.977903154507
15.025233660976856
7090.570943361253
4.910426798227662
5765.597930935068
4124.12456284864
869.3326076035547
0.5736083773676348
0.2519820520162265
0.9092753558391983
17.500204654713848
3018.729339354105
7054.597757453702
0.7816828164647056
835.586821643904
34.84445684953754
0.7790119436856757
12.911920413938427
67.27776762218896
0.09908125791274336
0.46296786885190544
602.3279695576116
0.12903263018949052
4.299870775278716
6.972147608265161
97.66869608861609
5715.027674151378
762.2525440913271
0.5488833720635502
334.684510483102
0.020690835004659736
589.0832969881159
0.5675076435496468
88.63187671916506
30.238705329290628
82.93302424419295
0.020701200929203023
0.49194000168650176
0.270847788548213
3429.5428711796585
2.9507496818212653
9837.304762038877
0.9598954175085116
50.75537506572382
1.4761627279213707
22.511702527520306
57.04185647217601
2870.453942012914
38.8423268725729
134.3735820096138
2788.8280337057936
21.535040957709683
33.4512656456614
4.675456875629226
4.517054782620806
8.880748181828055
59.85312757277919
0.6680501453620781
5.45605733584564
79.53083708323275
72.55563662602992
6.805779531252629
71.446254576618
290.163958370256
36.221305199534626
293.1412000155823
8502.38883984281
0.9132957277712058
56.79944616926647
37.95599795624466
0.7873316716575727
0.4999006005024329
132.08930740124748
1.977137686778797
0.37267992577943854
0.6225478845326929
112.3839989395069
0.21722269335345656
0.10464342702276452
366.5299025979318
0.4162918706609674
0.253339821540407
9840.75720792171
2.6742030746677905
65.0707767689232
0.6390432323869177
678.4734231876029
9.321771544560601
315.3347979324339
0.43256601753312074
8.122870616242778
739.6083518321794
26.14473631104741
1.4848281840135436
0.3390706987549629
6.137250162986822
0.3022500731941491
80.886131668531
0.8468102433433341
1.78432560606824
7430.955625608315
28.52470397820005
0.55362639016861
1.6437539522964073
0.9700864088849819
1340.3945028485641
9.456988111830444
98.97196532921856
86.88989817774134
8.399085075999766
0.08395225691767905
723.3559239653197
8.424240222328141
7.7503397359216075
913.7093888294099
4.438439212844646
1.8016077783718931
79.01253302564793
8.801380065039721
4.358438249880905
554.3999970851032
9.144215779499042
9736.795454678748
7383.755313193522
0.39814729311858466
443.4671133612732
230.075274022289
57.76232301449128
6.030085202965631
0.6524293612535572
7413.241524093967
6230.06784532409
1.289198328699449
3.139793019845285
6.302455090390139
0.934646714629328
56.40966397793776
840.3926756361376
0.6669286984521469
7090.9645976888205
7593.415482318383
95.13578785397358
9888.058311686193
2946.0864185441005
89.604781397823
9.365883292570775
1.0941186663773839
2704.1134244547416
66.20238323536655
0.9383178530727521
12.205907363313628
918.1090384364991
0.9622025749636146
99.14783293310259
0.3880439888655376
0.3451569654865111
26.286590603902905
1638.9693252333593
0.2842093799751635
3881.550130298137
3.9093213848346933
0.402118456917091
29.403490526417787
3950.047591869673
96.97970339501335
0.39238201729889366
410.7388429663044
0.25502131593293753
8627.35922711706
3.137316549283108
64.83903609006305
973.2142381602877
0.2838065583755178
8.880977549773615
203.2673104806777
0.499484692468658
4.618625389604176
9610.20911120909
27.42865822337226
3427.534118687319
8798.647537777673
517.7558583064912
0.4158195757415515
617.2794856413101
0.51536604468088
0.5517056029628803
0.2858341176321548
1112.7461096330726
58.56830708952043
0.8254273575331627
3502.5964479950844
1.6255147219405197
372.4161870300671
944.394720076655
0.45869820625460744
964.7480378023234
4995.33804494882
437.5478463097158
94.37018253977914
0.7167371964069389
138.8331732459581
88.25325788672306
6.606854398920791
559.9725262583078
0.9768160535524896
1298.6355535839512
750.683266480313
9.75239493754749
44.00158925908063
0.48388546983809455
8.025736853290976
51.154104344413476
9631.438569609889
581.4315806925838
0.5056365940610195
651.0505133886351
44.58071718750449
9.805696778728032
6.150562380811388
7308.14684170333
3.9385943364832086
9.278303443003436
0.8209508988472618
0.9942072877578445
4.209149347700504
6844.235830264211
6379.099330099456
3466.621265676432
0.7752103397387688
169.27680288259052
0.6891412802310689
733.5217223148683
0.8035992433403818
0.16597334506439632
50.92558345761077
0.9082057088047483
3707.8448307075396
8.813415715321664
522.716947976275
0.8687277020160635
580.2165867959982
0.25680663153285876
87.56588066235112
0.29703257824324214
9.61478036907344
2116.331873395725
9.777780681635111
1.811955660401574
59.51253104918135
117.56305647044252
1486.552257121705
3200.6546426978566
0.6435771647550035
15.37473518713628
36.33515301659524
9930.276224274787
9.55286977405623
56.67673693919711
457.09108538324415
9595.953156158414
0.9392741952028784
0.7140429016860617
0.09341835604144999
68.3549985652227
1.2327923709228505
90.53491252955159
925.3039494968083
62.26303587185096
19.24809269285551
3465.295625827043
2.356963423981706
0.46569590433956476
0.6510168741994189
238.58372327754674
395.86936999157894
0.7044116794580662
3341.647365165946
8880.508959567385
5278.005955919485
85.17394080657212
673.4579099443995
0.7005734597991728
0.3690971222713946
11.082161251041157
8665.544321746622
6681.386542087807
486.0990432131476
0.8533209461509641
5.712872814989046
0.43057362299231317
674.1370343917497
0.9426475661771415
714.6250860210905
887.4701666614815
1305.8778623127087
333.53796875433017
175.98647351759777
295.99840335984584
792.9641931246733
9.167700508501504
31.985156110202063
7.795826368932821
3892.6228310976353
32.951844847173376
70.32341696550127
7.2786380584445425
121.51754758534905
16.086499918462426
7141.22421692024
358.44909068393827
7.532617465118111
6122.894052031438
0.023993776527514332
987.9435263415901
903.2436221948352
743.808881301015
0.18778792104773667
0.8916130252993443
86.79288896430185
0.041109271698183125
16.139695382529517
1385.6549163684606
53.34571258205496
6.509230766666716
22.95002945443645
4861.517018415467
0.36198004135901674
830.5608167176739
9243.37432054092
1.1484932250584057
593.5138367384199
3755.927045791698
0.4621625479421083
8.131834953492021
38.29543472028247
8278.214116339668
7066.77044406118
72.4334892323295
490.0510691208706
0.9003772757148981
1360.131104075445
1353.798803609031
4.031574042469326
0.5106423392624332
2690.4920234439546
292.3531691612827
753.0084936598414
0.9239271701362332
5924.8795754857265
3.111532109820858
469.2955663238214
1.2235794220958052
880.0129067172128
609.3227529574937
489.6369725299552
5624.297927307283
7712.89405579619
5192.585043264629
441.1091009986834
6803.243145854055
941.0781270590518
0.8880239554968453
3996.5683823690456
55.27077997333847
0.5902062972993407
4162.726821288593
7136.064463456468
0.6955756177251794
27.241202348169903
0.9738501602669648
0.8220765156668011
0.24307350351933987
0.014163467865387913
0.5127038545606319
517.2341950142622
0.07040220030910505
0.5250326087462104
117.37141154289333
29.882771724718836
26.659188285999225
731.8746394036317
0.34710240771105116
59.62807113210407
362.13487052348216
5.494743313516088
2363.7910357135706
7018.922539973383
0.8993313063878702
1.3257298513287719
0.38415881628911697
10.224171465879373
8028.9065506940415
0.9723388900281434
14.85005286132699
17.278529947472375
8.327785795221086
8.58263482239677
63.55250434209362
0.13052495140358178
301.77230115250353
3147.8594191061547
7.881178109765644
0.8345877529778134
61.62496201244424
29.064762394855983
5383.915335219869
0.5376390489555235
0.9316243320582425
35.695602959284855
9724.187734708756
63.34305657475463
3.239913320697746
4.14377672525033
9.312377572766412
6.259117637396323
8.878195889811556
74.52960193248506
3.9371877869137717
28.691538300739094
797.6668579827053
85.79449243312082
265.0238263534378
0.3276729292024393
4.107175430926605
890.6373432196322
97.32835483567442
756.1583113207913
1377.5482682344086
25.860943974958552
403.31090837052
83.34579787352871
318.2135843566156
67.99882681927133
5.566339255561159
9976.903984009243
1.1534045455159148
109.8232317463791
9.637648719423042
878.6145794754656
8694.089465492403
44.26097858282757
7.5175905511883245
1.4494941262317096
459.84862363812175
8621.633641694825
534.7417346534982
92.69166402135401
0.07254958021616842
0.312080734064174
4624.070017599465
618.1850924405333
5.2719335141229156
3107.7517133891683
248.85579988567065
996.9177626578431
5371.787229581597
6386.372766129518
2827.397122495635
9378.874122196652
2.4297352904402603
697.5061886351972
0.7630455402174146
7083.907843046158
672.8790523935522
811.0267694418147
5.995425781272851
62.76825725863658
0.3258911973780543
639.7244362586165
9.628356753539382
43.91160580683684
5376.01731743725
9607.575478792785
391.72251664744374
883.0211256557453
12.06286021055173
6.8624141099403335
885.5635743596999
9.702187162496585
57.03318436072673
59.87657202471487
0.8435685229703865
902.188977084597
7.544677793444596
7303.951646765975
628.4335489461051
4087.00006098217
0.9151638417219708
9.893836766814406
0.036043264092877725
810.5457351519811
9.456616748186745
71.17187599765771
8.984475325316355
606.5658370391975
5462.66554232821
637.7367933039585
186.3469179907573
629.453202076939
0.0069929827233354835
88.9949642722488
8932.869253954876
7.264613582817031
933.0352753158613
80.41165496876216
158.9035324005984
3447.7686924369523
41.307584136398305
318.80389320768967
989.7282187543963
40.80991075567173
7505.875485933004
0.15266844487784192
659.0614876712209
0.045550355857043034
2960.6998303063524
0.7341626562266252
0.9626642687351237
0.0636196711590612
9706.23294279641
95.97967446045715
20.498863245790076
24.636538500316963
965.6100263098903
4.123337745152674
7642.359036797255
34.686824826053254
50.86783137538855
0.9454014196214361
1819.8891977040964
443.72946981185436
0.19134400026555365
2.881773543196038
2714.0262370333467
734.7553594595279
83.76089892490019
224.13084393639105
578.0032500751742
0.6213664483243009
9.015143248375045
5.711932047195464
5.073683339835229
6205.360017601512
886.9445286758636
20.78813367341813
8.779356556787397
0.9540863236675222
0.05191739181126831
26.926493615665372
1936.3045621567621
2117.097669392959
164.5086107320326
0.25157304093511434
5250.450473828042
3319.8637697999243
63.46350595857139
235.4755452373104
696.3940110842359
766.3724213342426
0.2743463098794383
690.5572880330802
62.51976835241418
307.59284800308717
0.7573358423992612
325.16176697855605
6160.158834033913
2.5492878957100173
14.145435542218255
0.15025921158384525
206.8891953373684
1.445252275070662
399.55430119862336
1578.0556754016307
617.0699668963441
567.7367279410369
164.83717373418315
22.97243930091305
93.38496723736166
95.86930214249773
13.665321229103755
9837.697594369627
66.48147738270657
359.00743910119394
0.29064023944259565
138.55529053924798
7661.405081187809
466.55933676142104
0.20130268279172925
27.50205325864866
6.6245062706686255
0.4704128962792432
0.6948198597520829
5936.965920388938
599.184746713809
343.21184709582707
0.34525294719860444
90.28014078204096
654.9269414726307
3495.867933778233
0.5852476541033211
0.790730404996927
14.112640555636101
9162.689266793019
1.2782493600479006
889.9934778206648
7.329104317243699
2253.7595717714444
1.6687631949561876
0.9238547295020904
2.147017372197406
93.29078997908647
81.03438411793668
83.91587572539672
709.6874515603855
1284.1479332028837
99.11575268274736
63.71795972833332
3065.522241774532
50.753642496485504
6766.273643822597
0.11000305783550257
8950.361003494112
28.376374931395233
9329.326314886297
268.7937234462956
2837.7050958488935
1392.7864095164898
3.286760449914272
1641.1831489734395
0.4730109006286798
0.8979769089663029
76.21094901433945
0.7445881748132054
737.1528539861046
74.28554015326125
7512.232314987312
0.8902854741973222
253.89929880473616
9.672827066322473
0.48452927680000546
3.461872279910957
75.02166526118951
0.04690756361659243
5.144961971180645
5810.329034830875
8497.425400748965
611.6721342701692
4196.47224673255
520.6690859118579
3.706947212984244
234.08993757331487
2.296396610462156
4.770792210870592
884.8412777415272
0.7984737869151416
3.377168632533457
0.5975142597046513
1432.9472887608208
5.7834776718399095
417.3344042668503
503.7799966292906
438.73151671279743
5.035745581389462
1.170049856765415
71.50304238585392
316.79108301418046
7447.521500513214
4.699639986762008
0.5226853390139445
0.8257067408133804
90.68124068536498
825.1914625790847
7.168945231533865
0.29029609982431215
0.4583281271100168
5050.62946190034
3448.363624024623
101.70658158626011
5.512520035695471
0.5075601614542364
39.97416463108428
6006.756106481367
0.7869831078665878
2211.826885391859
64.00955194875246
655.7469528173428
33.43392471269813
0.5176953067049006
1837.9663179678896
9.040747726004362
48.32585539282902
62.799879173157535
5.741192135337552
0.8422488620408208
73.75912004355123
1919.7006086243507
257.80202801293785
27.98429583223978
5.296281341102599
98.96702999521347
0.9472382135649803
16.331865538913238
493.6228101134423
9983.645841484602
6764.687969600894
0.8104126338790163
5.088611677558519
0.9333509487725604
73.29277550125904
323.353795369994
57.14922131029858
48.25455235056728
4900.249306471162
6.317020092578431
0.6999921380906566
649.3422975423771
0.4803564777073943
743.8387823964273
7.877117527922026
23.642528866935407
39.42566075655043
71.63081204568154
3.6043444657864567
94.86827343927811
0.38393202403496085
15.950479285775998
5581.717238744232
6.3347193138844275
72.56450038574536
2293.5402572165376
153.44868856030024
0.5810418546378193
103.675815473108
2387.427354268292
0.6396138716808627
6514.207555913818
26.609910189878192
8.761386110300066
90.481696859235
3892.2835619438865
507.23781471716956
61.20348889099325
81.22196406658381
9.017785546168362
0.8057319041927302
0.6530667724664254
712.440446397167
3413.300191027476
27.0071405773632
0.1902907510446451
90.91122217191221
0.5940483451118463
797.6411602121807
0.13003896631831846
12.718766692930373
0.6346768252041041
4.081081135373398
7165.338286693213
4333.24843987585
6.783433398680485
2739.684620149643
0.6114609419789375
11.801355300962957
70.26556704869382
106.82484031623385
121.39140724345631
725.2057634737267
410.9993625255981
4.326250551286559
199.90582044965578
2841.8615327622374
7202.15167478254
4.917154858759921
5.828151327529611
0.7066609407679078
113.72388137044543
4097.627638485969
79.14152817236945
8086.171510665033
3445.348056714468
129.1108667198867
139.31483873779126
11.067892750073227
0.16959839846361524
5160.343039841449
7.815816176479284
7943.962981882277
1867.4720135098678
3108.8770397628027
135.00518023216546
41.509602197213404
0.6585887952495559
65.91457632008625
396.0313374951283
595.7526693771853
61.893299033649086
6.4160504394346844
24.059107705283367
7.837079609761462
3581.834850301504
27.523504264331656
68.28308179958515
243.66292772995712
0.5611662913578215
2.815017953261573
0.14243957279575825
0.6810882755160681
559.4457883210716
3.1254443909222562
0.9684357907076151
0.09515712317118041
3.046829809941359
159.84382896692185
13.021070832294068
4.919901509341333
842.2103502302258
4.260896334600312
2093.225327359659
43.18646475823493
2624.79605849547
580.8683810735182
429.97854120791646
18.629831900524497
626.0579553403911
0.5023611743387909
54.78165666382889
757.4715595075301
6840.258880078977
4885.355800824772
9371.22971374983
57.44231388081433
5222.918487111901
38.19561801531505
3.9632374862958972
897.9468942996941
6808.375504092584
90.74781055829743
7400.651289793531
3723.4492805725263
0.9251408010430537
5.146652755743252
2000.0081125280888
468.5065381517217
23.754308360682664
0.7965759273261007
9.037591568522396
93.67105467202033
77.8079608730273
415.27686223141893
0.7575771829855296
0.5009767700161545
88.47892803104664
2.9592321252864595
0.7388917429932982
0.9866723827559247
4.878422805271949
0.9725480345931776
6490.344385907505
0.3925661233829105
5.764934889337912
0.41499248339597117
591.2759753196788
0.6492151192895445
6.60660041858899
127.2940532605349
7.557067581743066
2689.636592800606
34.133142378935574
783.6527843082906
9.74214647336284
3817.15026761824
0.587846408021174
3261.7891051399815
0.4774338265545103
5.331022757366245
286.77130792911277
37.340180329002415
0.013529165344093874
5.7187372524403015
6816.580072424083
903.52547210657
0.9063722656848255
0.5039022621966981
0.5309037560244999
0.14742305667105038
6488.997380925351
4.563220907099494
4.804203530328021
92.96295664713976
9.731438864755358
6389.8947580869735
2.250368231088805
22.181377431172876
6280.637321011822
64.05003667436246
56.55947332219659
0.6175567357591283
4746.052414360212
3631.4442445427276
0.8571244847848891
0.15990239968562592
3316.1013210761234
9119.021068795613
5801.889494640797
89.86065939786387
2194.320746106473
5.951433052028677
7.146384004501307
1792.1257695312743
0.8630908862397526
6182.360757151745
0.7885538983540827
4.442022294111478
37.77088589542939
684.4640195693004
20.69924640065083
0.6842789746072528
87.70041704603108
4031.0604056300926
6.748765381391558
8950.004466998847
7.191262566328978
5.477535341686651
0.5042298796358045
2.5954567424512387
7162.6637485918445
34.313677489135166
307.86345582227506
0.9934377328767904
827.0209611404404
86.80835858065137
521.6171755090485
1.3727800026633319
593.03821653337
349.2100402109296
9.343215207129163
0.6928723749144334
1371.307196822852
775.1871652740869
3089.9647385068997
5226.32352389831
16.9813315709751
0.6377746080118457
0.2660473168017634
4.824530830705447
996.7146175086655
4025.730302440025
281.3415525739874
36.0214864480076
544.7178954612729
358.64924901181206
0.887320318637255
2.2455805940411135
983.2239049111702
503.2790098413823
0.5206930425121473
4318.479031819469
8.692347965054044
640.9689366848191
7.78090298446995
0.7311311503213931
0.0952550683147313
98.17216445166524
0.6498479085558538
69.29380321689055
32.16436763638823
0.061593221348390736
77.32512200446486
2123.6025515227784
868.8518532392783
1383.561306229748
390.0277467190243
1866.7077445409775
3684.0571090780736
3263.3566986827645
0.6253301531588373
30.77383060133114
0.579405441263005
309.2467991075266
1908.4795976958524
0.8224287729359606
0.0072252363908986705
6398.23526807165
7274.966056990549
5.239328835650902
9.267080795132527
1036.7706383737307
830.6735690389247
5993.114876875147
8915.381128392339
141.94810451513595
6.192463174673602
63.50175225709065
5306.187985354075
0.35365655193221035
0.5343507871329384
887.115505089556
41.8075178748772
8.806549212424738
38.98604789649421
34.97109674353502
868.0178335978839
842.2879981121024
0.4328816387225367
8.28607838493508
503.2216058264345
96.83484190926012
6855.305441266671
8393.23601615254
47.32186409776605
2.9526116162523097
7911.772539911735
5103.321707607972
23.05476358652826
839.6212786201907
0.9991459354215696
42.50205588561491
3718.181060564828
0.9214478008844657
1.3853626536196129
29.217794114319172
60.061487918485824
92.40236667861834
0.24430770330474827
223.02316282417178
0.714269152246244
634.6999731568687
7.99872139621589
6693.602111135133
0.3773862439907383
834.3347412783658
6973.548081618238
3516.051682079311
40.02959669221817
9171.261038539957
46.573116754371604
655.9885424644064
0.780112505230436
375.7498852407281
3242.2847695460664
0.09422027017736068
891.5252980939015
107.67076780317674
356.57878902551863
0.5652717921879296
5096.19022758519
329.62323483817715
3.6521807516950777
0.9148381951290645
57.23286369043284
0.2398462631572893
0.016325818693440852
36.6531811005551
734.7241518873477
0.08674037986762584
84.3249362715756
0.09789897327998587
0.09805310576172954
4273.433976025771
728.5866922811159
57.3317218691114
0.6466959495438382
4.142411438199885
4539.643406439561
4633.121103409481
472.28993948229413
993.3180306290662
5.648918051001139
2120.8104134882856
0.4657773339612259
9.855308864576322
7.4017368204511875
3529.6618743504782
2616.1194456925764
153.6023705510282
0.012519563098265851
6138.281484047663
95.1531524202039
3.8960055909326794
0.04717342642226219
8.189377868820353
0.811628335979437
0.7713083710030946
80.57386557311953
523.5395543551194
11.495374198677721
596.8891080679516
1.295769827428589
9.633244809878317
6027.691900158749
5729.78301765111
2140.8738541677985
92.62108406492128
0.6775555978682458
6052.494158926715
3561.590408225519
0.166302943056441
7129.6847234637
0.9575950739879465
6550.427943337771
36.34890267751128
5796.3570892601265
3.886588852437196
53.34641850020707
3.344559720986504
510.9598016583705
0.7690252554822815
2699.104623971179
944.3824189602627
9934.968387367504
472.43957562004067
87.26756748702273
3536.1312109136456
33.96707525159858
2953.997871742253
5836.509884494923
6.61179578496453
290.05680204886255
28.68495436002054
599.1023623873186
8.684316253421883
295.7249461249007
70.49790321707022
6460.665767736153
16.957528591082493
0.7897271634403666
145.35208292434788
0.23837957370623986
3559.5563032797218
123.82071659140182
423.2115256743849
84.65156633458412
73.36842825437643
5004.47117583317
0.19189596375259443
0.7866485364997154
80.80091644038862
713.1459749438762
4.416709854140674
0.638983191182194
0.12037096639790179
5438.776966964492
0.6198615374019408
17.93643059479758
868.9572698053076
0.4455419419285821
897.0025189910596
0.3549784558875191
937.1669160771353
0.34916333825329793
8119.022333228076
596.4497118214786
3273.708513412329
1.4734034957381048
8047.507138119052
55.591397520660024
117.85465888436252
992.4456414126848
0.5288813665821409
7989.302938730809
7252.8485253218
1003.3314173452678
1.8717312280261211
7726.556904089558
966.7605647129409
5.26538367070668
0.42561482234828973
752.6770339213815
78.27796125621298
4446.652502703167
0.9826610414949533
9321.200969402607
6294.001758162043
5.923490504119901
0.527363509300667
210.2909917028135
40.119760870584166
91.89370324692689
4.779151812654864
58.415889441069105
332.4470989117914
4.6501820222784644
473.3565427326716
0.5688851943098331
9.132340884833871
63.863468572433
18.171415204615293
83.78657221948642
6.795479509671978
9031.794668716591
2.6150892652851967
55.56906683482411
7.604052256466687
7.686200048417417
1440.0469812104577
82.77799300000687
6.754724276429539
0.9193906562978257
71.64600198640703
0.570458950764843
881.194694753672
6605.158982097429
2965.3661672437893
92.95797842869075
1042.5349013614239
6014.336550596136
45.13128668881914
5.311504092090025
71.09382961892096
5095.516075422079
14.180513554940632
0.5072862705627255
26.507079338959414
0.5312283368165978
61.605724167196115
6942.392266610157
0.41020407657113733
761.4377235026263
4.439515295412656
96.85239280469546
23.882056829339348
9826.45761941755
9821.85788431508
0.16783832070600224
0.6325467712557066
0.5310616943967222
832.7359753808107
4.769284646723943
8.51416032975933
602.8616931217701
0.2818000005343928
4777.943567368838
0.3746587113617268
4.397146232410634
403.0166342747195
0.9208947326834757
857.9663179637519
0.4348175817795601
941.5620915431912
2.4134535232179877
667.4234722190289
22.66518704439112
17.737305787930314
17.81358141516014
0.2463405082799015
54.69751600764475
3.0229077121098613
7859.668696983506
1626.919766228634
2.213245789074374
2.8999876116889545
9760.557411518099
6.350893823304119
0.5800451590208174
91.40992695892307
721.3984875156503
1621.3075121099519
82.76526651625493
5.293931900450555
75.71307103487115
8.501936787238407
7120.813263607232
18.091434827773867
378.50084253596236
12.741822934813584
0.2720241134090009
70.28401626349576
0.3847692125460851
9.277474339069412
9196.944289887913
8423.406451870413
107.18723441550671
8593.995199967474
5.700304854663127
0.788906868446087
4712.834159147134
9058.82055468993
1355.81509555482
0.6260141164163556
151.43075805564743
687.5007257199528
0.22614404183309045
7671.844662865112
69.28798717692064
4.9724382861902505
0.9427576580803656
0.2600648883490203
38.58483420273975
535.1121746739029
428.1965298661242
13.4417832496619
4.479800938931962
835.5558488085069
966.8768915826731
0.5200779642362163
7460.36478921134
4.726295181600417
3.246886908245469
7.2532849513147255
322.35657519563796
0.09462868229443
9324.611363737422
9308.323500927989
354.4644387138598
5.191789626554043
31.724155256621188
764.200861502483
9056.670658864059
0.05614624749671937
810.5036834107681
336.3870724942878
4445.548562804391
19.036758076858373
272.6863400762175
181.27202117153985
339.8273875220108
2.3540649762329826
539.3939642688374
482.61167431628905
96.30774134887767
3014.791877761942
5.592594434962436
998.3161365605624
8728.10824271187
8245.411247694907
3797.3893230963827
97.59163552398124
34.49922321177471
6.589126238519433
0.19294492151547882
46.38967672444565
0.2731039510547555
0.5932970213724479
780.3815839669148
0.7778514788902391
9057.973953838693
7560.903046075578
38.76003884780804
237.5599619558243
285.3305692306484
8380.524035558088
0.7848055347486763
94.94460385337909
4.659249711525195
31.894379848596564
45.18307747567133
9.607374568637626
235.64706789390831
8.694820939983561
811.9575422254577
240.6843573893348
7230.870135157351
0.9311995525733142
0.6415307321915997
8.814051130795796
3.68621200345581
76.4376017611321
5651.590690808035
72.11330577001806
0.8154088251631054
0.39259046223725624
2.341139693738379
0.7123645994566825
7329.826853007126
0.1283654352321152
273.506121887609
0.1628761741477207
3767.34980735307
43.09626863442385
9602.898963872973
0.9718928723632834
9139.411693891598
0.20270868147451604
65.58888298710393
728.8286972070402
6383.705423545453
0.6350167687476834
33.066256363189716
52.280663639223135
20.898647843606312
42.79895479912364
406.9305261367883
0.046027975893079276
7315.957614769478
4.978366679318894
0.0946814857916104
6987.514368094912
1952.9918813899094
0.2650764747899995
2.679598564107736
0.6599652975609298
322.8948313582583
6.3539009343759245
712.6299886611448
0.1709900480212403
707.5599839121658
0.5084427686639836
623.1454019346802
8704.487956594485
774.303774920646
6871.57259005222
0.1900465809654167
3.4059521391236682
8.022395547177041
968.3183651245411
967.6266951193585
0.9206856986572916
1.1326138397470575
2985.362954474959
14.543260822015935
890.2178878200629
7050.957248589201
0.3744967718927291
6758.501837396081
0.722882765074314
3.644435124320177
7.464917190209201
8473.863955248531
99.79473388712228
0.43507496107616084
0.7107326243113641
56.1908662151378
32.881379952560216
3006.288639192843
0.20443135514437794
23.911332939892603
7.680846803136479
0.6721870014187004
58.98466542738594
0.7658358562910722
2.937597957062356
0.6398920778575361
0.9468796246428112
645.3417766923053
0.7764026360739906
71.66772584533688
7.909578565791886
39.67862578791812
28.103419754346337
308.69356541638524
2782.018319001087
2852.3450001962124
0.8818456621622893
0.2012672097545195
302.82449647712286
82.27220312235033
20.912600670467498
30.688298619129473
0.6059645245996297
12.424859328096026
0.5665543796617901
1561.6413096557314
7142.97693873733
48.898123008832314
7.193871365587667
217.68381178420725
64.19019222621326
0.19606282669380026
82.38934610636578
8663.879185820027
9787.588076802784
4.885226962965692
74.22839875734236
793.5550776837767
6428.6565676003775
148.27609261932662
4.26455575785623
0.7324151106236545
2937.9868360436644
76.28065923630353
5.867129378170004
25.73284531548403
9766.095373009899
16.758357002527614
0.9292287108511551
64.67804088626913
49.5848910450729
5476.155177993796
2326.6155329425974
790.105543096783
1.0474949654257493
0.8978850020145898
2.7844252267596237
2574.517806217276
0.9483408831321878
509.6565469641768
0.11219501954533795
3420.477908454752
15.051239436971365
6762.9086034159045
0.8977240958125201
5.325455007877222
126.10359490142031
57.28939251126427
123.75556697968837
5585.340122770143
5802.954184785089
4848.416105566902
955.5602533055965
4509.290082917528
4.854314124988668
0.19055724725634104
0.5471281920110369
699.4438008200283
5.283257878623103
0.5569088679977617
91.21195966380681
6.858714504188789
0.393389253452616
42.40633939901127
2034.9444735976151
650.0349510802292
0.31030349765163245
5647.683788680317
9247.904323667566
1881.2740896380408
0.4232443216036076
574.5378081193594
42.662129905906184
9.794408268486626
59.49332287728814
93.14239113097643
4862.57324596227
59.579001587464965
1576.6851159415985
0.6366223744716206
797.1427007543324
260.3145581791385
0.07365663146367718
7.606124903560909
8474.995257543746
46.21881161896182
1035.2309816312488
7.158732133933158
136.70055901822465
4458.297911433893
675.1116131568315
719.7910907515856
2.728929399014649
383.06300581393504
0.980958083784155
823.9292914679401
0.4305590486191342
43.497788473976975
22.609506587438432
0.17574094393831818
78.04851582821549
17.32035092116306
596.2694847785765
392.01543197375145
98.87458814797354
92.7200566388139
2106.691225918178
7079.387907090953
846.9810256796187
96.76796866911523
907.0267090703184
584.0611386016994
80.47757106396334
0.4514190369418315
4.800867277859133
5475.899879245408
0.07719371625175708
8819.90187017916
0.6429536653349033
3964.2264273442197
44.08183717028017
302.82772475201426
8832.569328563744
4.650843564615494
0.50882098935334
74.240608670207
1.5903756499597232
452.2222336812979
3973.644652151003
0.06901588546609783
899.5349934336782
32.8139192414209
0.03711616822358699
3.5774497027692265
453.7500781868303
0.21363906416960032
0.5744667612864454
309.03210653477333
58.38457216785328
691.0916089376941
3.545724914273091
413.5992112416954
0.6392299275174308
1.6110755812158817
0.33907149575149664
6.085428232363496
7364.470293061598
8.137209945528932
0.6648814600249593
821.2030216808124
181.2791034733119
897.7298414321072
7.491845303663858
0.5293702211371738
97.62378573193742
4.663812938252324
0.6872380343472781
8999.248137535898
80.11995847103124
8.13204789484519
0.42316768498844637
73.59136105390526
0.3781756519391902
3126.7755994875947
286.84812765803304
1.1886621699409916
0.33500200444529915
0.9560465940199137
1.6888188206032928
5.783375279459655
8398.194966791378
0.48061621626278916
1460.6584730648208
8.993558897851466
580.69204626425
86.27801059531696
900.0969090448937
0.29979170205021366
0.20571564397131992
38.51526334273547
3009.241489648495
7.42149567851313
83.3169337263979
53.83376205397493
19.067914229070514
7.248577453649062
584.6235644221014
8.82472430407763
4.564540120627911
3843.918790013606
47.7033957649134
141.3892420341034
74.22210106364231
1.1799217895982506
8.037670816177124
520.3517200710857
0.8083744025371098
1.3708498570423044
1.716863390209874
3.5196827357794955
82.06622984837483
7189.840747459098
3.691535110627809
27.511404242319415
3.4164331807129535
0.9582208360503778
0.2430225482135644
0.5605296912091862
0.3213999227209996
4960.087858172228
0.30367389116011223
0.9261674143746828
0.8374808602964752
190.56098069757587
220.49999673603259
671.5588631183904
9.069950328100779
9.754546241526624
23.920843166408147
7.538225393169244
57.80916330207211
1462.271060238084
2.7380907930513274
9280.56659467196
0.9282891925277701
8.470999056054353
144.54342210080907
24.96267531618408
8790.453252499956
6475.516389185794
405.3397706229499
0.5197709872793793
0.817499631612047
27.1676957075462
1.6422987354994645
0.042805602099923235
1.6131610925985096
0.0022310542363481733
0.6675269448991976
6.476838737540881
1.7243134613652578
61.733208218348544
1205.3941076921603
7903.034127749191
9.723338520041231
0.3125463818352495
7.9772696297625405
0.7484217110804436
47.740312780241055
7650.845235797636
7770.658536128289
5.539405743885506
9413.691070469458
4.441436092599841
42.55720514844782
0.48703536471782827
3.3916472186107605
31.57427869803009
3.318770944144002
1749.8236660334287
756.2782558902243
76.562145828407
838.5068061305265
109.66787688204572
0.679908695572701
66.06473868422593
0.4216975320158447
445.84580505836277
3.078715044019508
4.988185854135371
0.341635692601558
65.26012465821408
0.6185353538384488
9.474370208621819
5.6824093477044855
397.967988777802
0.21708562524723862
3.7327534900950434
594.2140991760018
497.34184798113233
320.44061981773285
8.457204242507254
857.364846587921
14.9557174894965
6.263481111265579
9596.906654228618
374.070544522079
89.4200979635259
71.04255628796842
57.648770759544774
8.713016534778568
76.3577505958224
4.245860782674428
99.8080549206872
557.6006422885345
831.643330124525
4515.466863180838
2.5816493402414977
0.5165404221253928
0.8896217890609506
3.9881605268839424
2.6306568240134043
0.2795863721625935
1303.9638905304796
12.021690271786012
0.5209564021574755
0.3177745171673586
7.919635507408472
753.2272570382136
5086.912522494213
93.5785637962917
3.7859383538295175
52.75670279374811
2.51664468177062
6235.762080152839
96.68637081079164
0.9669386860871758
6960.33258519797
6.484330464305048
716.5176441055484
20.639063834877035
96.97527225970903
90.27738495662507
5650.149591338084
4.622085086840084
960.8153631698509
4.601158900031699
42.48970968042006
4.4724371385057005
50.84162429526706
23.21318911980762
30.95314590603455
0.027454836950388972
77.49452261823797
9.362378735008368
2.1228885198978475
74.35899012451526
62.52721609841079
3188.047074403603
5019.624871762381
0.6772725053007239
81.18396160087408
0.8680143087998221
27.621355664022918
22.984364657747236
8.234194307656498
4.918096461996128
9.646118646957033
193.00963973949547
756.4148576382044
0.16209550319081933
755.9391214215716
4.2771165837933935
4.937732684383517
5388.538242151425
707.1837796343002
0.4177728938769085
603.9644766557864
93.09888020055726
97.28595602586961
67.34506520798928
0.45027288257100906
7863.030165058098
0.900050167321711
52.61480058346716
66.67350207195443
646.3160855476812
9414.721487866473
6.807405154456429
50.69588834842482
0.8547486068084457
6782.422769124102
404.6843043980427
0.6741218259657369
0.6277286856442432
32.73195071638909
4.055962315312753
3.6969600190170415
2.55358814005978
24.512142805664173
882.6238637310394
896.6738160232578
565.8538807241415
1.2820956676122663
842.505591372461
133.55293987775306
0.23784510189100938
5.624461134909728
30.783920902616824
412.67088974221
0.0990189349361873
30.331363276314917
447.9232886823874
0.7244057786992919
6.350798470515744
34.559950642974805
856.2642655940725
5.93906482021294
40.20815596868348
587.0896062467181
6923.559985972168
409.2348820933615
4729.982249272293
252.45388517307399
3.3350791392661683
0.4102819199738934
4.887963210980471
157.6030574525511
5.482931613453039
0.05089023524845748
5451.683431560185
56.76886046904086
1060.2023317641529
0.01130888245444861
0.9863241222618222
4165.121135916335
54.24764543887717
3.2433996343431137
508.08117782301576
3.035113394518274
4.240755334605327
6.732614848903462
0.4810928196532771
9854.456998496591
929.4786157328573
169.56580732711222
96.1836065241566
2779.346975268787
8925.570917390512
0.1709908517368569
663.7334206620507
0.9658922079091037
3.4265366709945644
7.934807014250753
79.88731364103384
5533.168651489785
26.9716708949594
44.820045191218696
0.18639624403783295
0.8063480574508708
96.16240555115613
8462.445198992364
3560.264349944017
0.9996183476897758
43.919877352862734
9.285119235685773
0.9674631595176646
7122.931165931411
868.4156413161918
5.121977513113812
0.8085769499933873
3696.275706034683
18.260934996707277
60.300620226789135
97.96103321019834
29.135101803354544
63.52124528065786
0.8490010904098444
0.8107300779031866
5.480255473756177
24.352878581255453
763.4790443123702
7548.028660541893
440.53477588922897
65.55581211955132
81.7001673627728
0.7767880140125623
548.2832929838288
274.77279344999107
875.0418138907135
3908.7054548873166
364.3702638623758
8.482596612829852
9.31634872873104
8077.355380287522
57.142772746769964
27.81545381476638
43.33931486541951
53.65199409591328
0.1045525783153578
4.14159694849944
0.5445521285061923
6.057021390517416
9290.633926376473
2.5243842035434962
579.2134983523171
95.24809989403533
12.034873258053624
0.3274042604686851
94.19121963917887
398.89325559536894
0.3342855354526594
47.12003935030712
67.9400254128421
28.13252459940544
713.3439425595842
6.5068742023058626
5.736077737968882
0.7342198053076572
186.02359544920043
6.66718451440082
8.021291413804036
201.73017713038266
9.83133127958913
572.098943235599
73.00924048196931
636.2853368531064
38.735483181597886
8115.712422617324
0.8360591682588213
7.863021276717735
256.5570702816087
3.8313630668030987
2.7559273742525736
936.461630237938
0.6449902070475924
843.8681352754118
0.32478096360975883
76.80133083093314
78.74671633808042
51.50478206115666
59.51539156196881
0.19547897667044567
76.31087724502721
1991.437418932196
0.9983110247581237
635.8110989577768
9.776525649428617
76.34145539308955
19.966751802304028
0.5776470005345767
247.6880777369117
6008.950744073236
4.142222122875438
84.19233970583862
0.45655017197037795
9126.96563334412
7.788120533153684
0.8924155565915178
8.551674850083055
0.4578326305359114
1.1124014993935882
5.660501231426136
7095.037998426663
373.89381338114936
3.5920479888070234
2608.376347510295
1437.438544324563
4.6452099696950135
0.5816764025848333
3.702527397324954
24.358794086746236
51.8925903116435
402.0577669494361
1.9212890962431783
5.314210025058294
899.9853002753666
2.0697338217479997
711.5241684690372
0.15307715126769206
691.4656975113286
789.7870001702397
5.979137033419525
5.884805076189031
646.852928897318
0.5738170351346924
746.9449757225561
5881.588230122202
8435.409182955533
7274.561373572367
0.5358624850083272
0.13311639160092092
0.3519226816277611
0.08604341627223633
19.240169847228284
12.634409979183802
0.9568693012867343
0.9251515192556434
5699.451362967751
91.08663327424216
49.88484873014964
7.014537375630314
0.21956949260981684
0.6133762773447666
9.0562833614946
0.3150083367612141
471.83613584159
26.23322035562705
106.54859141362361
0.6828105510192584
9.631143488827824
644.0381971941752
0.7937104414491972
12.731640431139123
0.26756921583518534
44.792306387872024
2.546477936048821
2037.0287125213172
967.3480804771281
681.9835776240167
6.8554562740978495
2627.5209958267933
6472.139981255701
864.6500423598884
3641.543977910624
2249.0443850419815
0.030091866037912363
92.98655410477201
2.6901009237868747
0.10751437704889089
799.7724792771313
687.5393551662315
4839.147457235984
54.10274612875674
674.0954121600024
2254.4354451283534
0.5093471511276977
217.87531223740774
986.8093463483699
933.1802609834524
2.0985685297105174
0.7654277203318365
594.0292403452788
0.6975787860747806
231.6340394438041
3429.444963901008
3305.6035597274367
0.5815815440833618
0.9237481020769289
717.0261461600212
85.89140431044359
5459.815536955944
1.6304194284967721
925.5609687135491
1891.6439312994703
9.219923558627794
0.7146290890610655
1.058568757081687
3850.290348011375
5066.209791661819
2.822831957118921
0.47731581035846915
0.7340144689097721
4.37237923062061
60.50040352672161
119.72421407890887
47.20028665823573
2.263913679858809
7.691731612706035
53.56924954357751
21.54949107718189
6728.585057304729
95.11964940462175
6.29846438339086
0.3336238970677974
954.9670671911788
0.6944451988108424
9188.67893069536
580.74855034925
5.285960026732617
8582.168154146977
385.85541183502403
0.9178346987301207
0.2891943773736686
627.0198400450778
355.6438028883613
188.42561674465054
3164.1972323553246
18.541321554313427
84.16884456773444
35.83158429589904
5.0055548743979
495.2210369383193
4.31326732646573
64.34488342824518
0.8093181899093604
1.219675136513808
0.8685251016286794
0.7876275626833787
94.01332639935688
0.9298345066500938
7952.339511613854
3.2726675990567133
5954.419549358111
1532.5858204538945
972.1178858119791
929.2465505511758
8.770490916972125
8.610963327247177
7.271490040335912
15.32376023924833
0.8265574512326166
60.819465223075376
784.0349758700969
765.8928833827658
8541.308071485071
82.52717260763602
708.000562536174
0.5340027400553213
69.18621975777275
0.5309025192271343
96.80345194341342
0.9078236748875109
0.08657783719926271
70.40279429744197
64.32890012429063
3770.626947901008
7566.838957551428
0.16926805619431617
56.52942161713389
7.991657027014343
6.834266306687367
0.621986113181252
80.53846396140543
655.8215000337731
168.8602862733545
4.3187804535228675
6014.894344702254
8.0705325413273
0.7986475628624844
2639.666397267597
0.4541237295131527
39.71986474193151
4128.190565395437
5.458002865775551
962.4369243675847
87.00440205310038
502.47920791686397
2.173082851128668
6.057391668663583
2.7154514614011327
32.95957981901888
933.4929123685758
0.49408762564846487
0.730773431995606
972.3535991878841
96.50209743792735
0.512343564194469
13.661725982002771
9850.316461702752
841.1004275336471
20.18100331355913
5570.604151316112
6.474849356316219
910.8286981070956
2.4000680498296214
0.9826310923597062
9018.842417446014
5550.118267160462
8644.601883134172
9.274324064063135
7.613419131643809
32.05966875865624
449.91121682714453
0.08406222762361493
3.197789551162967
8.69398992734738
0.18818085934730733
7584.123279895402
2.7505348741365654
0.9015948890214837
8.389586715486056
5.739899964266508
3.6952880690609047
9747.047480787707
4221.578232507041
499.53818271702977
7968.060094069854
0.08014522528540458
5676.984864974269
36.22516440578853
66.3060153205321
4311.693627467285
9.125542436670548
5.852927315976059
43.144194770111554
86.99047377625335
0.798710301360794
3287.3982706268057
70.77267078861776
0.9113101842767212
685.1721934574622
3644.8687632030174
68.6184999313045
554.3155609495687
166.76107144064022
14.76445613412708
89.73813187048825
0.31640280784543995
376.2206036404913
6.589281364093478
2.889353655062099
10.174961270591288
0.4595682958995634
42.357000350934456
8.238684317611465
37.093992717053304
0.12030184815417311
6573.008357349093
0.6519561239290301
778.0251518994263
36.64225840924762
0.26717596485353967
0.7089106643087857
659.6362029356923
0.27791806018174803
7502.34916270486
4434.154100532628
9.88589630376615
55.06095023257895
26.7824271910426
68.34105755186032
2.555783199313378
0.9096548890260502
1708.0820780465067
18.076093546329773
129.5645707565727
8236.027611737338
0.3237000240184674
14.197176405001976
70.79184541143222
5776.241840316886
1141.5472760350708
7734.078136958827
88.7561579107934
4.635471665611655
95.1207734869338
4675.056872259943
1.8678819328641072
3146.784067813111
2379.4958930399034
33.32405946326988
585.8398836913881
51.99601584089313
0.9855616527546928
4.182874725346305
453.7168140965311
0.04441417816945481
5.561576643851569
170.3697572885201
8779.357515472595
0.10947567088325572
3994.070663529796
270.8154191165035
9099.437881865044
1883.2110709788142
781.5929500108248
0.25332782741737325
29.066437226246975
3.413769732839871
2457.6565190759147
67.79488715616974
1.886082586125234
8.002871108899445
7.3999719505417865
1.708492437110909
6249.699588210704
5.229339651740581
324.66119675078
690.0461662541012
5.716218946150242
0.8014687402877223
0.8299105038611564
0.7233053347696446
4.488071899741433
0.5019098329179217
235.36048991226897
1513.8485031976768
266.71917301140303
5.605642501009789
7.426652023850135
524.4548916199592
715.9115816948606
0.11484407737252345
91.95564711347905
39.10645535226317
8349.854994742294
96.8787049506465
87.48217294167114
160.98507108747094
4485.301560302144
0.9528563445693374
4.158673005005006
7603.925234856903
0.3839150045799067
0.5933627662469629
9.049621342381965
2010.4105934967176
8.467263612059666
11.912361097428214
0.3255012269844716
98.14356609402235
0.9417503311826216
93.75229287426934
784.4111593576014
80.34896299709877
0.22640500101826722
942.77046063841
574.5969144452149
96.2674634719942
419.6869421864672
14.332033358001716
8.47386990790245
2.884737037659808
9.766186093274257
0.3434917020118121
1375.5396555705922
282.15797808105424
3.205352038929661
21.50637417887924
84.50363942974141
0.7243071858199209
1.6106118960664129
4.669348096118674
7.572720924022258
4030.8382002261246
6571.786501147707
8.349754286290903
63.37565785091803
0.6004365773739362
551.806815065866
565.2914526764956
8842.258913404194
4.244022838882381
0.8360805177679932
510.0227615613035
43.110231545661634
5.995964004071833
24.474362453971498
26.952946727351378
1.7140277361100353
4538.199798043111
89.42328496497929
5.624609931378261
1.5477066901441594
4.714425462324305
4.357003543867601
5.035915965386495
9145.982238418217
0.8478732167481224
70.35072989725639
0.1221123801276538
2.2842759592124473
9.181313277670704
4.382781614330714
38.463520334154246
3.9404605167509175
8.705189225101016
6466.520543684491
3965.6215170068763
0.21261092191530595
0.7609997753925528
50.130365827328916
4959.640404567903
788.1863417348862
31.66363515279168
0.17218679068919496
1.5298422302872883
8076.921687689911
7830.04804097118
0.4174360932805863
8.490408083338073
1032.3945469029993
0.5091473101266254
0.632353256521553
4.032400158638003
19.679979630836087
59.44086167602579
21.793541638441994
0.9521914134744496
444.1359728181642
68.68752644106449
98.27248597305358
118.59541508533655
9.76439055706328
3368.1029694134136
8.998331966389204
0.3809879190349861
0.0009040829420726704
3431.099983077932
498.8652377977049
54.512176131145495
5861.300417857364
0.9349329196968075
2.5318041686813544
4346.01922112489
0.4995105871716995
45.996506196956986
7135.9990898049555
59.119909033347454
0.6874945921662748
3.769044397103136
0.9663130507353427
0.3685607510340577
59.66547497038079
4.127352350949392
810.966598159804
339.08268060463587
0.22784691202677676
6180.8886135666135
5743.01798128182
2314.1247258076482
355.53323754835543
2.399796006971522
536.8044855051794
4721.836668957585
6.521113338420735
0.1133026554268397
57.31706616139809
552.1787317841104
95.29742000047537
82.00347477400378
29.117490072206675
5782.118675918408
0.3413916480472927
0.47732166137757837
7.013347765182365
61.13744814120885
3.5657878665240625
2132.9252535693367
86.51959933329817
313.7197913079004
3598.226703490944
0.761728746046023
4.42697001659605
6.753040868981316
3513.819211426398
2751.5877678816114
9.662277504855716
251.64451590828173
0.29194639830153346
80.72774100812724
9085.262575529287
4794.007827547068
0.3449444280850853
0.7184505790062654
22.765685148435246
0.4528100388391729
107.13734812375696
5770.052359063814
33.18487524697288
8771.652828003964
4.709447878959364
91.21361628041502
9826.094744493945
22.402598245699746
4.079527766444835
0.772553880155239
5708.61129662631
27.801798170719728
5401.463388578159
24.992006832886847
1552.3829483138973
6499.951695298444
2098.3412670849043
7020.037148046031
38.0871298202561
52.62786917140949
3.682715177367597
9477.9730444107
10.557230783013349
5194.989799991407
0.09835461347282126
4.089922884432179
0.666705457720765
0.017525877014145097
276.2190190121142
4.285382244298454
283.212107040407
6.627341296470357
17.910476493975846
9428.795721119177
19.014843920556267
356.0632591004563
254.16675480755703
999.9706096353633
955.2533528016752
9.772409890245768
0.8535061573914755
0.28452853638444286
661.4941932938902
9.65291638368878
1629.7878162618351
874.980724005876
31.444392826012724
6710.9667334955
0.835110403730883
19.200812795386092
915.2224668879468
389.09218461114693
2.1495227694593213
0.7323670024717612
7.8768903724341675
0.7368554407551976
2.696032492513557
1407.669834574915
0.6591151244110024
30.843055055455928
957.7181731198823
54.92702587678823
4267.53589394679
616.0727944382018
1.2082079927727896
0.7054094857270939
0.0864162416079578
9875.172910769323
0.9584106857171601
4.627970209707288
0.5380002082926227
7.43584064246006
294.88379411476353
1649.5114799689636
52.816898534176026
0.13415104488950724
48.97679020361001
1093.6950834343083
25.857934182539253
3.02659233311775
3782.842419126019
507.50104815004215
25.797622070250604
2.4990485065472057
41.34700686792394
75.31403283722841
0.9371536740243311
59.31890458782792
909.7259996930358
4259.357972037095
577.2396721586798
852.6177694345796
7114.583752782912
1.8450874330719846
624.1430732298385
551.5627581830156
120.95887834405073
987.2370002907006
4817.98718188355
23.104686835281573
1718.8200143190957
0.33024166135141797
404.3868396850194
200.05528139831253
0.8045169571417455
3.170580505850161
37.52535414125801
1.721309594184145
4.981315974535118
8.029158240093503
332.98395249815684
83.50300052330992
7102.527895098307
148.6379347534883
250.12553710785625
4.348556043012673
2117.8715299641703
6809.361121354513
142.5867896402344
522.6591508757512
0.673948037249928
2730.512145360198
0.8628817770846298
8.807802879722727
6.5983510600966175
22.583167422049154
820.2934065384692
8.196266356952352
44.65073937093669
625.9975931049925
35.398278389442304
6914.216154436119
85.20062813909881
8233.904303328587
9027.376603293958
0.4883807912673136
0.9662420946663313
45.674915649964575
6.897824486811582
415.32149614357917
1.5375716705209885
110.45202570641155
0.2690405212899497
2.9448934021001802
0.8995932502556412
1512.036720741885
735.0149301445854
59.23321029952038
674.6409203012524
3102.53501931551
393.28483996015495
8968.03905224342
6.200410907000201
2.800040620270633
5.44092373380034
92.58922319933124
9593.031167267747
9.933760152947533
1893.136899582124
4.123441584912472
0.5174247085997695
347.51929679903805
0.2084983024455056
3.9372709697992425
41.573863909660616
0.8507353879601831
5.413333694651856
0.6353340408521244
0.6740507397439204
335.17240382820336
6.0077132887348705
8727.543214150837
1819.3028080270235
0.5700935789284753
598.3180544093664
828.0267893445655
0.8085010797678793
7.570121347046887
6.2997077357189335
0.9636932185465044
0.1286007230594861
2777.9414182300843
0.25214263050498187
0.9597046488475344
812.2775088751732
87.74754317890971
4.108166347473698
2553.00303592214
5796.948083925516
0.9498486861197233
0.08612164935198019
0.8104082215559748
33.41799268256986
7.808039982830128
85.32928154273523
2806.2351860332315
36.92674120104108
0.21606200309019963
8.998382808978725
5696.478674421005
0.5631470547530881
27.534681004452654
1.833304094087932
9962.04146178313
49.26543594894635
0.8348738712415159
383.78286702484155
0.930609812305943
885.4059738180542
6.091299176741937
1.564154844289638
1425.890195616142
925.8571549335203
4.820033862426879
7182.725852299388
0.6094531139809999
1.359435505450538
268.02568545960446
174.13697061765643
614.5216379760332
18.42924678531753
0.02376956933965102
55.91865328927865
91.12552318313902
600.8521289546511
477.5450262213401
0.11427031109993646
35.14684049195179
2.0645429384128153
74.55002055938668
0.47890830191672873
5647.109397706552
170.51202434367497
9962.427326004583
1.484680872712938
4.052404607753742
8.613061939355331
0.8861012995113904
6.085844430326701
0.4302446881308245
2176.3687784419308
0.1859915293880272
0.6904526630395524
0.4129379406886259
28.225336420708103
8689.135810672198
29.260761662607194
3.5210283705435783
791.2608572294422
221.32825124397058
9.867553538667359
7766.512758935857
268.162368190529
8513.677167896367
9656.771093535664
6.026817489959101
97.85344922801937
6.360836131501038
50.862834120277135
0.862002126633045
0.9057462693215764
689.1243203086738
3.5762510610385956
553.1353991758232
7.650959495955054
35.33026085298809
653.7914091301267
462.2039460031158
4980.665702723753
41.74053727349034
556.9658898612993
895.0326635093525
344.5792112525342
316.1146403297663
3616.549938371354
6.8830122755599765
8.786860880442685
51.15379956455508
3734.8646235021934
0.34433301746725675
7.538615100855277
834.1785622338222
0.24206828900629174
404.05224002294307
1.9985239824150214
510.57895156588285
18.71896929711998
0.6641274706079116
282.5152933575479
8.547729019658005
334.8302923716925
6.493347755531081
879.7757958491596
66.73705102726896
5.966354288662238
2694.520323715972
1.3632999748995867
184.11816077606835
7.578125802601453
682.4090938355297
0.09757498483980731
5663.492532563416
6899.5672884551705
814.907585749921
0.6094995254937171
94.21602773934033
12.653444963825255
31.611797326236648
7.279143891556218
173.51363079869176
7850.515666676309
0.24877336013440843
5.124381415192455
49.5679313009487
2845.0078020936567
0.21935305360398172
482.51241438223235
199.58716637973728
2.837772276602365
0.6848315754854728
0.28337480835677553
8.0676398423643
316.8416972781799
68.55629729068134
0.9591191555046883
5.731933290296013
1.5048104905340398
0.9805828922801715
6.852623133448798
1786.7373774640616
610.3003661171906
0.10657055421768513
0.540458797847929
2840.774492501563
8.697435527247698
1.1157839087365873
8.523432807991798
241.5893343645703
9300.893953271894
5911.339596915989
432.7835985723223
902.4873778368274
0.5622116249186134
18.05500997352667
7131.537179981147
2069.6496673130805
5403.771533848088
6.649086700662263
5470.340704935307
30.71868834667024
0.27273160070268376
4790.0060625010665
8770.797611135733
42.64201636180848
587.1626840444588
32.46661664669287
1818.0705227767835
5.855588346413655
367.3008109730247
7.183818276774455
2.9815535271963114
2.6545588949269905
169.45697859484898
9663.385700237926
4.703615420799724
0.10767619720674215
18.325446578796768
695.662196008842
0.9765029043078276
68.5189882059509
2851.62597687308
410.12039751225524
336.8920373522546
327.4431128542076
830.6457547630228
0.7882153768010794
237.97285932798894
2950.024219892646
523.0852369976852
0.2544105138696693
8161.811983919246
0.39178354318472164
0.9901535408937033
0.561511973811023
9794.931493416992
93.09811069828005
3.8666882853137032
0.4120396708291407
4.280186533325015
40.79020413160697
388.4949839577435
5416.432466124953
13.056720793210076
55.33799939718248
476.34939926144426
2.012881627848998
55.26178727443555
0.1173429310106523
0.7861723968096208
29.080094331611082
8024.0627095953505
8.044206996673777
44.01082214565285
42.5243015104203
77.25590935014341
3.5336701788686065
6.424712693729954
712.260338973859
8864.281977697172
0.14553162997511826
613.8480823559497
3.894193589691212
32.87174747514116
431.7318517677293
5443.570253234293
713.2477579122644
7880.784308089931
63.24674585588799
1.5781091231500322
94.75744633566094
8.140858001214069
9.285698791578012
88.766508969896
0.5787483583138079
5.779769691921588
0.2481576466735056
666.5686627411167
0.1860637170417646
487.4142902480397
93.4094926068957
8.168356017102681
67.3506604673621
6354.128733245937
360.2651128909636
0.9332802060360529
354.00760247531616
7.88181894232134
2.594235979738623
53.6125525105637
5.200378944342765
41.556732037769336
4.0121769869845805
0.6621346774042071
3158.547237018804
4325.008737071378
1.7565738286534782
0.8078924869396681
0.49910424475620563
0.526396264794006
512.2633460042694
3146.161817476717
8917.318432428561
788.9425983191909
3.837427127797496
22.192002394768593
439.2121578666395
51.01581719547602
437.2093583250714
3.8241026478505358
0.9435043501758061
782.2997239437508
34.87661554531817
5675.985846122397
87.23757410771577
0.23611128486672028
302.60648992477445
136.19851401382633
5.232181605723318
6454.954775432056
1.893697583910816
23.673606198798367
8344.375311550057
95.89731303852024
3.26170747622877
505.88442559354354
979.9616339373719
0.8867065131310525
899.6147745223404
277.7155825887232
7316.791963935222
718.2415895789943
3.138411565818121
5.4475366814995105
2.5241998646923367
0.7251427395986865
5.93515298821243
7.35463107303965
820.0874810969725
480.09530050795126
508.64547730386
5918.9099413187105
0.9645208567890343
546.1556700023889
4963.068992075477
87.74359079045357
8950.025992987172
0.6279149958726256
46.05809743492082
9.524421008069178
0.8023165830972914
69.02311623162227
130.27909898110178
7.744202915184157
96.7843226339653
277.89501532458905
0.6401114787785106
5.263755957962842
9.221738052253647
26.849964263296222
77.9740709371245
0.6102468280268477
5801.354146176586
6401.180594414849
190.3523082840779
7.772298241817422
95.75180228549898
3.35222952914513
65.02801354343465
8117.335761362751
257.9338731981483
751.4805466435508
188.61516807506018
0.2352730431252369
1.3768736452970176
336.4214744785087
8.753823981614877
0.7866976083778776
4532.183075892943
2.684018560009771
265.44672591688413
0.22693559963983867
443.8733626140838
4.649882674044292
0.41167123311943166
517.0067410602813
1086.7387198381462
11.992550641360456
5169.771434966811
0.4279314022195846
8.613126128556768
3912.096626747079
8.090003501892713
96.42435298649592
4752.893155675526
0.4536886905468924
5427.698001692128
0.6816666276086902
704.7366069137108
989.0560278495079
0.7335729536640764
910.959017724695
479.13834225800645
634.1149512535367
0.8608605529103525
4.495359668946811
3249.594833809676
3999.7486661886105
2733.628758953367
79.23046962472615
174.254666812523
6914.879582055615
223.8522674726141
0.08568725812442224
830.0016931526337
1.239828028075256
400.44453636675814
77.58377754977101
8.230515922975668
21.95871027173074
1613.566345651336
6.698820166967387
3167.841172021997
5719.186748999022
0.9840191516994881
29.162879732066195
9978.852772433227
2.617646381183526
520.6632679260543
8928.784931670354
0.057523677201407275
0.1898035174932694
0.48161600539844807
964.9545181354184
596.6235695113551
80.33411790545829
894.2892820945343
48.19138111651065
277.2700405973013
7776.1065410072715
0.7545608945155285
925.7669083886675
0.7431202572545725
9.729459885142116
99.00234766984664
1.2089210321582966
93.98096798374664
0.5084416278966852
3212.9403169930006
185.4799943655916
7.871956863277464
3988.156075129217
3940.3680668507545
6.791953980638955
0.45778643275983355
32.99044147817487
8.459348786443027
0.2822557978148298
5.739775777353887
346.8825886333859
28.582793396540485
0.9781591700957608
3.137536711892718
9.998639810268697
60.736893964025306
0.03196881221787784
0.30057910247334063
8035.963516050517
0.6301727278232844
1390.6439048104469
8139.159063666761
18.374493766194323
3523.515558913196
0.897531226741377
3169.4351126725737
4.918332337978177
4.683152970993754
7.181076915177038
95.08404357905165
80.7609425510616
88.24975351252186
0.8583426032764847
1.9622984078481365
360.2975560945122
11.889281941904105
0.5696128057854253
0.4828200837303076
4655.011012613426
83.68075365734676
0.7774272065326717
964.6030685866639
32.46947646491949
0.3258606030595853
497.8840813076959
5610.916788926242
2875.5162442393403
289.571600321169
504.9785144582165
4237.074645224386
850.2130627941905
6335.246951654565
31.899685524572273
0.2500386924790132
5606.1187640763055
0.9645108583054076
42.835956595192535
0.5822612400857176
3.995113424900288
0.9968684851948507
7.94946146051084
59.336424375782784
0.5688668260834218
0.5037673763004192
40.79055279241831
611.963855568195
0.937089484380731
8839.43824408245
793.271281498103
16.373175091566615
8.120516778685632
6.542132995027061
3.6129417810885913
38.11781073074212
0.4592489578281541
9.084164539348114
801.1891064561898
4.7218383553250245
248.96552951229432
33.64693890457111
0.07612416982450798
8851.593788610246
2.268173451941824
0.5177202202216525
54.823323270025746
13.828946798539743
2106.078646955748
2.4550475908250435
234.2583719762913
16.446024233216228
94.23059510334946
3489.7980319577127
10.029727386529396
0.4803638589889536
4.101097254194864
0.5589054786374263
9734.650803584256
0.05600849152830445
32.9709806592753
0.9021845516144708
61.02869280433776
8245.04364108043
8590.03609217879
159.27663136493564
0.7540077046405885
814.1599658001525
0.8072215088023859
3.3617014174130997
1088.7376913061764
73.4988328720386
66.07423751823454
35.39852927143028
49.29063239576145
59.718814407953914
5192.8591821646
5.130526248280662
1.8003829701704788
3249.545547082363
9.183250713455124
0.12149359139030458
25.074999687377108
1.3544972408746159
7.309705893927934
0.7582926904892717
0.5598420472780283
4.711717125888559
24.94153244972077
2.925477746707709
5130.393836529683
52.2351238516506
363.52442559104935
3882.6619652498384
4419.268677409413
4.880187789718624
9.253965082113368
3.782945334390556
9097.343908512032
3.002896600864714
9.003767676710645
51.18155655613313
873.5714438882993
6.818586300286685
0.7590079278289578
938.9990258120567
66.23070120411937
0.17347363560590867
700.2398629418807
3.054404046850988
86.18720849822229
7819.694078125572
5.996902900467146
27.43354310511512
0.7615445624031837
90.15786386397122
9533.695150717387
96.42087675564869
0.47780469402801473
0.9625455823705875
1.9837998109812216
4.790511199329957
79.16905574796158
918.3801270429204
7.960644712378788
0.1476007120661007
0.6665889424988549
73.38219722414559
45.6548442527287
33.87378578663207
0.2738215362864861
8.43537721658312
4.249374666689572
771.7963885294397
6.217940050933535
237.7703814312201
447.2037642281688
34.189939516871426
0.1778145385275498
8.802046131250197
25.99258828257196
0.39838804639938075
587.5742092442927
1.4432076765848645
4739.761634929915
21.545666842003687
2864.6877999431695
3284.557499481542
0.44014828886124713
7.11007028980262
0.9093812578676811
7305.976795292761
49.89661966081243
8.126751626009089
2.7166556598008484
0.21073963200814128
174.45836337307406
3.4965236374439357
941.3217231299915
9158.30890780792
3361.923261357855
0.8088523958731212
25.32993326506725
0.4303508608728295
0.8178507933232217
481.6991020461533
0.8354430845558733
9772.576383696054
7.997695470534392
8203.178584067467
6999.546911495783
6425.814061547888
17.50293348675943
9227.445955464284
0.4697832479325571
518.8288175242067
4.630725072103592
892.0925796998087
8.16442053872785
0.3390628578842474
2466.443979508145
0.8435585389331921
47.599416753991505
0.8371110304423631
93.40379823276467
31.04457781374379
0.35895757252379346
8398.69019479027
82.09053676343403
27.597024303148476
389.99456336623774
3.5140949129767227
0.8271342804791483
4856.27368644947
9.348951462255965
9.53075015891004
4716.293910569699
5192.444679237854
2.88332516691707
0.8576425784677155
520.9254899994208
51.42576034350189
0.9694978116878461
0.7836077174400652
9001.632346513756
236.2390758038748
77.78688322920308
6761.7578130105285
9.050656704627944
428.13802400814336
88.30147973220002
0.15240387493909258
1.4315516084353452
2601.3897815383757
0.02241205416817449
3355.2190405832816
0.7546249725053161
64.50838636315783
7.931917185989985
9051.095090541785
95.94467590342036
533.8631635082525
89.96400842395836
7.997909999797562
802.5616682086
0.11754368097276469
5144.562616819039
0.7977583027799428
2119.8550846291864
6.882543504899989
997.6822951830289
4131.188778778693
8.570959484142758
87.11460094748855
45.94063069614035
0.8166762968144651
359.83637516135815
80.27200230199074
0.5064797953445311
5.169039479466742
17.87452386690824
2.8746783772280593
60.43237680508538
8541.491077376979
2.3940830808634974
6.1649605643857495
0.3528638025456702
7.830222052548686
0.1895876926787372
0.7641696949188528
99.00214386358277
4963.403236376953
346.4214644924423
0.13080264407297015
268.6618960120909
59.03444113556048
19.744823697006186
0.2862152236156452
8.336048282804684
5.485576970048886
358.81510520731143
0.4093396289717661
0.9765226312740112
51.487973737337754
857.7981440500282
1.374365762972276
17.670232867919022
7984.624284413982
401.2728226435255
5874.094257440974
18.64741367634618
0.9769729626344875
7.726137132206052
0.608141522013512
1.3643950337319866
0.7154654816337215
2.998658091028906
723.6477761710291
1.2703740984975709
159.13371902688488
0.6903787755092703
0.11723826071085597
0.24555595832068233
40.02672552436248
105.89075001445325
9778.196312347502
688.5706733222745
5.8610438634575
88.78538362901625
6.2324616149123555
73.65627104182086
2515.5349509908897
6289.377259028588
30.362588187368655
0.3333670516043994
2.6909722207794875
2026.7647460063022
82.1439958299489
5.691348559416175
0.264009086826129
822.1666462876143
91.42929503549736
0.4265041156148134
0.10598987597537712
9779.373050257585
2.4674361801516884
3.1807916069879805
0.6367443669392236
0.1427422746465945
6259.807905659003
0.9525079609860598
55.50602381853803
80.56108741063773
4.777573057102127
824.667524893135
0.021108250342908197
0.9643182119848526
342.8485089790474
1273.1669857659322
2523.341753937046
54.523885931342285
620.3285088105217
5.678087966204851
9.36070841040764
1510.3279057043706
0.6995837039137432
7575.3804672331435
0.437356791101599
793.4671437961971
1.971768266738394
466.41772487225586
898.8886501738345
486.304967977511
2.076591770134062
64.0223105200199
283.88150892287246
73.01071000083687
1.7930262773868055
0.10199736216438438
92.24408776053934
7.0237638800223525
0.7119263849662271
3003.5624080388
3692.8684513652597
7.561968320113777
0.20810925630128385
57.40039673683113
9805.655530366295
64.44698958336139
682.536613344168
3274.9789062075474
34.84321288417743
94.49751597275419
0.30828146775693255
406.2304167759647
7.374961324782507
238.6538254345473
0.08896482676437767
4.044395530546473
621.7106738745954
4.289371657490406
6.1989277999998045
36.30355122911777
7839.526548349293
0.13083043143431705
179.7491083703434
65.638392175825
0.7178287280856588
658.2792249979144
7893.717162082089
985.0188179832885
0.0992656156651529
8826.646656883802
4597.862018737547
650.9465903853339
8.746914917339549
0.76691464097975
69.13609339264009
76.98151215431862
0.7034264197749216
184.62567170861365
13.869609447518972
104.96008736313823
0.37482709814255777
6229.21830041612
8.509053778505228
9.02750204477644
0.3304048552273433
0.5502694049854845
0.9881191327036215
1.1384932106887735
74.28606416924949
52.68680181175075
3.486933956481364
827.0638940259887
513.33035564424
164.25000456670503
4.313478179214371
921.4198709991695
770.0191726577008
727.3705859350024
3281.8128718385788
7910.948014120027
0.298930050704609
2.331318207379076
4.589918633693713
589.1703772733666
911.6927432292077
36.866597691997406
9.74398644246095
6739.458747086812
78.57794399923931
80.963094009207
5806.017193980125
56.43962602257571
0.39820297681002403
4996.400490697212
3.990835821698413
780.1130272078063
4.357742804282772
128.69553409717926
8.672005056436229
5.303475563892257
120.44311785545136
834.0566917335118
9.750280900459153
0.5036705327424018
40.377726138604686
0.046850194030987335
0.277829143638042
4.011151597335641
66.53853515132995
7.164308555115363
91.26963068691674
355.16993996400925
913.5657873849963
1.676562046053216
233.48571371863014
82.50443165869783
0.5073121351300003
46.77291008260166
0.5765920864685914
0.2533385028667131
1.9874277966640619
5.184457983449864
0.7954225330403697
0.2900205594296905
8.238036871034865
4.858000487844061
0.7946710044059387
0.7158327907997132
29.545635636122714
204.06176313945025
9840.471657679816
6498.852669467241
86.37265024810515
47.69895220503627
0.6554441958971458
641.6532213219759
291.4840270157495
1.2106869675834098
749.2734843245041
1287.2742929311498
0.3695617148811825
55.66640215743881
840.8909356225706
672.9823200142134
0.5138320637996302
96.11596152631596
1.9579544142906569
0.1302038588907588
76.01725101840086
8006.657314198074
0.7059340622640622
523.385144147832
11.834719240722102
5.871268679171688
81.75657579301509
806.4783645350925
3685.5820166666576
251.3911750548349
476.7101028768664
8.10898867840805
799.7323393051514
5.959943413881904
35.9026070512642
912.7217475953324
347.32321412028335
17.11404246224578
0.8392269099268492
6.37392098012953
0.20650551940109896
5422.572821649794
538.0968713002724
45.59831929925191
0.1443691882712792
31.404208374474717
8.182644295601634
326.63347069134875
22.02313655751015
0.4791031429211349
990.192125143786
6.247715352411482
5.0839017789450125
362.4427888759004
563.899052756731
5338.71937072448
3508.1492530694645
64.75445367769167
0.037497489627818514
6.011866010796516
0.6054250000262895
70.89994552716485
26.06377828307611
194.64842667112302
82.97357783870673
0.6747730976288704
95.22919430445931
329.16636967456816
2960.5369593985542
0.8264511172032846
46.661482730721126
308.8578382398899
17.411034889605048
757.46092786383
0.40798858762012835
7565.562740225211
8.573154672451262
0.43461671160249427
6.744372148710513
9416.817544636528
2.158084221504356
4959.628424660547
0.21059003149808786
45.106077798059644
1.0313188307729593
965.573583006813
969.53160313431
6437.9060403462245
62.3140350285739
5541.204979303475
91.04298871830044
2.6074622858726784
4.850264755803229
814.9456046194094
0.6175272214588211
0.7076415079178888
2.585935604375532
9619.722261443145
72.5339926508436
9933.94094330907
0.09770386612204873
22.994460012599248
37.69410905385384
824.2197867090885
8.868542773436074
892.8193610757213
4514.3091437870535
5.528425555453399
38.58257472537366
194.61895215855873
80.28531805622214
7.611914110552402
626.9703037357824
0.04876400146794113
4149.628658039594
0.7132717132579025
1581.9366345663266
0.38873199907034706
0.7815995107208361
48.136084389041045
5587.83735046406
1297.7598352893838
0.2822800506637422
0.8501709319922053
5.631347625753898
9.974848186642937
0.6472910581476565
2227.72412878376
0.37013539181098076
9.767895192998816
0.1471458459183309
303.1940393838093
19.51903909993373
7.037333503417791
8001.476924266989
84.45724023750431
4.112932471883688
95.55453111720935
91.239884715688
37.18662969795069
223.30852202098217
2.8175942551569664
5.581208990274561
0.6384408147571401
738.8199950302223
906.3107333262463
9.360449485968097
0.21115222097577124
661.796314805701
315.1951100216993
96.36960623835718
0.5556762554709513
6908.8392446155385
920.5253104312926
972.2243688739406
4.353968514273733
375.96814961986223
61.63492699159152
1.020348683720984
3.6531267002561596
8174.180828296241
4213.179355908504
0.4717542996419496
5.331556142192621
7.3418157813281155
65.18149947748716
4768.652347216999
0.22113822893196522
2271.2914372389137
69.13521790586324
0.7255054478573351
0.6956254194060263
0.08079931152578768
91.68920123875705
14.012345328639043
1.173779459611758
4253.237573426053
970.1774876743738
1834.4682735658846
6073.853446797857
7.813994278388673
793.3941079237765
0.9503310572386169
8604.826421089061
0.7939902041609523
4875.88371305444
0.4875137700893548
0.9830932554298824
640.1059847555372
1.8502046360759816
4.921531355992456
38.02453121420637
76.87524386449485
90.07792516057155
28.896637535547278
0.21437998114820178
0.65645150106558
6221.496366740097
95.33947607567265
3851.3285769172035
6931.209112973954
0.8957460768405212
25.93883619455386
9.457745357607989
873.468503691354
0.8340254957769586
585.5300240191746
962.8463439821438
882.4657729369388
9.550422403766543
1.015402280186799
0.09525987603852959
222.40574216535092
92.16000982092318
5611.161069883906
4.333029139320653
0.9611552698869408
0.7944436104503187
73.31778139426615
902.7607409352203
39.89649615984935
80.20620893267059
0.0986271521264902
526.7434217844957
2685.2852812211745
0.5878865087060113
0.9016733008054106
9.161910197041452
2588.3975203348177
3.4071194448447786
276.87161673019034
0.5172422796670486
631.0466807428941
0.39278185312944724
511.47762876991175
91.92260521842793
93.15318821149476
2.914794985535366
61.18814900755434
9.21789247497369
260.9626371721685
51.16431384939612
7.4645022786420645
3172.7728788439335
2.3592749504810495
1.7675387857939318
8.727072969274177
9.309532083130655
0.8953040572384273
8148.614225955807
82.07671433719013
6.496495023139648
0.7638626863202096
1.0941750727023825
409.8496730919311
50.30850427984226
0.09305698704535759
708.8251467114093
0.743428695373003
842.2669351370608
1062.455762190472
84.14102422840223
1033.03085848235
345.37660867178766
687.3376932818505
87.61903121612299
9.938505675341702
522.201200758847
68.87028792817969
95.83384349843062
5880.559279009549
9.671406994756143
60.59399261926222
76.66448110952886
8.87157800940311
1037.9907900046937
6.16726399617328
851.0553321561048
562.6892022414492
2.7310143116520913
3.5738616887992922
74.15105819010273
82.58410716891876
7.189218927364837
994.0924919729567
0.06994142799760916
620.0361757957432
0.9874996510836267
9.960683741174106
232.4569710183083
47.969301061062865
97.15753904539915
7919.952164793469
3.309747614286901
20.486854197692217
304.31276093288017
5.880591215546904
585.0597450391515
9262.458426679052
0.7264932196368319
2113.372443370185
820.5012380469601
594.1132220511892
3.0102326446335703
54.80866993276442
9.162522396746061
193.10588069657518
28.98292637597024
8843.805457050397
81.25292691881118
6135.409457236184
3745.556663388454
9583.267199665012
0.8910564566435121
5.863072438005638
45.57842652117574
0.9767801932992417
0.5651520795579105
0.4315803351536659
15.736768950178803
469.76614369753764
9.020763286820738
4.763753131030101
56.89226786782016
0.6020833650506517
832.0295431440098
899.0481126042208
1.8343209298865448
7961.036952051731
2.5576321118748755
1498.7848245777368
43.65978691547845
3.7309047232618067
6989.00866055576
2.9187800639602424
8.723160676194492
0.7225235645077743
3379.4137327329154
1.1766075224243
8202.530566972688
0.36722077635234585
0.29616397648497517
0.8550865041940809
0.3920804705651728
7309.0794398399175
0.5466643978738415
32.65089037954797
7388.225681168888
952.5174595011074
857.7821520829197
239.80664217062852
71.92103601029798
5.5111392037506945
0.37785970627486964
38.90490447902941
915.1744825926729
0.6976005741145318
0.8852654248781711
3001.2607005144678
8.863497376348656
29.117076243746766
13.490504340022047
99.30365373798313
65.50267611252598
2384.8125327011303
0.04788283503807789
50.81212315600758
2.921966491277419
96.32087838582466
2510.3475743758163
8788.32539704017
74.52968011027743
0.17641733493489564
0.5163195507069979
0.942649919475792
4121.271558731761
37.50482937368657
822.4774974776584
56.077859393489305
738.7404583879708
456.27196314186244
9.012680023395406
5.6065638345802125
43.74614581241435
0.8124522731125724
42.58339250570826
77.9532167762409
0.5271770643102333
0.17964811327957886
0.271452015926798
20.01684322519012
2.4016402902692437
9.611119700448356
1146.6819773809589
2.360481292023459
137.82203675369087
0.14343471140466413
42.4383716544513
48.713618973342165
449.5394397851116
81.47203048703744
712.3527871653646
6275.951102528139
3.6717735007950503
5.391859039527881
75.98166346629706
0.880328031931521
9992.065434358685
57.77438303969884
6.396376508454427
8037.378216133361
60.143410779307715
0.2098876694713423
20.15492024513992
3.1015451436056596
3228.5887233688304
0.02681557216351771
8054.531062589319
74.56890199378094
0.9723781559577468
8603.561466140565
488.03886778624906
3129.6658859569484
79.29781721851317
5.472331132848142
569.8242706855815
549.7360235066847
3.609108172886769
89.27810097972294
919.1064161097254
71.89357696898708
0.9791736891776903
9.749475998885952
0.5143921782855446
3.5676528723278667
96.40383289127257
2633.2428882460135
0.87572643859242
675.7343293992553
46.06564155402791
3017.505764004841
6163.653037675801
1.692813063105516
0.3579803074258937
2856.5049841560185
1714.1160912691955
0.1413925928042039
4234.598708606827
36.99103588507169
5580.636709947437
8213.025944511344
9.384539305249938
1.0005496698821537
539.438296057553
5410.1618110653635
95.31498504473846
4763.020344044282
30.69017038793178
61.67837416561569
5.040431308098928
70.27900133248932
2283.969110999424
6.477115196718202
6.296697796817804
9413.013453100515
2.7398797870469416
0.9347107515513327
123.56660599380676
3.71191774142288
8.554986378851705
745.0977331519705
20.878658805217963
3.0414421216704737
743.9208706291279
75.72506707795019
46.43863976921403
0.4208296274160238
675.3166603613977
65.41121238207846
6836.154268055351
97.32142964997786
1.6172559527807484
7439.564514103711
8.604741132346728
0.13115463522164394
515.3238382061106
2129.616998791375
52.186119952308374
0.18780079483479006
82.82521454374624
866.5830911937943
0.8432373853528639
180.3800480807527
0.504188618689425
7.013421167684476
2.6362863759782296
0.6253342104968074
84.41928655911187
5.315943863189691
57.82467672931379
9.812821807769685
4116.738557337978
1.4663797946284651
0.702431567162759
0.9906361776546118
0.09280904014762148
0.13881042639761143
6.751602649491254
94.94244710001757
0.9614437810777475
598.2284760341784
6004.048107528976
0.9192330882217946
71.77324221408715
97.00988880841346
747.3478849148038
6639.209252242604
5.670735913186316
48.723812192738706
91.4294825115068
0.7076625080244915
1965.2663025255956
5.557463050354947
0.3710320769442986
9.873459322741514
66.87799846711437
7381.213737388651
29.620869776458182
77.44406706185659
0.6121762076078441
4.3707775659740715
914.8947467333174
1952.1556618021086
7588.335173869101
4404.996524887784
80.2040165221317
84.39791601119121
6.6710564201329365
0.29323133239137344
2244.65273205513
97.41928338679628
37.39944964557296
0.7522520611832554
82.2210921097346
87.29917163987587
0.48311922813862596
9.035398205647567
2.474444000394216
740.8303594231579
761.2554066354036
3222.4029592870907
4.588545908753916
6.862189786984146
80.58442351403416
70.88824945661672
90.69441352318286
1383.6621444870389
86.67398936695511
5.925085956823008
4034.2315255578765
0.4623972570732381
31.722982527965836
349.114365914708
5034.857986583815
142.60086314437558
972.630418096162
66.41334680970628
34.62314750380903
890.7397259692873
0.6523067542608543
42.994260341577785
9.83726333478985
9.703138706854634
6.022482668395619
2368.9045081667814
432.6999949885654
0.1929736566306398
49.25461239044533
7217.678722491648
0.8073297056287742
8.835033378001233
1.5271129054293553
0.3195573683232318
421.6445445404052
98.43638062447886
9.985571097935722
4894.74513122626
85.70404088060786
3.812438883644772
1557.4307929147024
113.31562125602235
16.57674364924544
0.3461116757832179
4.931631108261247
49.83928377498028
71.644289853832
313.0727035959636
0.290564988912428
158.96128822095557
3258.2334923089306
167.54701902415013
494.35482987242875
0.5954120416481073
96.22537466395708
798.4309828863268
26.74220904545699
0.9374157420349488
0.8691991205234377
7.236908330857439
0.9484435845283468
2.59929908340484
0.9681689917535439
916.9538208762751
30.07902464615899
1717.9285445967907
9.205480046662334
97.32161475544952
0.25845651749247056
133.02086821160398
0.533888831613129
228.19497965110202
592.3089137808189
339.96705278804274
156.2112460142623
86.60110796123965
341.3999976843662
188.66090942637993
509.55042602486077
2984.8638624632317
0.47952661515215256
0.03712931150193688
66.84395321045385
453.44713902594333
73.94962443554346
964.857232427764
0.021583278922381988
183.66493854504108
0.7923978471910258
9.134310132267988
92.4099641847489
45.38963727539124
0.15148473578405386
5.215669252375531
7.390090304360859
0.025959538285320938
3.2827370732130667
7421.259892480834
0.016376576620262928
0.0103355525871911
0.034314724424944654
4.574717217347663
0.6351560933757463
0.536820473175765
5.139536204678591
0.11323261317040867
686.5404153624855
0.05630100966612839
445.79863915086514
504.3302692657392
2.7310584643210567
5.402093527307059
0.6160915976692457
524.4204115341911
84.84696429595012
77.0489393309833
0.5459521327668319
5.0593068915441215
817.1670179034402
27.335578844452748
0.856755405503091
2.7371134337785543
978.6902172940875
9.386554779845355
9456.34424739675
1110.8369550994323
6261.288392050857
9096.255516863626
7353.09147850146
0.7950832221056848
482.4299989422479
8.152436253308764
13.391894717643194
81.25178980828082
42.697567428033324
8650.751399468201
3.1501047516953085
0.789996156420724
0.518044397109059
0.5572986135204584
0.6839547978468846
0.7033145364654891
49.62738174543113
72.38516047025519
50.01673132082966
0.5338245270247465
0.1428810785786011
4.70101575136868
355.3922129109199
0.48673082770130716
6.092288851919622
118.04799497746299
0.4407489613895432
34.005869041069694
687.7011512930779
391.1141082303798
10.498004021973351
70.5295974706841
153.5761111413072
583.9042302451985
802.8114159465956
6.905447896912904
71.30745901864066
0.08411722929454413
6519.4750038773545
0.6497947164802397
0.4874004594367811
0.3598833452107161
0.7294962975758736
1650.838700031979
0.2110290240928152
5907.701377583729
4.261065070404194
0.9434168387585624
907.1332193082417
82.93203025522203
6776.7785358140245
7407.221673519275
764.3390156516538
76.22279181544357
46.879466277593195
0.45362097069282104
54.473083181601275
623.1806549496116
897.5392114017455
0.6373461240449291
1.132442980561742
236.85390239441105
1460.133132613044
0.27331870092908317
3485.6163655240557
31.74016203499246
515.5515299686278
45.44339277971255
2776.1649674981727
8092.019923078972
0.3243686574436603
0.999152541579075
0.06807980021057425
3.9124029896612598
0.1555885085175418
2.3613265972210717
6343.258724060998
258.9726678230062
0.2311586814945803
85.60063301437741
0.7476124123223906
4192.557192751181
3887.916985799874
0.8948376340150435
28.91085621203786
0.34318866588484453
0.9132186375041056
554.7610736379978
55.879470366914276
3.874721034614325
1.4453790658752752
0.4508429351337955
331.32691087545874
414.83311783892697
8361.429306771264
5759.053466791314
83.44088512330752
81.10965336422771
6633.227544339328
9.487116774637636
37.77915673220809
75.47894741375254
5.898601232945611
7615.189347488957
3.206527669002438
2.2448683369175226
79.07511859665455
0.3195511636521938
5.416832880070296
479.99389901029053
66.90837741428156
15.49990410750135
0.967672844933228
0.41281260443312295
758.3241299289917
44.93354044827772
0.6398698325400609
225.85818914080468
9.372114576895454
5339.179622184356
3.386637484545334
0.8074588754511985
804.3348529858002
89.58220460015023
0.7164650540617314
999.2535566588313
7.26794456712867
0.8686515515860377
78.54523717252839
8110.04190476623
20.25277464833657
41.84145339050335
1793.824080438514
52.41496099130326
0.697007535777181
2.725548421895938
3692.819905658764
0.9334532373341059
4.730516323634372
23.98924671265942
85.15754166256895
0.662051663922196
0.1470162536947035
4.578460000876286
0.07445609259685959
0.8222487260425615
0.13349963494288886
0.4289367546844238
72.91350913098232
96.95156462690151
0.5072123587735933
904.2770681011075
4.31849909398882
68.47759202492439
0.8503040260114287
42.72610630159808
0.7910930703739706
80.67745486187988
1589.40294224703
1294.0169221346398
729.6670378424432
20.73904461803201
67.92800233584065
6.157161987905737
6618.227618207734
2504.59836854082
0.5399607273758432
468.61382420901776
581.0950209090776
2.329741264060896
80.90704082527535
83.55138478133391
0.10752982952790813
2.4429983706829494
9.420974964164941
8.456757016118544
8.1762582501296
1.9279101367073415
69.0703845222927
8.86515917051131
0.7242979330354911
101.86856128509869
19.119761695656567
2.6272848972011262
586.1669720264506
27.69193904328391
0.8894921985979156
3036.183089597292
177.58278008382987
0.46267445595480283
0.9181038740868378
70.8511431520385
0.9402875236569442
406.9364531562273
0.3797479354552191
536.9083880880665
83.64128970400286
6789.972399722328
2.958131021360767
0.6854544530917053
6323.258319035708
358.39231901513057
854.7862036132975
5074.491637909955
0.5126067530414468
91.86486563488579
111.84246148362188
0.06165226521756806
825.7014066434059
583.3137176784725
4569.140346837762
1.0450018285984775
450.13176593380024
13.148834915089214
3938.480231193978
810.451615678399
371.3056759043991
675.8241620103844
9960.689939273474
47.97393962930734
9.16388673320804
872.1283937577923
0.22631938425121356
641.937243873685
3.4588633122593535
0.7502694567214396
3.6729430318082548
0.12325858170111248
72.30312452085681
389.9015249378993
153.7037470666719
707.4984970458644
3977.239629614939
0.7245989509679853
1598.7947435972915
630.2172485122446
8.919476369202695
9.33887107413266
535.5426905778844
1.2040523553093163
81.29140609641661
0.5737708355804005
9.485704122076603
0.25979941499120884
4.12217615136655
15.537955803265714
2.6359771554186984
0.1357926782224116
421.7121871859002
7.890374337223985
1040.4773477713602
3178.311869395668
932.4572539527579
0.38909762343996657
0.053743319994503325
5.524417702086865
4.43031405302124
451.4664263522843
0.5757221195785414
77.86674608578682
64.73267154296124
73.07925313974988
0.26735771954485954
34.92932138158273
0.23256426034418798
6.744386046316708
4329.428356626663
9290.185096238203
474.30273343041193
0.9178262792231743
8.293747357666316
154.97854623261742
676.0048592750823
9.560376494355296
0.8849939861283658
5680.901176334305
0.24150368434988467
5288.034061369944
0.2970576783325076
165.06607015269958
7.73443453819617
198.15728249588804
80.50270687757876
8025.743575363545
0.092154340861753
0.6470644724436839
69.60852602260613
0.20840127715414325
5.252145759131088
0.43180296042624133
0.17749299231775262
62.81145014588028
66.20409341479674
7450.879746411402
0.04553063293346382
3026.6188523048377
2273.405987641982
99.15139412365508
11.246926398422286
0.0833331719037288
8961.752685807647
1991.0839985050666
0.1276497316903159
5362.869173663742
50.2593272211718
2.6562762548477137
9.246956719534484
8995.142599802091
7.078892720472075
364.0545564643054
7.247752569503307
0.4810539301234271
890.9449015728668
62.64989974421066
3.7753542553440633
9645.73488834154
681.3835707008274
0.4728999694629462
0.3037152748931722
4.2027026088101405
24.81751904142152
1861.9114440621609
0.6152889431969916
68.58896629018642
9030.061675708426
9657.41968458937
33.99469414797728
4616.235172350009
2779.5427138899463
53.759185441330295
47.39079023142273
6025.992398644953
4.812540185093689
581.5570548869485
4563.511413453895
0.7763870659257887
6.903902413528138
5625.4029605814085
650.3735972500458
2080.9715138291017
9.605542757088957
9.317577443071348
0.5444836176626513
17.02111959838659
84.72203193035838
0.8193389236121168
821.576116616036
4522.1288408840555
6.451644090326773
668.4138519210021
61.84089942335015
1720.6152364718175
0.09140469255887107
94.4879349428322
5.3520949580694674
0.20423951503494087
453.69359482765225
809.5229987302545
66.89636756639423
0.6460905526772367
0.953426394052638
68.17455888341985
0.8365145298496737
0.3028960665138468
0.11474430921595347
691.8089843368836
0.861300428346794
5.240985818075482
3.0611312312925687
86.07427816734365
42.59217639290605
0.24653857532130696
24.51569433482501
0.27161371349764074
7.127831390047195
63.34864637054133
77.96507905071648
5321.840883528653
4.1009765167270285
1484.5348307857541
130.7772160142502
883.1748672727388
961.2895088801831
135.2231585904806
1.0773548152495493
0.10510450648753511
0.4199196985774667
98.66276344147498
4291.5785202217
1404.0298308959852
0.7922014376038055
154.00094885526084
0.8007395756383666
35.7994353150648
6327.341655804903
38.2828474268424
5.73200129364468
2.471604762923824
0.632360542920064
26.386282218015356
932.8111385665528
1289.8631341825428
52.71568891092709
0.15493337253692918
0.5840344893883831
165.96852722258183
372.65102938081105
1218.6147834324279
7.4052501988053345
0.7243240318042626
9.507970882676322
5575.080745454446
0.8092152695526278
0.42431207202865306
648.944197587166
4676.369904825062
0.028970341513113285
0.741881531456793
0.2982373537309051
4050.768138547973
5439.724887706308
0.859430278562115
29.780453693439924
33.51648195046695
7.0443068593239255
8984.134848747442
1746.3655592860605
4924.546540746792
0.12977145081657337
92.75751069675076
50.804049536788554
745.9832471023373
0.18015995672018104
0.20367089567581187
265.30304698547127
5887.055281187371
0.1176943563804278
35.222520892040684
8.432017930638677
0.9806585453617058
646.7797206100444
8674.687029935838
122.95688188930687
165.24191490247776
0.27492318730564347
6254.352509290886
203.17614270057504
9584.303612913396
759.4288623088878
0.6381077652886824
125.38040309118614
0.7241369050826931
0.020970376113280675
0.6202943204671124
958.050194534027
0.8026940065813019
7796.3007171647105
6702.444765030767
6466.962396580187
9.567218168173923
599.3965236790013
6982.3665111122655
8326.830529973695
70.48563801844439
25.42254365674761
8.920422971212863
3265.3577938505164
7302.326054189621
909.3357207927625
696.7706624224435
5.5051583965661965
565.7017906714165
33.68662082775933
97.8339318459962
8397.108707187808
591.2615674872139
0.03658261381805217
5775.726785483046
7433.338107217939
6.757215418137315
9895.405443707334
97.1464925365282
4421.821884949439
7.825863186865298
0.765027030066099
0.8281826932120615
6.3905035465127416
5932.754986227989
49.12636942413736
0.22982830534017362
5343.626255640752
6951.088557030408
950.5948535169116
89.90912800864224
211.36456407503857
26.12962381084446
0.7421508832199675
0.4451275909637301
148.0836883187334
14.958094610734939
52.38047846245747
0.5279085985986712
15.11901115290164
9.026536110124018
0.46290498071785424
0.8130528433389299
140.15709701802314
0.9409761167253472
35.19399187467649
61.343133971376375
471.5897711292343
0.025788976437080557
0.8085705773616519
642.0725239687304
3.510699973167415
401.07716960607445
789.2560592720199
1530.069159091556
9.38144469762625
4363.235405689886
514.3676937071659
4252.02140571502
8545.963729443603
0.255240373946758
1443.5195762761389
2.965450506159674
224.77983437406922
792.6665673317073
2.745718997027601
3.186421779778854
0.9037714444113517
0.05204657288829717
5.912975501141512
480.3381818533906
54.54235130373425
0.10028655276890397
4828.040967901999
3488.428012874286
0.8857257131809603
155.554607390624
0.4956930336189804
0.6202772633710518
0.10822896556594053
149.07875097484057
58.02547388264473
4756.2987973273475
3.8250937728253556
3.0049009977174146
4068.205825788017
97.14109331943138
18.24557439909694
40.632250329021744
9.237139871830474
3.780008230644112
780.704922962468
3.716245031279388
0.8860193084198137
3.3782830800771846
99.99365091413716
3817.929672372261
22.5762478488871
0.9569256782082807
4.943956403470927
8715.019340335515
0.8526793113536223
7150.836683273096
21.699058478812262
8916.98227531466
1.4114857359942279
28.534970070669917
93.01566645340698
0.24888906878309092
0.840820978894451
9.222836766765303
2393.3815404070556
1.0869575421400746
4.547443194446129
0.2676609734512656
2896.2203603024673
8235.41641311467
0.7691377604811557
5637.148740029454
285.1141296766172
1552.8752789975597
7521.598928726411
63.770499576213666
46.71969163927948
9.203822504649498
3.2185649172064457
0.9443794758978445
0.3578613420346921
647.3165956481638
0.24695164338999553
1.4342193391250246
6.425278552786695
8210.29041144111
3.6748893965207605
6257.362425479548
55.98904935357818
1.2772475673491335
4968.287724007553
4.957072705895915
9413.506637310225
985.7473780456445
3299.0594602365563
7426.071846516827
906.3198996869093
0.9139245051493838
820.1007571762656
66.07235908372134
0.3612746612418942
8839.95330940738
3587.6094096768506
66.19561679392623
14.072563089053258
0.9591406653573622
105.36435760237318
128.98332230965605
4608.715081071397
777.6742882425424
3.977834558443676
32.599672765403575
8359.529030618243
7.0843352556655015
19.259760434903896
0.1552463572177768
0.8421544601707159
8370.815895312853
1996.797896577054
0.09140741085603987
397.8419613682658
3.355355751055431
2.5384696633000337
8.95579389969394
0.9896339469943187
339.6526396113027
245.57769904622896
9.72985782539731
250.15817918361327
769.1874393997231
685.3867346281771
844.4804356462687
0.21161759837909533
887.2988400618506
2420.6023357702943
92.45975495385026
6.974199275210977
0.7128518872037986
8086.933914534872
794.0612154394557
8.520261209075471
749.8010643923825
0.3304653728309652
0.6595934234738395
0.26684982093963205
0.8213870656233987
2374.801156634225
5.344119811354309
9.995066703472176
1.5515227729393954
22.071003877074414
9.318872196285879
68.1778993387658
7.7455986452835415
703.9952920234033
2.311768238978451
920.0298959433134
2.84476704916218
22.346555898509635
863.650005466419
30.257127033014896
9735.860844221805
32.8699978591594
181.24874612382703
99.78261541601579
1126.3218093656212
386.6676954640891
1.6829202831415813
7.89148145728494
6639.340878598416
0.13778544901600975
15.322867441009036
6.819160404929903
1.7538417472474732
5.614651571738152
65.93846956762572
7460.736028325074
523.805381117664
275.5942045606703
0.13700983580334836
8.538152998951618
0.6455762903192097
0.5326927350883723
0.4125602949350903
0.5193047299583458
0.7395774147825982
0.6103594727209957
914.3588933691047
8.161931414159607
5.136578822028194
742.4357460327885
8808.793049475533
0.8207534575309635
6850.111643759026
4315.948739372715
2340.928756007521
83.76081995852046
7.1830000962850455
0.40216226576653946
4.7760042383093415
18.837535810808948
816.5156419290572
4150.363792895722
36.83146034028263
99.06349164532543
3.223567262985092
555.7829660067583
4432.996619153578
4.997859482548968
191.04295620923173
2.5599376258629434
41.14480242377682
331.34761223117016
298.4485711936048
59.49660655483018
0.6376162034748537
7.2402814245725
0.24532875839663182
111.61148884237248
0.9811558419687569
9885.936529681778
1466.4982676615812
0.3683355347215991
626.7032342339396
22.836944658420634
415.5158037884924
6.859663375323674
64.84385327837585
0.3031629023647874
0.414827441403808
5947.295185183543
5681.409704631358
54.63391086458193
8977.103138239805
422.3791254268109
34.85117606666047
0.7536977170056532
51.32204597967727
2.9452995732073295
57.97222302711784
5.28385915017886
919.8145086375399
7435.773700449452
57.23133954207622
1.7189361892034238
829.5487948005972
36.21906085323787
848.2418184948815
5646.335964777242
8.45301725473558
80.87238175579553
0.4818275820480661
7.080253063740144
4044.2453400990053
8881.79898254076
9815.204226735968
612.8575502296728
2.677061760075583
410.9382452108279
0.4441020463379244
0.2458756830355474
9652.298045484265
58.31826419436583
331.9903127167908
597.1156041022634
713.778981057046
4.350760440349068
883.6061825136868
5.207119799951428
0.3986216108078201
568.6028027839991
5.269407621681563
17.688434800868492
19.862715066096936
0.14666075594362293
27.68954066186089
8.871887471488272
6291.407251292804
925.1778796188195
73.60376254623901
61.5722432571426
0.12718978309108386
93.1956721783007
831.2303251271015
9115.429708900145
313.3050425994182
60.54929482734155
0.8792360507049024
7051.410410135879
872.8269673579325
1410.976554615161
6.840936634814248
0.2124040491451512
938.9421006812613
0.24924114414279297
5079.2631950717805
3725.6059594237954
68.21091488648734
0.25861410795885453
1897.556534742666
0.7631054357528722
1.4618686047381346
264.59840419225446
2272.603272925351
9.062751746152575
6.220237855571057
0.6155570108183878
652.318534705403
1.6452691760650262
88.772822147792
0.5310742548062749
9465.849490218245
2777.7730289664073
1.8307501763292522
0.8747457602869658
88.79474565752388
133.57668692545866
6253.2702322890755
21.588353610395018
38.95518693312064
3.634084349051215
7.842088696614749
0.8692444647180856
0.3219704723915051
0.870384509256738
8205.07086498637
0.7363562535434556
6921.506839683111
24.970134194328253
0.5895218827386867
0.9128284707490977
6.496552294633652
57.03834048037725
0.5963381635306105
0.3588199025388432
35.325492383363056
9620.87868660526
20.423378898624666
520.8052090043032
0.24370288977346422
0.6891052679855243
594.8130084788722
49.88472533210366
1256.4376269774314
0.8002441921206183
0.31965782571477164
21.983545896713053
22.64516263707256
0.14682260390465462
3.391883673175947
7768.881139735975
0.9112486398235632
7885.207679747868
80.24161499987842
1595.6264950999077
0.02241518646310736
6.281183702817922
660.8756291424935
5159.138677035658
0.7331728905305797
398.70625043669105
26.917371899081367
1211.3726977432082
0.03425833802195155
68.56957939336277
0.8758375298423468
44.70480002042898
5105.392964050239
0.7694473633598077
9.580617229224526
0.19960410191859013
0.7482033132749487
45.42938098436675
0.7226410111116769
0.8708159299024757
57.97563176069549
8.084831323307355
0.48779843737169437
91.85015502816933
280.50745995362746
0.6783889586639247
52.19055752871093
0.7092570558349801
9.429390338887494
962.1972124846212
0.38281637665870927
0.534589569781515
0.9826316337389056
9746.81781150602
55.215722342387416
0.16209286336676276
53.080564949933596
2869.404454171306
1998.9425316419286
7.14431047246091
23.40529903200754
3705.560247632069
2284.8687000796854
64.85396822071554
394.55874517759094
31.42151707051997
9058.288498342417
3.631908833965337
8.694716517920936
982.5015201564769
0.03856188564095808
4129.195078481262
206.36357375911606
25.913527663380187
247.66596628808202
4.252419444944023
5503.961347356472
355.32535418816656
2.8234153804976603
288.9379444365628
481.1939716767102
2.298197401376295
85.67042965090279
0.7307463235312286
2.6366053147210353
6.477502600647787
24.683209465693878
0.7676497048046096
6290.910114242255
666.744836778205
510.96017651438575
7.826887940623692
8.717367678636649
0.9611233648543596
6174.350012889142
8898.578058527844
6.056103840085436
13.463825515387406
907.5982458270321
1.5192832567718495
20.249300003743
8935.932785862962
61.57461459462405
0.9767323944058806
8.731890476892342
27.135240148634132
18.810238798653412
6.221533393838805
6.120817467066331
76.92084576124566
5.156066903865238
0.4663032684053363
713.9977187247057
4630.354237661306
287.6488377854307
539.2956590086299
680.1726253846067
44.86333318515745
5685.98601310074
0.278670565193478
9.80805298631474
3.706192511878977
449.223926712069
6328.581656041273
51.88674998830217
0.28015714461675756
0.6429609274654524
48.799945335155556
456.3804626654342
0.2049622877422973
31.750808655290253
0.5379158878842013
6.05643580065248
1.751494655039354
3791.9801798744425
51.544395692848845
6179.955330884845
789.5760264242208
51.306674197202476
5.479764374020886
828.1482412218937
6.581660766692892
359.2471011072351
7.121039509909469
880.8074623196633
77.61395211273518
144.80207025525505
0.07012771870413881
919.2874966149744
8.006166766870024
0.9717807377135798
9.573559680010707
2615.217486128254
97.41244957301411
71.71269892437962
75.48846944766092
0.6094112745014912
209.37603566283047
496.3391889758535
503.4300468176415
5334.2683356442785
2.0388681957911556
9415.285480765127
922.2972077559333
177.28916024826492
701.7179883576466
3.563061772851831
805.5661365863006
9126.617840980496
7.729974403260851
499.85721635115056
648.6884028973101
0.5686895627905093
1020.769463064074
281.59254861764606
2.7883550538357262
0.9724138655902296
261.7757998568895
0.4887209830981982
12.61230726246161
0.6926937687995368
4.778778780165672
7983.73058272845
0.06593868978229334
7939.548598470988
89.89979767326332
0.3237857727648361
5.004394856504856
0.6646371320639138
5.359290495537122
21.47173968990931
3.683535375063985
4639.130474971389
4515.258387961831
381.9905011335958
29.221176256290306
0.6247145224703233
0.5167199896812179
75.8997694581479
0.8677736059525711
8960.579793514842
94.52842084644334
2081.068131924884
842.2518359298986
617.5071182951164
144.63705349701405
57.93629046878217
4671.977794655877
96.2536511733236
0.47800991345283383
13.484893777091589
2229.531804666751
97.393966831534
5.301999458106655
4.104849765553657
327.4969786876139
44.08511162978701
292.23528631414985
19.477531344496747
175.92685885647552
0.6053761192572825
2226.7686039870396
0.33379745949836237
0.41527900750904023
0.5327404784513448
3.9725760320464665
1.6065219657417884
742.8053910578609
0.07906105378185557
0.5218943697826682
4420.354071004651
1.4321370235638753
3.6616590572580043
9.779969773874303
731.355974162313
470.46063586827745
397.4387667302868
0.015674477927660413
0.1627159119037439
8.861924377703934
2.6196180346699838
3.4852087317913116
2792.2177030793105
24.902702557699165
89.14711106395956
0.42923150386819564
387.19027999996337
0.07512417196393806
106.75063373210803
9083.80800874483
0.2862917014607925
227.27633633295886
621.2588023119605
5.752561568820518
0.10935174789307
0.951192569383273
2.630009331361288
63.482923391374726
7.946688319702204
8274.826930086949
3.8741339486211945
8.817323510617218
5936.233522113576
183.45797478820924
0.46868705005176103
25.573209434827014
8.821241170114181
9.685828610011013
0.9076433920508828
7013.715184639744
8.988795157143226
1204.5225862125585
0.536545450070099
0.6400365814587168
8.965838820122638
4.974333508309236
0.7051001506809939
1.7568585169684159
0.7875921747258315
9.504547334908874
262.4887008737771
769.7964382509954
0.1616771464212401
194.03334320052457
0.7381339895508193
4.832976387706401
4523.024240215079
6515.204533038303
2770.7101098842836
5018.914116294655
727.8104752180607
592.8688918309056
0.9683740182070745
0.760413911127692
49.02175417817436
8840.438585132555
0.20107918067437336
9262.883748322874
7102.176808555447
36.078493689289395
6.3441443454310456
29.239986734341162
0.3548599657046315
3.1453997953467114
9071.525161732825
8459.730760984798
5844.960878488375
375.2779790266719
314.041797497286
50.98531312602823
2167.469263217433
0.11405940819675375
441.2411841315355
5822.198073305532
2590.7095421613203
7.292721022547313
32.70324733748665
887.7445279307514
4.737526250190205
22.0274340579685
0.49940896131040335
4.687286552254966
6.788528719210789
0.5660200946788987
61.04834333858226
274.5746640841933
56.992668740375365
900.4532900050089
82.62980383963811
0.8999503256553507
5348.547774071933
9.580978293549109
63.28624506697819
0.5913010506424413
6173.911295531563
0.8750282131642328
0.8553554491439059
4288.1063318952965
800.1761997865726
0.8678242718107095
0.12257413314705157
2.4872143874218766
0.31276336928063
7840.159093474859
67.81991665348511
4387.7952741369045
382.52013768733775
99.59918073351342
28.01681895405228
0.7033953638037005
90.17501241201393
0.9182973748750436
83.92000124044759
1806.473877386705
14.02567721245127
5500.613929752179
8.182910574679726
4200.501006359242
3034.4608438215846
672.8453398552463
5.144788166546014
687.7326523419156
823.5187626252134
2369.022128547986
7.981334315988422
8324.286909347236
484.89967032327405
2.510317561881865
0.986281430199517
18.51015025097641
93.90291492728137
0.5682848129151563
4589.650324964503
0.41001545339453205
0.8884173911256715
4203.894089045066
5.445062902390556
0.29717279568597044
163.7206192538949
0.9569331235462044
926.7395061056677
589.1548156561614
7098.633408449016
1117.3606791690372
839.6231901722939
745.0575378106587
6.967134995028145
2.2014322141658917
3729.105926893548
240.93114135447192
529.6331517803052
0.019499393832533962
800.2000744602782
659.6754236478266
601.6753081688305
48.26485437631679
86.92811608530602
40.60238484678686
93.98174744676108
8.678350112563544
19.668050457648256
7888.096225098766
5.441383866755906
0.5080898074592408
64.39401302189216
489.53120855645903
7211.509100626803
60.24008067632196
498.5958722836549
5.121083655468391
780.551197975492
4.36156738373654
302.13694197025063
0.4748009214807434
9762.01753260944
3.0676918656982766
886.0515656606152
0.034341467601600284
4.971987147732224
0.5907945574009459
3770.153690398428
5595.688466705855
6.237006624265246
665.078985904202
9.296323364803948
915.5736993215583
0.2228889659652752
65.4619270235095
7827.500928944614
7201.709097879144
6215.854518780068
58.19482863028086
86.35328172677814
8941.248265628461
53.31064076522394
5998.32941402768
21.357141098974488
258.1997515988731
84.76766157092995
8.515888627124129
384.24558442783473
6.059245395299869
0.9573761973323222
563.5177009598658
6933.617272899998
5.879129928260937
0.67916434152842
5.801417008400694
7566.995568551811
7.706555258815701
83.21322090202653
0.6482452831055274
8805.475326029895
8.233233976097981
599.873689549771
62.835446475897285
7.530617009967594
6.3906036059091855
7191.783903427797
81.25697947807356
85.13000873878346
51.979407225791675
23.937455662968944
46.8382515569153
6.325698813475007
2.5657078050033233
265.00778621636044
56.321105553159335
0.9203477987372466
5563.88353624703
0.192531868375463
7.014850691640105
2451.2861735983606
9.775036108245148
6.05282136036082
183.9704667690929
0.10447515015565556
4.700972935133434
9.37336401251536
7.648680582124826
60.23297354885182
33.87703649604844
0.4023247300230537
303.5745574061028
453.627838389007
90.57330210810701
1.8594001530018223
8.292542274407843
63.47228114293119
44.436548847363696
244.9687151453238
63.889698661325966
658.6407128965924
0.5899460263853757
1.8199228318087846
83.04462545523211
8193.889999172916
1.1797040211690535
33.18522964710906
5500.869722290283
35.46863218428267
1.1969372091385533
2.296195299994903
4928.900967846145
44.89735630060859
96.84815055042803
18.02671763309116
8061.380919339518
0.8160558321297372
9.542294644349237
0.4648305899052929
996.1221355981239
25.67326330317391
3504.5285986107024
3.334556499348352
98.12633120865515
7199.945465339139
0.8103313937601633
7.0825587775339045
14.226699578058144
31.867893490091614
53.88254867340721
0.4952463381434976
36.834418557573926
7.985573551404932
6974.039274268636
266.40826220654947
672.7530043602918
356.7892633967068
0.1256431689720322
0.6758651391454713
6.382791006180265
0.5712615627134648
2623.0660372132975
91.54633461584834
82.58650335092634
7909.574277079687
25.478101858730685
640.8258480324913
45.596031745259204
3.9868814991889034
4335.677169049022
8.264927546519814
9673.890124662887
2836.902051544574
7.795362183425488
16.677030636539115
0.5549710573479971
78.67602920757867
66.10837180733596
9.811021670766154
0.4975187412030102
0.17792746375127166
6.725383319556194
590.6928343775048
63.23045296212921
0.9256389686606223
0.9509176425830718
0.529731175186026
76.60394287539273
3451.093930598278
0.5606941561848476
0.8483771642992243
7.415056706300312
5091.0961776646745
0.3397078585180531
523.009197298423
6.115666875076849
124.91399229123179
8.756811024255288
437.6197570453503
21.934098480674933
24.417668656458467
6535.9357680602525
74.9319872187608
48.235926097368335
0.39003734145883695
290.7215832633914
0.7408075138399797
35.77918306738675
0.7271352458123691
1227.6970841403734
0.5219755296924722
1.5410462393600222
929.459553856965
524.3561427925854
1.0548201360945642
0.3682903877982848
0.7161135523666173
0.18641239443198565
933.407537609598
8.32905335107595
1360.956448299605
8.535213777734704
24.94165500920723
538.424591875337
5617.226218327559
727.1867583696438
3861.3080360206973
0.6730245407258947
0.9076068906808311
4.69090663934267
8.253536496532233
0.4598385566122347
498.33725430708364
4.221250368772123
86.51413622049515
60.35916969288081
0.7904023400811689
45.733432670475125
0.12036732866306987
5.961599487740332
0.5948008542133429
6333.801672922885
8307.806173393688
8.329980615104573
2.707707955844808
514.8143891094459
3775.7732728484093
1.1406894006858725
73.65523272840063
2.9213239740549812
807.202771369484
577.5573227027337
20.47481284997782
4.639305467430669
432.37144579489603
7.6943252137528955
2345.566022444011
6512.662421032936
0.9289665908221012
1206.1490374440632
21.431511541267955
7920.099636235588
932.8486625558995
0.0868315722739692
3052.3959151159975
800.660013024058
93.65391880046842
3.211986189976429
0.2017178668757038
0.6764702816051513
59.5038318562233
13.901610896653127
90.26401533206064
8985.976024702162
4968.694495019332
5.572675931226941
0.20738202589733779
5546.915605377041
7863.516301262391
8.064134610628509
2115.9866625711297
1850.4339929810421
36.59068192841774
455.3434308257943
0.8291289637912045
939.845160611029
854.7380718252242
0.7960470278673459
604.9261749826217
4780.643913678127
8047.369066059888
0.6979112133673571
776.9006199109728
0.01501845190665585
16.170990385753235
99.95562015224412
8009.198024814496
7.907216034319603
0.37548692310615883
4.2091939136785275
6.707309173173989
2.240500131044371
39.21464512452898
6.041288451110319
190.88393476628596
9617.849223854522
2.7017963360559416
52.82332804213192
6505.526949769368
14.948560487662766
665.050394296091
856.6517250963419
529.2964979207441
0.9078261977373389
7.456445824848562
2.6441568998512532
3497.2612675452706
0.8271100551816454
49.61079633474259
960.8476583213313
755.1945739619588
9175.965211065182
4057.84776785582
305.3249731089308
8599.236041683485
8835.123015245086
0.9604179419629697
505.12712320318644
3.1965631880346423
5690.90750009202
2790.9359479499108
82.19746138022614
0.23924807147705107
704.080846896007
0.3403796942642552
1578.8289939609813
8100.449008493623
39.95044103451845
5.053430011301994
5548.544163839745
0.833050044903266
9799.925519653685
6315.82192622578
0.03015776798277825
7839.636232250067
950.5245244347024
686.5971631981287
7.7211719903041995
2555.4773272317457
4823.538620043384
74.7233742579972
9981.006285972153
168.41501297419381
38.04100891900898
0.10272450073293626
5355.427812914601
0.1438038337630283
0.28947905763836246
509.984539816186
0.052912955470026946
0.22326247501833962
9166.50059015957
9.239635266552561
16.35817467353663
35.57902748904903
1.919287884037526
8654.733525616488
76.42150661665984
0.6549501370880507
0.18903076496073734
366.9052932913569
0.851839258042261
207.9667147372063
0.9649470106211615
31.45223032289891
6396.500384747917
2.967019868961467
627.6950117944019
8526.638439687542
20.381838489397953
0.950727011225444
36.585534787469584
0.8419945891221833
805.8185815798415
81.72114141003765
5009.649251986349
0.39767947379616475
13.379391001061503
739.1811797931127
75.86761355552206
4.596025414716132
140.23846781286497
41.083196604603934
9.47998837343166
908.9500821079899
0.38892957730133915
7388.009282494175
359.95692750593054
0.4931999507953725
836.9531588952347
5.165606122438745
20.88926602148945
4397.70810321685
281.35013720171906
2462.5991331847586
5.978467334825119
2662.4657729787573
842.1922520472683
80.08249922064734
0.6795267846640914
67.39048285553596
130.1059329229175
74.5353227891733
32.490425299797174
60.43845201247889
3435.547524177852
99.16980430808125
102.29035527889585
0.3340949437221
97.46081515692617
144.51893051845698
3829.3421592225463
94.65638472741978
193.75294767368678
8.074364021747872
733.3718073375871
6.074620807541816
5.12441025102955
695.9793499532138
667.919504579244
609.9026873183095
43.033176650260486
4898.162384985539
0.6704512978231002
7752.533766711404
4.541853881054251
1826.862058794002
4.677469793334106
0.30191257711629294
7.333086774718401
0.49260499301767546
3298.0279622830167
2.5797391637224565
8.039086234173691
0.7594590572688016
0.25973855998435114
6093.996834793993
7.310634900782564
0.23833997341172608
4.072469339940614
5853.994292794462
91.74647131472697
0.685031737867203
468.8745072430303
0.8574640740029728
0.09414584000148052
1.4239792473136548
0.04851720651004221
7850.525705043266
768.1024392320425
3.8278133396088942
558.2251906634865
985.9958528702163
7.2905012338970625
0.24040302205715913
0.7554959428127507
4.23454635798271
488.9376439875346
9511.009164250996
6.5719627336548605
312.13708656034345
76.07526003599993
8.363318182455425
9202.589642223546
0.7447371621327123
899.5750763636447
9.397908320608606
0.3222093815862126
87.47255530534692
8340.333372578209
4762.745701930816
28.317595248268944
209.32797170216134
34.434837011333485
728.3542053657267
0.5054311739990064
0.7740986860147062
99.06064278278573
7234.28798675963
5985.504138295761
5.92088492478636
8792.481590935227
8.61482239649187
70.82031876454089
7915.45031646893
66.57773199346278
74.02309280416009
29.812232446816754
0.411075911832129
0.7321089946572722
723.3562851953467
991.4295038847831
4896.40342529938
0.4271237220996812
873.8699722040166
751.8027123478386
6135.115157801083
6.560267673129992
6.751416128136306
2098.4080598437326
446.00476179019165
83.56878724032826
2.892960491090589
2.145543641364722
289.0061588106638
2138.6913083317695
59.37402428013483
20.81910450946072
81.57849550138258
7875.547139376084
27.52973630682559
2845.3558971415537
3.859597233564519
574.050963230005
99.36521045882051
366.2414600291277
8.366146380310067
4.467989270758049
3565.09808554186
8.609968934057598
193.3528765328999
386.95540749011184
80.82218201974871
3877.038999039861
6.289136974610139
7.763086549060637
5500.118807623515
6.307359221333946
45.7324283713725
0.8812984098198395
167.8621259559122
5.855805250132175
60.75920614943874
0.049530006102556645
9784.62764332432
58.252457390047475
0.5184657747659971
5.824493778739221
8.802315001170927
1.9209931368016242
16.56285854683488
7.41770030423464
77.14000710350355
6.0997216205140425
0.7739492894656468
5.145739683518665
32.578806935190805
4910.116256791856
0.7158853139870347
1062.9863538351804
3.0500743739609604
46.96488781775518
0.6647574762164403
276.0208845925152
5.213610942556121
2960.7726506975796
863.0911790644632
6066.319217331578
23.981331218129508
0.5236747133686648
5.94263612741144
4.647137052343692
0.22232297236636978
57.979717493032766
72.70093926463178
53.47992571734535
987.3145149394139
0.09000902215189344
1.1001438803983277
4117.991573110623
9544.984126641912
138.2289460353503
9.507592016924306
0.6836429138971749
678.1082927081205
3368.1419952746583
1.7591252654097733
0.5094012167279632
0.0878464974402966
2364.132428211956
0.8064766279783807
82.7385987015885
8.449783219426697
0.08450659218120704
65.73164005219134
5.252816825777792
0.601447801955807
7855.390957322044
0.10812575290550808
7820.301736866579
0.5356808553035164
7.976159374734828
0.6758758252031316
138.13760028492194
7.480659789254965
177.54187256791886
33.25675988033353
0.30091791695896497
6.6649053195970565
9.7622786543896
0.5268785312702667
9.711946696774065
0.08683836390041144
0.6229263727851729
85.71842916429488
314.6015842904829
957.9932210535509
141.39476686635965
0.9352439486178612
82.14997614575869
0.8979641350083268
454.7372653088044
333.2044867404829
7.978953910235635
6.231500029879305
11.26286498776966
64.24131451531497
50.50257272560103
0.091505555190326
9987.72503145657
208.19850882509417
6.2612686990678235
281.3105163999148
0.6047631743451657
8125.265905356879
5425.695465583334
288.09709617805237
90.98344427696034
7467.136947694561
1.6689034494350952
6177.601598412282
1.6921884456518987
267.1728857365182
0.4697228267275586
28.472962830185256
2.8367042031060663
692.667634271535
4.817156376875054
466.06985835712436
8071.146887997857
0.6528486310005153
8.356100297997044
89.93371836957263
3.3494990943239045
19.11320372891113
0.4290128990228754
0.47912057814953857
5.6954671988119765
494.7715350640436
122.36293109395125
0.3434736150042872
34.588641490366015
566.8300516206107
5.113088828372102
262.31902140849775
0.6192168957391117
8.06681604846447
70.33304905998213
0.8400762057152166
0.06365496753859212
69.70816541046972
598.192914181335
4756.103578734716
1.59190011159699
3525.7332372162177
8.829410721392751
71.97571733543622
7.793289419172655
382.7922596727091
838.2600173631743
0.04833068987620992
89.60624311167732
5.762551309632952
0.579578623789399
0.4708187156759658
6.929121172537834
7740.151250138887
7.849559932083995
0.49191799162336936
149.44352725933197
83.05493067291097
96.79227508745245
0.11499615185881207
9584.70812503818
2300.4248646248748
0.7542947467412104
9.060406692850872
0.9402757108464544
98.06317538189954
8.617224739595228
9879.830785284095
72.38571499920523
2026.4607549198265
0.33904214510660124
0.8488601708366551
64.43798975714081
7442.688279392107
161.38083493236422
7547.667204032587
102.13021271769418
1674.1967035038817
73.63153283412362
945.4055605204286
0.6929466134667018
57.66674473016491
5.865857152741048
9907.779987798927
6850.494677181197
2673.581456257007
831.782851631179
0.5527111298422266
4586.0402650320275
4.200695618229213
0.7648893702039872
8.751138243915197
0.39478649853392456
0.05877974982232803
362.613560834224
5.544986463841423
0.852661710743326
312.4317212270218
2737.906917712749
8.845145934679033
709.4786121958665
9.287503273852543
8.615705579687564
0.7924118630728466
2173.903380702329
555.8933417303363
0.8061378258967897
5.832793117325741
0.959964322730264
8.055439031543374
0.8487748380521528
992.2605823954176
8.399615153354002
0.3501203922116889
959.9045531558305
5.976196328729287
5.227381228339977
0.6319210610374313
743.0299891249573
104.5140075958767
12.564424745446178
15.643612796670636
8.831950695392726
0.4264557945295422
205.98090512180224
31.4582339497962
694.3563994033972
9656.398020227602
1.776983896771318
0.5701065192959041
3715.484950262894
5.870244630909527
490.4445541996587
4330.315474006247
58.03936153420708
4382.000917425948
0.35842721472125827
0.8749004281469366
4.599457976711051
50.56347294171653
135.66714482485554
7.82087164469734
7661.461834217001
0.5300420488104954
0.5860873142067266
5.185008191062926
774.9077848527762
3464.478632224918
0.3596384394957065
0.2474317411921808
0.6755688449207784
33.86830900805975
7.7795034540917705
7.961600446011291
122.98692593173554
8831.200749859021
0.510197236929763
32.95593032810118
3603.135029723653
91.45415655005596
20.241353717878276
8408.466135223953
8.273080070772087
4075.998881044397
4.5459120814482326
0.43048587992434917
9.75228274739867
0.04506645513956875
27.05569306894471
8093.217103914117
1105.195290346781
7302.344793202719
679.8975401400802
9.030160101039801
0.8980996613536754
166.03816585636267
4592.25801755376
974.6057209916914
0.09286565990690854
0.19361429320388301
2.0537216940513114
22.239201904429727
600.8868246442277
1.9894352872766274
3196.2265269149316
12.764619352429897
36.75427262561941
0.0964712246162257
356.9195708936701
629.2778014253159
3526.6776431695944
0.15787289148903483
0.260091286742715
2.8221446085907287
785.1891856400406
509.05446454184636
256.0907868227171
0.5537519496762943
1385.3830831269288
0.9652067351442406
520.0809884650265
964.3075736908435
5.358590230305646
6.476376608038178
67.93065562519574
2.2005874918360235
0.8962643261408354
5.935880443481727
6.227005951153521
3279.878527905806
7055.008034479416
5994.134285008276
8.362769974128906
3207.4106515999856
2228.7326933273066
0.11805001038496399
1899.5533413639575
223.51965573124588
0.8533176188571424
12.490519472545747
8889.477009097438
82.50739707619248
0.2541501967396226
0.4046372639878837
4.289873895647042
63.55547589898135
2.3963003951078212
249.60724689564418
44.07877882826974
0.33087909020514683
356.9035324472103
2868.5271682177736
1628.535090529869
82.3237388225122
68.2358320158358
41.71059100855599
95.81364053266817
5.393861273596505
2.2269705600718117
3.534568522496616
8.795548196190158
0.8998540663691645
5639.030269282344
0.4969045714165785
2.548229310126117
5.894086073870405
0.33110926819168995
2.0385772740330053
5755.120225334414
6.306859561957662
0.5044169267333823
1.4895290745809653
30.009940258328747
0.21261673349344723
9094.86291190651
6.379810974110967
0.7024263672171787
0.3261218019682598
49.197933491617874
0.2170859951345706
263.1225967788009
637.8881749361907
6801.495635985678
5093.101365536255
118.94601986714859
8.516390811737265
0.4201274045448635
97.42466412418163
25.540890023066886
6953.6388269416575
0.821499805938053
988.947249246538
0.5316916321574446
0.3133851103671166
1645.2438238782208
3450.376739982931
408.1845366931073
4.479834673783265
0.2951236378775377
71.9326721439391
1822.7276006755499
71.54142579682087
8472.52167404393
0.9362444843963773
95.08091120971494
9656.851109264388
7676.914436478352
5.477059080509463
305.15143479269744
346.03513123722973
0.45682122119335333
48.20473146398931
0.6317875367772896
1340.9419867012596
1.9243376339686424
504.7835076435961
9.578145017278796
504.86625919342055
68.6787790895019
0.8563249256487029
0.7394387794098972
0.8277660498032354
2.455874513569115
4135.768447769908
0.41329767715697163
58.23781429321369
887.7462346897155
9.537957546901616
9.21382843983139
171.3007541364844
24.094233988793036
0.022534326890671363
57.53349329059443
20.514688181378236
0.37725867792157697
154.1572967272109
3340.8653338593253
7371.954843959914
89.67048443249787
68.67979438844098
4.699562990245253
3040.3556031312182
0.43506260990308
63.18881948639873
5.5308121059185815
0.332117742485702
8.123038753437172
75.01291864537568
37.36082158793177
3378.6119019731264
42.621575116565836
328.7889017528639
854.5853939649691
78.39967984125917
0.03861542601267143
0.18262139629556995
0.05655985041818534
104.39882095448228
7.170696874053437
3.5318965952862893
0.5360925550853485
0.37646983278385004
8.957274787084046
9235.214057684698
584.3111699446038
60.33077424616482
7.703185179998763
75.77001926099035
89.53850059950787
9.385565154382983
3917.0381561658587
27.420908162939117
2.917071042039292
82.73925742318546
0.719717675966022
54.73057131676084
45.28750606852334
0.8896390199573092
9.257735505175056
62.981844398503526
1.9056179700151488
886.7672212408618
118.60432047483538
14.893505482510571
4.813068022819
4356.436163731651
230.51467432028394
661.2747499987787
0.42725130774799336
443.42651743087293
0.37398001519201896
7056.147352941636
4673.333766798842
904.8433934258497
0.7897806833690901
3554.008077670716
4055.60010695606
543.519359161043
4640.406050040062
2160.4028373969763
5.092812253683343
898.6009433181631
196.23719752964587
82.86065591338499
83.62099848292918
0.06778833913609927
9488.01384824571
55.48739954931754
5.357511660895392
1.591049102333424
947.0324000755338
581.6861981251833
0.03450049929340726
5.70183877483719
657.0504867212483
4.412251986417113
1629.652793092693
8975.680838324104
947.6547366154898
0.6552743091830707
7.74544272093097
74.02749140858367
4628.42439031419
242.73320185331605
4501.432269528363
2.195728076236999
43.36281389416066
257.7230429061862
40.37710852024077
115.85723244952229
0.24221707250811608
823.954344554827
6314.7165154911545
0.36480562500839653
4.615208841995575
2835.451170569776
754.6665341688932
358.7211910900122
38.302513965632926
0.7475888565370972
82.17017517762903
9174.448922972211
0.8274839557887493
6.292803287669738
9448.170245784622
652.2205554294104
31.092687993773318
2.426513862462448
3.473091164913653
99.30828808157683
431.9540913492258
1070.1920170229407
4.737696396468766
0.4539955432439595
19.369220815603295
0.9938033198850846
185.6888107074043
0.9960820865416009
9.748140684862644
60.79716019168304
4375.638591042675
7.886630612831156
0.559852575230106
6.667621211887125
47.653282110834574
2937.4682791243445
1817.9337930064355
9.579085689886991
0.09801005209991287
4077.634870246524
4.505495004023067
3.092011404702284
2.408144022266584
98.54088604604867
6229.279422979948
7714.164122475594
99.28457667800691
7734.243233545387
7973.97406617973
4721.114963841015
7287.954649413871
79.76145527520902
96.34538416021331
6.962110324781593
585.9611480459533
6.569411882504382
1527.6461105727158
0.1644946527847182
8.812453467804263
710.3519046279298
7.0349656982703825
5659.491790794883
4033.397906468024
2.78371860404559
26.52910677997423
20.948669146500222
8996.243089823713
0.9948499281130693
88.60017613759472
72.08451992826497
0.25296252225162075
631.8758113636416
0.5953101281873987
253.7681014087899
185.86150938906854
0.7480478080147945
0.32066703918506634
18.41055717748066
395.1250412582357
0.46262891864010536
1.0986331609263034
377.42280038008204
88.02929967390803
70.66850905644621
9.694456012628475
314.01593049446643
756.3700279106209
816.8399436784425
9372.228314373977
99.67176437363867
97.46932185780042
75.15281202713186
263.947268286131
7.12508748065376
3195.920528521361
7.991940723117329
0.4021864916636819
417.8909387795319
0.007968100491625663
0.4770573464836013
4.7265424967883485
9.597904006009054
82.79940468053691
0.35195570690560474
9918.745647128828
0.9629935887521857
5.606623729868979
90.6638507063989
0.16482138835616478
6368.345644481611
2560.4787678893435
0.44145343048168173
84.4542417226784
16.217769121820712
0.2921924236617768
9021.001826968146
15.151389712099872
44.36146314226104
378.06294302622535
5.278706457743222
79.85644256263555
585.607267217818
36.949585488472856
38.30440071110232
796.7128972078596
445.2564390828775
0.40515562939048444
4.280753839474816
31.697031085341
298.78682064660853
0.08937506756341773
0.3939341037160283
7.503559754010691
246.8035539057808
7.320263100432264
320.2389581684364
5908.7981549157685
3361.969074845972
463.1846598470799
610.1849036112617
66.25935336854018
0.40061534394350007
5693.379698301683
79.47200870252136
9.484640017388116
0.7065406580421066
1.6683972035888472
35.6995493656736
726.8145224074818
5.266818718005281
989.5296019533715
978.6919183048229
9384.840729973463
0.9668657741794111
0.5201915444806153
7296.189142790476
8.762132508028074
3.729523086737221
813.9566581106816
2.3888430624324943
3760.132660388833
0.02310169231630943
0.18526465673434966
0.537053517454413
3.0594969138293484
0.45519949199287757
1.8686940776782934
9267.231687527928
48.675921785174566
669.2570774323982
91.6619310462434
90.14884752869818
3521.9052319046473
84.70549007689553
45.65014039234464
898.0803225735782
0.3770155293247698
0.7017161100017686
0.5949362017652271
1.9140497947624557
372.4200020230401
9982.511971144817
0.3222629625472506
75.51194318450936
0.6976562347271282
711.5489554789972
7.670283369414237
0.12926081791495347
0.7653073737635883
448.850960902745
7257.194938082785
282.2381771216279
9803.549785733812
4.947232443913734
20.880040489590947
643.7063930211187
5.347863741725746
0.10462341686989896
0.408270586515159
3037.2560206832454
0.29985120154038547
1.1434953156450722
38.356431073069345
0.6302045329578299
0.9798950390561775
14.02647243329892
115.88795903355798
0.627682202485133
0.0425502201286414
68.68557966999302
817.2076450042205
8002.698274017941
5377.028296714447
21.744776378084495
555.2952067410814
4.861044091676839
0.9532638750869196
3761.030267002725
75.70625807127645
843.9217740161406
25.43516916135872
8133.833958321554
6.527777222291413
4319.563789854988
7.525411501698729
78.75756765615158
0.38813590124528197
0.4930903604253618
38.98520337954325
0.6809456268653369
9.218048086394978
46.680182478443
7336.34029133804
0.34335422832421336
99.09423136212692
7197.092448866831
15.164604076850397
3.342041467817014
2614.7885526870264
7122.319447823524
6900.065455570694
583.0463493436777
1.6517310545946107
7457.903363109254
3802.673193268867
2916.028394615541
0.7260525463354243
620.7725723546118
0.4971143443629418
950.0861424939878
25.421318547642823
2163.03066537207
0.4453957012343912
3202.7888390029434
769.6919191945726
0.9079665811700732
43.21106359489897
8023.065357826694
373.9953864841705
592.2361726341159
0.10577346976606616
5.8647626927166465
83.94669244941211
9444.933693082361
48.851973539260115
0.3164816617525451
48.21053219054239
57.51460888738582
101.13518374258868
7.052718360953474
0.6967959652942816
0.031211363958628557
4345.074772724395
462.80969347927135
8024.5894257284845
0.3724864561599228
21.654888267555506
90.01245730078998
77.0817219272469
13.678110638193818
6466.559699058486
7.625925530974324
0.2735144745006238
820.2791549394607
447.5479612265134
97.20972167533694
1.9474520601883194
5.283449296296384
60.01712674275284
26.13542777915899
0.9262505745620815
1569.3814041687715
0.6488077645822106
3.828042706844854
2.799637072949246
19.75714871162506
3.103692795247026
0.018292487244910283
0.4507922134969662
4.512428948010999
0.11470948901790534
8.894945868677176
930.0621185871214
0.9104421041876738
1858.6435519658096
0.8662385135632917
4.199243538970641
57.37549029067556
993.1495159003866
65.16820511634013
3693.733113851003
64.93096859281609
270.3270715690492
28.424852917374487
10.20000282771737
6.4619252768882065
6.977198445682849
67.78233342232694
0.7355737758884273
6.550891400621598
860.2941950516101
2211.7935651068688
0.45751510422841124
97.5623925168256
93.48953832819679
93.57635973616183
0.5025004177556885
0.2775128440593714
0.47677133659983684
62.59986020956217
105.9375107094227
8446.099480366627
457.1666095086563
0.8934968002863019
435.5056389333752
75.27912388442363
30.438176220089808
4954.182057004215
5525.558091988888
38.88487392491602
9.158142662540234
83.19502223136666
0.5384815733137793
7.413519420313129
231.01881005720037
0.4624191933863553
0.5258547695966592
0.43126531559269743
0.13233164978870116
8683.626749857922
7.496173716568634
3.1416491492490484
0.5517137710475164
2.3451986397485802
1.4106208800393816
1260.957038292343
1.7828749117024145
9027.659922583129
7.970313830545508
406.3535709322258
96.92424874593468
5.1236494184882915
0.9032123932610684
9818.608854966624
2188.7813465405848
0.4723169338840121
0.9415858320420734
0.17065800625708527
32.44122287799812
9.068894052320246
6.571688061714128
695.8291272106792
339.7345572876951
302.81327504743683
191.51641604910873
57.499042960123944
0.6283763757802422
0.45212026096865143
1.091875979959639
0.7903865282232493
522.1809658613948
0.14841142051197154
4.161874882032851
1.4280606221532521
3.4692134319328307
0.5941966551144671
0.27691799535493444
749.9225745066797
1.6668601390084958
69.02955983536052
188.13819146327847
0.9079742681970742
0.42496630383019285
0.07411891920726055
1962.9708734356377
9.674776320943938
20.37171619899849
5953.191416308891
2.0626248369643028
0.7520737298379997
254.3965232367118
95.2000461158853
1.5449199416494253
391.42910809039944
4535.914131872264
6.551975887133724
44.42478225115257
1836.12006941408
0.08206202999105905
8188.501943505927
212.93476065840977
8.575026451468348
0.6925201301867665
2.3523867953820385
61.38983155000388
9.52465471916609
23.973292160922576
6.116455788552812
143.23118327550688
6059.472182019732
107.61491240292764
81.95006345752297
7331.182183470239
0.9116492632253705
96.36777140825457
6993.238316501394
9588.790852165579
1.983005487052023
1062.9430203102486
8030.293667833269
1.9726719214045807
251.9399458455801
3232.2183618948775
292.13325394981547
8.7704236836011
8.547734038054887
4.732620794971329
96.27550018628843
190.52209872245618
0.3197662931023021
2746.5685949104477
2372.850295209313
4.208735352513068
68.90237041756009
0.5144544096738914
439.95741252876894
7.8273302539001826
170.93667840525194
0.5719316440294442
0.9368152031870693
228.7549831318505
0.043509998539982164
8087.755065495161
4995.6998853942705
998.5799972371875
1508.1101907752336
348.4028240380179
0.11079145511293476
9861.788270833626
7.724647441669797
0.5893113018568483
7.008386109839483
270.62073004652973
0.36380881358988715
5.302646210796227
48.03514144753075
1.6140930905028072
490.2175246909068
4.889119494393225
3.122855026188698
243.62125507230493
1049.4077975991545
7.4226038938296135
246.20794003261116
8.465425352197553
104.3196625272913
2690.3479906019056
9602.749850073993
4.15745463770576
4.79775815692229
0.24594380738893318
30.419351183866173
7.863911619740266
0.9319144140033933
6.692883472274652
2.3244276278907305
91.24936269747687
28.836878918081887
822.445324681587
8.959662866571097
0.7153953631341765
0.5831822685058654
607.635578100032
7.344623673514256
505.9363852258317
895.8270785509736
10.707740101243868
5.68357142452294
11.148705917149403
33.29937152933849
4.450571492127336
770.7708363064726
0.2535175500130403
1.195812262762651
44.82667600117952
85.30415532807791
3009.5876382365814
589.8098941231548
4.242977986601924
8.426210120228426
2.704307332700562
771.3062622949658
2.615061112968722
9657.76002712243
3.1805953586903932
1.4460131540383903
1.3794887829273483
450.43561891463725
589.3051226130367
37.25467502123462
2.3861424727574043
4194.7024041810855
0.391352369203918
0.9068430548914219
387.01904374587303
7913.518244538171
0.0810912064948206
0.16102794223117278
520.4457634613093
8433.121541431736
3514.957282903105
888.8990330803691
848.9370410177532
49.8694354286189
0.5194696783986025
96.40893561384512
948.3116660342599
5477.117435483166
0.13152879406197637
29.774575058440266
83.55627889457719
7652.228156565806
73.50909481031155
2.9242513235588796
1389.9246191446314
181.2972022929452
12.17797805085027
7.2928207483216045
96.49330534556518
511.8496628823309
42.683305849460375
0.6018372743939406
65.63668191455947
44.30502600946458
32.40206739412793
13.524065860191769
0.8740261586640915
6.319899989377458
9321.499512703378
2866.745157269247
0.3286609725258337
0.8537172760940481
9423.69877302276
82.84686198612928
0.09073677638669253
4789.093924995498
300.4309592148413
0.9491231032147189
0.41279055277526844
8676.348490183867
0.29474012647713876
591.5943304875659
99.81950864300846
1.5540092388472682
1123.038436910142
999.1734668819747
615.7980760369311
74.98244509364162
1.703721897369992
491.9085437446379
0.8060000584321543
1.6729453009987638
7816.00429085752
570.6543540575345
2.7667727182089807
343.2951669094494
73.51926146357147
7507.600316250721
91.88783380926505
1.7648071709036373
496.61940803000846
828.3251117757358
0.3481041407371366
8883.881985316599
535.0823744232948
8362.197938527976
7.183689062798947
380.96883605444054
1.6262602738151943
332.5390275992901
5.094919209255433
1.6323094767941693
920.1076834019195
0.9741889460202258
875.8732970502971
327.2093764134385
2207.927812020719
815.2833998803033
46.4785375764674
0.7751995918694604
7796.688999668168
3.5809126431274594
0.1300987617344479
438.04920412633595
8.59844402597865
4053.822148265572
5983.381725265856
4.585053502658958
4153.320397051181
1.2051192443149161
651.1012529691385
53.67060840631902
8014.887008412995
6.643044187402362
0.9197342407075616
0.50203101338853
8150.547883619122
2.2446719668542157
7.796298797284362
0.7368689043088628
0.5360304256327483
5.662172968528693
27.775072032421132
0.09034594456835443
0.36784764347798626
9.846468209358052
11.631028945279686
3.482906714569828
350.9833107766972
0.6229527284135064
939.8562872426445
497.9784703879748
0.7225385402253559
83.30156316059778
0.7056012228196007
6.892545741519079
566.0442339381168
19.488184737769608
4827.591507940216
7624.023099670931
87.68898686297628
2.6446781812799367
38.40065308649366
0.16707861054306672
825.3434667657615
816.334044556422
4.548286078359793
500.44597126030186
0.7094670864219473
648.6315460887664
0.4035882552313922
8.159484227827148
0.19156606478435556
977.4418518168361
502.46979134325187
659.4165007965962
0.18318499249532272
0.20647097805818448
95.52011446841833
5.926232672193733
0.40884231905750457
0.8033588712111581
0.08527856800031974
7391.637337120861
3409.2402027810253
8.588872769760039
8.252632790810738
38.431695674818634
1.8847903727081272
199.05419908786493
40.992006693662894
99.84826455719964
651.0779928401466
9048.128257516977
8.42880157225181
70.1613528368644
882.0548212487116
8656.53603936917
6075.504347510489
17.50925075626226
678.9218880839607
5.663087710580629
0.7959511794663384
1.6630946772887578
4422.469380434501
0.6175613334814539
6.385773959134631
0.779986776025985
0.003259844758388475
70.44927426024265
705.9736232943851
0.8115809016828945
474.18213226203676
219.34516990969965
9985.423059056366
0.9067496780520561
6.75498511050285
9312.704990211972
814.985807364439
28.160589655089385
3.0587008416801034
0.11485510641608876
655.6687899769322
5054.359620155647
0.27531156727863215
8410.458150647039
0.22947199865894397
4567.948302986042
0.7657264645272063
452.4336987926636
3898.4413302141984
0.2778944733960609
103.67988866669475
919.6787893331003
6853.997353727934
0.5810917508164453
42.371656118221914
541.9421173747198
79.50684861205191
98.94100928716185
0.4191413394749284
9.099096499921746
3278.8171401873965
62.727847734387346
27.994349219334826
8.008414150032372
44.802488902509744
938.0296307403893
395.4148199970785
85.84413771186257
0.9285641181563328
491.9918572569282
97.41163782877908
4.530247160122656
784.7251360721148
3.7278046157232128
924.68409662675
208.63975186128846
68.13951137882424
5710.11010183033
91.56198358702007
52.8936857643742
47.16102113881821
71.85936488371595
8.978603329725422
0.856152291101036
29.173472942109935
66.41064861108609
438.5470136431586
9235.214427661176
37.72769944298088
89.08648385622224
59.229682483448954
105.26257905370939
4308.805561522474
0.12030082359364647
6278.233338510891
8.003774687881513
477.8168766992404
0.2739213941223827
0.4529085666326351
0.06582184669259339
6206.439538628914
80.55950420396762
0.7882201648135432
0.5409566869282499
8.207457376374627
571.5955245734789
101.4984863089341
86.63389313734152
9.749405334820274
4024.2391470739312
0.8175086353416582
194.0909275038478
62.89141857895542
94.26329156477856
671.1975516491524
82.6214506167848
0.21893615413876666
56.2235248559475
205.30614398515257
0.09112084512138519
6754.333239268408
66.43851227781043
2.8066938674642747
1152.7105184034092
731.5616740895089
72.80484045965267
522.6473533218629
442.39203186637576
431.086709367924
487.4171892068274
92.25792441577913
2549.7732601965963
4.590402298179086
9773.381945933612
0.9532034322777915
70.87898256420596
670.7205070491614
2.2274917233467253
84.88024764690489
98.45306698277588
6804.432984684608
9.774076817749389
2783.9145311786006
5238.821576482028
0.7795446434128316
0.929143462105211
848.1051804920482
4197.834129561277
1.448376374422189
0.5865478181105229
9.700396376494776
0.943940158805591
0.2993444448862105
2007.0008182045774
67.03491555673313
8.479716514916584
8990.53918894564
57.74070997790564
282.66297990761035
4756.065539059323
461.2786465431965
0.5220242348860501
78.68127888495103
85.68134082550627
637.8590804410588
64.67817164714724
85.94480908385847
0.5430527454340304
4.972333073974598
6.015650057674556
0.3362760563249245
2.741120105597399
1908.6937513027501
1276.7590809909268
821.4686002873755
38.52791890876534
13.089660754511456
1837.0763172512827
7442.298546798316
422.32376193704926
4231.585865699811
711.6190556761817
5112.742288997293
46.2179286171851
0.9349247244643913
7682.446656853043
4.81488009705573
474.09844798073476
1.0228605179404116
467.71043118574164
936.5392069008157
86.5794985383118
791.3801966126329
9110.17399059604
66.3145272763994
27.874951097939306
3.550927457419115
422.00410088312526
307.67466982734584
482.2126002122121
3270.6635782071858
6.3342435865954165
17.593232069860832
41.717363549645256
61.31463676323102
8755.554412693129
4.0269312485041215
5424.7083496972955
998.7132011446454
54.640148127439744
0.6518318516435443
0.8259584970975502
9907.54378613646
7472.022404734398
7196.491453912699
75.44146291585719
8.6772273399912
0.562397004760842
0.6150366975037458
4678.803413689872
0.6381527121436225
0.8690220950547265
0.25642797354084756
401.00971001123867
950.8608354342243
395.90626810415796
8020.555817173465
109.77818084706837
2.7044932959024437
9.372556967547624
21.370729103319896
3.990592834972518
17.326263440155977
7.926520741849176
4279.369828065663
0.8047209280407305
98.45753476007214
12.08266993493371
79.93892860015568
8.910705787813011
825.4699516930126
82.20655560690345
8.408534874520189
8198.347921458888
5451.071862431302
338.19169218163967
38.030387389285856
6.483622430826009
0.1572049137228816
459.6491461734026
644.4734001744627
19.954957414267326
5.476239643706201
0.9891472897004769
0.022650023179846546
5304.369654215362
4.157369928678253
8145.209370484896
4.920184338093383
820.289664664357
0.8532929727001503
96.21713339222843
4383.626974816004
0.5006912537632908
52.46395335899727
8458.202951140294
2.5218949458755713
3.489925124447896
0.44870858664841695
37.688714375605855
0.9993367933876012
118.40848676620396
54.56510044040277
6.793682939922872
0.4211039091573521
0.694465416829934
2.9197395549054006
0.3915089202263172
410.0557797830412
9895.798339220617
34.818396779462
0.18167074503533487
8798.71770983469
66.46867494982104
30.69050406280254
5.122647100660016
8.476906100354782
1299.4947982721894
0.2890247949491991
3472.675815687385
47.82864169940869
85.2987936730678
4087.2105338736887
5.786243783855538
0.05540215434899587
0.5790654145301847
975.9006153274935
0.9983469404707882
3720.796814909859
490.22757669687246
396.61835835489677
0.36302702851652424
55.06290007107537
0.4995618895541444
6768.9682161459605
0.41961856889176274
705.8998671817785
8.315988252000214
3766.311858835567
83.8740032313641
6.631350037786394
0.5302115214831359
0.9043707853435887
1.5386847775779144
0.5051252078324099
7.465009403934845
15.717734879611722
8.282951849174536
9201.89834033609
2475.6927890164015
4.024262748430204
2473.22176381238
84.7262081481035
0.3857618802560947
64.29082296814626
0.27012593511486616
74.51027387389605
0.2850534430343833
88.30416345706561
0.6233184869229658
4.818329397990672
0.8215048113698724
906.0221212036716
191.8543189855768
71.16124713703775
0.8608214726630103
26.768825290222743
855.1117525031488
181.61772594457304
0.49446699481037515
507.41642530740074
0.7411156829363219
499.04781911443297
871.4285082737125
3131.535630254372
0.43095116093410435
16.945307735136915
56.21142484865982
6323.717294668084
56.86650869721311
736.6926182135298
0.3780016412529814
7.466140701331118
464.5608644191761
2.4671262802282348
0.0705883267321159
0.5865346312344212
0.4222442163488829
686.6279629533243
35.40350103721002
75.18752963719803
5422.361185449465
1070.6015567381244
7.018678238054996
561.8337269800713
0.5222116763621258
0.86542033175485
759.1593805139673
13.150878933434685
60.16924609500307
0.9219071911113208
16.82622149018137
6.97706650258687
824.1013614602125
55.41368991759358
0.4516179598253949
0.2764753474104039
180.47317869338497
1760.9065671411129
0.31954279353546733
745.6234765665859
266.02526734633193
4.909395608167438
6997.521579282014
2921.4255770655927
0.7040269534251884
11.383415073838899
0.8055579262404945
3395.5881257120614
8.080386035268294
76.26393062948674
0.059610043985198646
58.09446112244318
380.89400917663386
7.486553197961147
5.079684580212094
6545.22777312742
7491.927237611097
62.162003143159254
2444.370281391035
307.649320876899
2484.9161911190345
72.3370792415062
677.7417686824253
4150.232218311742
774.2096578529766
4041.9658166590457
2.596374934965706
4.828346575658239
0.170289373203656
5.515128115775358
2.521699136222151
455.1136451649429
861.8761297594058
0.35704687551340053
2552.638023566175
83.20256472822926
2.1482238297667933
0.29631455590216216
5160.53243577533
3.6188732971387116
749.9761663550564
4341.07729206445
17.490911493696327
6.863890981612826
0.5253265658913432
9.299256556494871
2855.9752136581906
790.9394472857246
1338.8351899169736
3665.671985857384
0.5955383258487068
15.854420226474108
0.5768156450748128
5.20561095198345
3.833927600725806
540.7472594263659
1.9231658322484146
8566.793897500005
5112.038287032747
45.138887310717756
0.15114335603439444
7.3313538117230435
4670.0352579768305
7108.705277984264
6.096515178784526
876.7117317251948
0.3852236258690136
39.33072345028366
920.9716435642439
63.24331918819137
0.254382845742802
83.83413516084414
0.7279634841422429
963.9579767327084
27.22803214964581
1.0479166896652692
0.03903032960525232
0.256730803320794
9.722892471111724
550.0596633072829
2409.0088938806066
1565.1385355786317
0.7901695860050867
4262.08380400152
9.763575252350321
3.4616445934101536
24.54833686989659
2322.4938957148233
7.238519492668869
0.1361858311225983
9.756896434568596
566.5041750898263
9.964332490246848
2.6063350278998696
125.24310036785569
795.269659125236
7055.225964976052
0.7627168317253918
0.4034364943566129
0.37640296157420805
462.7013656558336
986.0554459400824
86.23754973609937
0.9724881354199691
0.8331229900371676
7895.00405587117
98.83986009279666
8943.588717837578
0.5942733531208112
9206.002995447863
3.490881409063075
9782.889147845086
313.08293756529713
55.84564061347726
6842.477018973885
9.182749550340057
70.23579260072836
0.9610992995643922
60.89409716567694
8.858724539525312
5141.689501312498
0.7248484384456488
51.362662482406904
2.370468341411721
774.3520099919255
0.7549461962215192
547.474904427829
762.9878603101158
426.9772496508728
81.03717244116919
9.994804732752216
0.2944957945579241
6.069689799566985
5622.912939539033
399.44491429176776
418.7728723254776
7.779896871866275
57.22502125411425
4.452327010493836
0.6006915282521913
8.860550856174441
5563.2965805370695
0.1217355057525723
2.6385581578834785
69.75553075679208
0.6274427329009861
682.5572270362384
18.598206724609156
473.7295447786386
0.8535220994156373
607.2748434712646
69.35863624590976
6774.288631891071
1564.3600688704084
7958.313872210594
778.092817325291
27.881078128051406
260.721973567866
569.3999386350785
47.59759152898262
4152.561641513933
48.26664535566733
13.95383507650816
7567.573926860881
9651.809991247339
637.7468871856764
40.6272197762249
0.10039056749740238
0.9372540688024973
73.39031775298567
98.33450532762906
3529.428469079705
308.2417268189616
0.12404338796186742
3.4133274445941364
63.71005415530369
1.1294917559288176
3.5516668599663537
2576.227015387602
32.33438957132765
9.69664614398805
7.816490264340626
41.34059525961795
3.23684182721656
131.04784944961335
21.0647679448001
2.2123857608477215
858.5413295825067
9.24046444359492
97.30029766747829
6.321032901038201
9.779784421404894
49.14009964428633
0.6886321263393642
0.6841817799332899
40.155613211423194
6.1428136356894925
6818.126566158083
8.936990282432678
91.48956293186566
205.51248061291227
4136.280204720121
12.662439979506745
3448.869472965056
0.6012460064044182
6639.066965135938
9200.11864837615
5.029361848946824
0.7022060718855279
3882.582510508357
0.18717918041376624
279.3008926190348
4.563590549910242
25.69286814759887
294.7083606353371
32.46629693600169
6730.706131210503
5784.811390673169
0.5758329164918421
5.350302597695605
0.21890105639120905
980.0963724657813
830.9887778640103
99.7119172104288
0.9331448825245037
550.1692576589895
560.0469485914929
904.5319559563357
46.07265572703516
705.9557370640157
447.00678363135114
564.6984471308547
0.9935029338221254
5857.391165264254
15.225973001548276
0.40474139802833964
7.253412680218751
0.9261003872583595
53.36050018458693
623.4580964081674
728.3656663857881
0.05821592634327344
0.5175157679773361
5.1911599755052675
28.516347704646726
762.2298074823577
0.31363038197864124
4.008390072423684
5928.224761403058
0.0335749582834598
0.6128180093690823
231.82918995921221
0.5947198597667791
4321.916739384319
98.6451389093177
386.96547033561137
2744.0768411728855
210.91881506005205
638.2957464091365
5310.614586774723
7.210249454273589
0.9041958289033938
0.016435301006889613
92.99182944895558
0.642560067486547
4.338391978954408
788.975951839037
0.5161685672049278
186.0523119942703
85.87320595264906
0.030602821771274158
0.25412156537978126
430.0894908158521
0.25532719391611436
903.5248499256949
1.9570995169001704
858.328470009029
7931.936839733034
4.577943195143799
63.48223305687455
7.753982189916594
0.21881589617499475
0.7278054808455904
0.31881986771343684
5413.251672557554
13.421590722491905
2585.7414405687186
53.63297997985382
963.725719274932
58.11319119440971
81.73527388040542
84.19334212985244
7028.567786517733
37.23633526733173
44.09166560467435
35.62323455822847
617.2463974960137
2.3600838745841246
906.3549956014293
0.2102357944809944
953.369951581898
572.8025977709995
4350.984408367525
0.020982967297948574
4.432923989750218
228.90105051918687
1.1816674973998953
68.57471988088163
562.6796886267815
31.74551857731376
2885.1061287550515
6709.616135361888
74.91332409227569
301.81360541731783
1.8465788773341152
88.23118013948863
3.8516380597104014
0.14393130445946656
86.5638976572947
0.24119981641564514
6.031713098451542
4717.590778122949
0.7267774917929338
2123.783899001357
1.3763900606129476
66.26047368495168
615.2114238518352
0.02209672822244524
7.59268705602797
31.81057297582026
85.9069353772833
3.200181562549098
428.4046914255493
4825.796633142207
0.4062944671549127
9436.14769803001
5.470882559472042
0.5868672139817371
24.639351864983816
6349.553454289334
6873.112190636397
1.3901375116794623
0.8874181913759771
33.417542189600645
901.3673846074374
6393.785227427291
0.5040362291643641
4.931746206525456
9.33955100440053
0.6857781576199041
6695.585422175363
3.4255335247072405
10.455317437840616
0.7161187163051826
0.15326909757577045
8.28525916717124
6534.230525542402
97.11952221182322
55.285404767896
1.8811509369496526
0.23004799002956222
6736.951204555745
7552.150543818129
0.8496988728535729
8454.220398320527
7.417980071594732
9.809683312184896
19.079728079445246
2.726371342309204
8184.3989763775635
8.537380622151703
971.7039857809107
788.172014760642
0.4236176835568328
3.1570677419996374
93.05628624521803
24.78404574901454
0.4798001051530576
61.74847230454928
8267.946858130546
31.313192928529364
0.7905614935481283
619.5282859139303
10.780410093194481
1.542601949683079
0.026009153829230525
4494.110657409389
0.6996885589113373
0.49593551609316344
0.4892690390959089
55.64751326938544
45.3267730250284
1013.6921997307746
0.9683374484733813
0.7909128904109223
7.98529909346653
2821.236730873328
638.7343996146922
61.02678355023987
488.3940699340178
287.1005146413028
8233.808444829207
0.3547139852138781
941.3837986147162
5997.323846942742
75.03395779865623
2.2241411838590586
2371.485203851481
98.30830238588388
7.705969658046227
56.43718752255107
42.69567639404245
2241.3725671014618
675.657611046313
0.16945177095224495
109.78500869118923
9.932344790304427
8233.366105915748
68.50120788715918
798.37719584193
8217.931494586426
7183.154016869005
6034.8791055955135
6.5237469661987335
61.865356286265
0.23264209259104018
3.621227250823887
543.7248754720982
4.073290806262769
3228.304690858075
0.11712898799700533
7076.373835058536
0.08114502908425913
46.78470607271519
8.78862714839882
792.9762918183286
3.0020431500311218
84.91500092330058
36.419085271859316
22.45885754426822
69.33667184400608
1.3402035701512838
5180.162501574848
28.78372961139113
20.585989399044514
121.75798166586237
0.7254725105195315
58.14070866023733
0.16412596958079317
3929.5678145405986
3.1134310640498764
0.09043060063972719
0.3044019420001378
0.22452335550275926
340.14986450307873
9.382624689655087
1.6634524533303552
8.476335897742551
19.13667466873168
16.849126435697602
0.9648538378158065
0.8291021545398746
6.845628616821725
823.7331410088021
0.24472141006719106
9.917483011136767
35.61130082436949
0.4082626591209204
292.0623989116045
139.35969367118517
882.4678473866408
7.108426979546372
0.43442641001921656
6.533626775135804
5.769308010466734
46.4695468178816
0.7374020853892307
43.3826726335304
1788.801239440483
566.8941593704668
0.4615577606081127
8.317376364440225
9726.327390309543
67.69657331608389
0.9764488762090281
193.17184349906225
7716.93651130532
9.255341063180243
843.7618578257932
94.93206624971869
251.04812473645077
0.24282864632170498
9037.080232360784
7.707651499158635
0.4103838431286414
8.920514167343223
6914.092736467261
1.7964010091135407
0.5029617768424499
2.0495072577933704
82.36289038314625
771.3477711154968
0.2739030558976753
2.681858931051786
7.467619486895157
55.545527619633326
4.871914405007264
7864.140439368995
0.7068854818057347
48.844378825365084
0.3798319609380132
0.7208238335211993
4525.407462116828
3885.7942246369958
0.9163261894201721
613.8751446296781
1.3966709553647516
31.71867658284998
2.4435666063975425
72.38223959699219
5.075843667305372
2671.2775787527
0.5474303281276305
0.485691468597679
263.5800878217643
5.0418629824284835
0.39202194408975577
8819.929211105173
5932.637145816925
88.04254970273578
7352.355985577238
4.217845663665156
2.2624369069969585
0.9650723424504304
5016.963315793107
2263.6734138391125
9.508632944456783
0.8998813798150558
0.6538439900772006
313.44823046058747
980.1651707366816
0.6244595315853904
0.9054945339350684
0.5154700461980571
182.0775371639204
89.9252723695235
4.948755701434861
697.7037252097916
0.013176407323685635
9.066152866745085
0.07541426368839921
52.44954290546422
4.842706104651326
942.7287623321124
49.368548229756
0.3172389886359821
801.0654749589346
46.33903411827599
475.8635249008701
1.8612100798753095
7321.79120283325
0.7527664443521571
47.59547300398981
0.7298375776966134
8061.231916089172
0.9322947188788546
154.35864288559887
4.906200532475216
0.4554279039614073
1909.5955838588497
5487.184780671671
397.92307821387095
9077.279053809452
6.935031378444432
8.350490361138318
443.5293776033656
4.785254999608544
17.651891108164065
0.6536216854476365
2.1246595841840854
0.028080321162658906
7.832895553941026
4.9691750449603145
2.0316161773573205
8.515564818964636
4.600973526002315
0.12944588215459407
56.11234777715991
0.2809060923992406
3738.601272849754
7.5666640620536665
4.805239335231505
7969.078479397898
5435.449579632553
7.465654576253256
441.5404070200798
2.1208019674539247
59.17986469224633
5.576556761419036
49.72126867368634
0.06704118003269421
0.24115348469239628
2080.2606023041117
407.8486647150458
299.9174303263736
58.44477843810789
0.5915346978896949
4885.071123404574
91.26356048044241
0.5466185074584763
2.4203273310684414
3.0716293694099783
26.883877204317308
465.65767275818735
0.9844576436626041
8.18432635464606
61.51730146125445
7963.712998836256
235.5579931930084
36.799955848719755
6199.189304413949
4.52170158208392
0.476982728025485
741.6245686165139
4.267296459520714
0.7400410272727365
83.87053944286885
291.5380816589087
139.7934859093515
311.5261021073029
8.111329283490639
96.05246955774432
0.5015492392214421
0.033412761721172024
3.855761283871205
5657.725634537055
0.7896327593169864
9.83727758603848
72.7026316301287
0.22407343758189846
0.650731048387484
0.44983676293592
9.260646085576266
2.70733647685395
416.1205155342862
8.396169712555047
0.4533816469668286
6.220456182556391
71.25791439512818
6.512053652695695
2027.284646627877
9.281944944826625
537.1805980133745
70.65128054035476
4411.896133232768
80.8216236176162
0.27023895711943924
1224.5402347048973
359.2044363037351
253.321587808788
1.0954947465275966
3.9730418699725067
9076.806883920619
4.734335432957072
234.20712078542604
322.73083546538595
70.0868450175142
0.926496780625809
5082.797275059768
31.109614172953435
316.76290790223413
89.0279995889209
480.38736955849095
51.88104346300969
71.6508644371542
3.026837509634567
784.9801051370862
9258.689342005628
7.286665065431008
5913.977272589017
7.6641984786593875
5.748517406640847
3169.863502387855
95.38457323651016
8600.793036584864
0.20418691291039692
0.05957858054719345
0.7708099497656422
944.5628611174795
4391.745294294606
9114.81686445794
0.15602818101117444
33.55585951645894
49.780124333089105
0.6218449314597195
947.155874476967
541.280477459923
0.9531166134225574
2.2364247973717335
3.288376294641795
0.13395135114257006
53.773901341766404
0.8454828447821363
8.531751910039397
0.8275388422542274
188.97888151661311
7801.0989953549015
0.15325171974423324
668.1605745187417
890.3442260683164
0.6543992558210642
65.24697610464898
81.01058767318621
96.26396955067035
831.9997155328915
1036.923085176521
0.5626569361883705
1525.7236212862058
193.323137617034
12.713068146754647
0.64165562521056
557.4518060657108
25.580697429908007
89.44794770931777
24.198609874709643
71.99768963865371
0.3395479647924299
2.2608113117736206
0.11125979903802152
43.55799722698431
9.84354238923595
0.0076379638819105145
8.994547213102393
7760.001707414028
417.0647357217933
0.6559625155572851
5519.290830160507
9.103661813630229
173.47548450116324
8494.38534745542
5530.230632540417
0.6359985770179815
31.218910929381526
4.806102314092227
0.8996199415546569
8151.965441369984
7350.877310968401
50.562229693330885
2304.546189568175
52.118549933949645
62.855575528632166
0.9304244135649404
4.646531997927862
786.229475463147
9.683007088441931
0.5737840583403558
63.86223227087443
1.244918079073376
7.501365478056128
0.15512335186330173
598.0672282587852
51.10083561480484
8625.499236229884
0.5666392737252668
97.43153807763312
0.16085785367877603
95.15605198916431
0.08463640331593736
0.3724644144002379
27.96241247968033
0.3362861436216268
9.252675092435593
347.218696038042
714.6519880585446
7.572842285834199
49.1900602499453
98.6336880805945
0.4895449503022945
7.326902387769091
0.18479877739638384
1244.9864841951219
19.417724108143364
0.19827285360492408
6725.290969831318
5758.531334703274
34.932325523975216
6.731941330874135
0.23344084313394975
84.67733020617818
0.6106434038394207
61.365132770101404
8.640757196753873
6837.602344381665
16.09122429166554
7698.647231248457
29.920210498725886
578.564198712085
67.17121837620162
16.094052422034476
61.91555281639106
7.823813490716414
3435.6104642870932
0.6479287440575123
0.4872200372051064
5.871358449928136
791.169947177494
0.0622764212621183
380.32562644188295
4090.4050656079116
273.4431689025736
0.6103971259010538
81.17605911303627
436.98467447147374
998.2371247389403
93.8787749274968
95.60992037777963
85.48212129505666
54.41552525708752
332.38448992566197
52.97682741022144
786.0279183964508
884.1448617193016
0.06255856274322358
0.5682764095632341
5.1990809572934715
4.664270123460711
70.47332551190783
4123.548492300197
8107.683575195701
35.16498871684639
71.35700837648207
0.18755778585210314
819.7894042093814
55.12886734611225
86.77443431651832
1301.5276518606267
1.2708758466025893
0.1012281248980561
0.8594140107333961
3.234000462252152
0.1418207189665548
0.17067701644853128
4143.352605461663
0.8195681587059123
1.2742162717792715
730.7391844350431
7998.465661051109
923.2496252803458
7.247500735650539
0.8987440398511061
833.4304049108257
4255.189334724815
30.658870998130705
0.12092765815748474
9.08043150882714
6.581271349258512
4653.374586230449
0.18969927018522859
0.6038232960123602
790.9381165728366
84.1439851484653
4.204467777320739
9.100444958834101
86.72896665758768
65.55884110261894
0.2361714838656832
66.89827066538132
7.042094299658115
9.660032771044884
471.47315812884915
70.7144732645593
9.756748205263166
0.7792970317320864
631.1121678267217
4865.024569012491
4.3383394041816725
465.22494284571655
13.367983397419458
3528.7936954762054
287.9538923439948
99.72078171337257
0.33476369456849575
23.97162707682112
20.59625492348387
16.04027090242005
0.09239454759295773
7.53098377572905
8.385399807657597
0.8094783733314279
552.081380218676
1.109497223153002
1942.3525467197578
316.4315595899373
7135.305236607805
0.917543177452509
7.903882595590348
50.485486326465214
89.54331619574533
6355.304695154548
4.3065335205352815
26.56238180874103
6993.626861257947
464.9225774229486
942.2578793113727
90.45081503635919
7.29537289473342
4102.02712934891
5624.1504500188385
5.336246284665924
0.6045866750156162
51.25197798483177
8.688779301699189
1.8944757504138554
0.45602920219222964
701.5328464109257
513.3584561823085
28.358639963906217
891.7325945582845
8.028968217360777
8063.925668452379
6368.4611519924565
97.8995524143956
192.76474650878527
9.533600489397731
60.25148671356651
75.96107772102756
0.1610602247081152
0.21877341905049297
0.001997217671339424
93.0455395324658
74.73383269382128
965.2603505079146
91.34845034159206
84.56978535943156
0.5445473533008628
0.25569369106208106
198.57721172930164
60.9751538984407
88.65724924974704
0.8788436001390835
516.464277676476
2515.7606231908303
3906.816282560711
348.9672840314738
8.830800787415477
6419.915858707243
0.6210943287372594
994.7899808810968
86.7849634664814
667.8554821762206
9280.544115500386
760.2270978906276
4.3383622068132865
640.9952354488528
0.6133785519800267
0.4843675073546354
497.8946767116793
2.847883407386229
0.20490370836306127
55.27554499392831
1705.7619075053788
719.6817016212235
663.3844436991134
8.396457441570503
4449.096279736504
200.28524397067648
82.54492695099658
5429.421145305156
280.5570804041726
0.3722530623293011
258.24277614083223
805.3377161430377
28.30838767923781
0.7817591382112488
17.64308960539448
567.5666928878051
414.79493641803367
748.1838687352415
0.4146764186804561
0.7054990509314519
167.94096719199115
7758.671979618385
3023.8525409657314
9730.62000722622
4.449432457891584
343.98534075415876
6109.618687303377
706.8393791393391
846.3700987075097
9.15180646808446
8411.005764064223
57.82527578792054
0.6738379477079788
2839.172395332115
6.153530475782033
425.82481327498056
0.6605455381196428
833.151472300107
7705.939561420449
7960.9620171483075
44.4190609595768
0.18619556348110633
815.4761835320733
524.7796082802128
1026.4223298663899
18.654091223559853
3.143961727620886
167.36577624479986
86.72222644287231
9.387267280462316
6004.59029504038
5532.3411385645995
79.94664760694128
121.63620633634775
0.5591949467014553
1.7044066700787708
51.35293734380903
41.120768531999985
375.92049296549203
1751.5377595603998
0.5749242800288228
98.18953240357632
4.270324029317157
7241.186826611741
422.81474432749445
0.23378755793377248
581.1157370739012
78.15279565585043
7.545193119928277
0.1292471776730153
0.09708406697552008
776.3049459271347
821.3310277139234
68.37877528697118
329.7473779324346
430.1276469222969
0.3163080528050932
3594.057060479058
0.7167932146372121
2.1836306667150107
250.84141650786174
809.9300224117196
0.26614793369145806
0.18533481274375696
9.20834826700733
44.485518533453984
630.6326146738412
0.725985022059866
0.6689135643625956
4.06563635097351
707.2866296361996
502.16210125476044
90.51765937123997
0.34020700600550313
0.7411987129551705
1248.2966724083544
717.8159148814174
162.5412600098064
0.3737792334071727
460.8112849930499
5746.224920075218
6415.811254626721
17.790979562487543
78.47476926645952
0.4085951255421886
2240.0092199947285
2.9500936126766266
10.752424628365898
453.671385226303
0.7739882708349164
297.3222496528335
627.9556321537178
0.32576172746271337
228.52869416148724
0.9101743145848917
11.65746498842224
67.26084878947471
630.4291384780255
839.6453249227966
0.4590837851094076
1.1660427667197104
59.90907431015686
859.5118367015014
42.72061659184867
0.5927093084079141
4525.322294622749
1.254166380360442
8114.381738940934
31.703474575764258
806.3543425373083
0.3057938646259376
958.4079956075163
7.05224329692264
6040.02692666428
27.160322042352036
0.25332015290606624
977.1251958383342
49.35507013187226
85.59728167421181
0.32438376620132514
5.5762160260087414
7954.117830551198
743.0320363242514
0.5937882904695623
3.2299430956428643
4.775491150575768
8074.0883888330945
1.4629043984465961
0.2874227362855931
0.16395545451552374
508.5500054613158
12.271069683443647
138.49301479900745
3.447006462299824
5967.174125854836
0.4538928639755172
610.9097182146043
6.027784663980746
0.6578150877169278
0.3492454314686879
0.7593984569301635
86.00145071699156
6.9511032605405765
23.083699993866958
2599.051574575011
499.0408188454266
6.582132277144401
12.683355952259168
8031.260809022169
212.6024367155833
82.86379678097437
9.26731973512867
0.13901890465439115
9.497970049876953
475.15332624260765
118.03970100102478
4629.813690323762
0.6876923713674055
78.47639289462654
8.242913576011503
0.10884793658676994
0.5125499820937955
3218.7028804091556
47.26681033406057
299.1926025784637
2900.840547969211
9756.918590001904
75.05166840708249
0.5053910001767878
0.7144135712316617
7.5875293364708085
824.5331256271463
175.85290918034624
17.298228219463752
6.531710729742846
601.2793618132765
2203.6941143528666
2.967531541074715
0.396036202711039
10.850876316269664
827.4057439470815
842.2938997201431
0.2560743129071452
2.883862894493144
7.029283990726282
0.4229966920152164
9.060363517912437
0.13713066337904045
9.807154944173426
77.24421041840198
3458.0284898573564
4816.067948761528
0.1010785154772389
84.51342890688247
432.5298501756054
9529.336654661915
0.34698498039474335
5.701122424595527
51.85136013854156
5.918832556135817
682.1478669367316
3.167390204295698
93.08515338450853
14.843032371028354
84.0878601034471
3.5294958033520354
0.022645298758074195
0.7022800991406223
85.97730245672645
130.73606681959603
5.658272690693403
7.337677958555774
646.5173200624644
2.924137579362809
2870.96182729351
5.882011874434148
0.06414736154285228
8460.52200487386
131.39259715567331
3257.0375119686078
4.381403007287021
66.55360156507606
178.07496680642777
179.4629569969519
69.61969887667348
169.3021081346967
63.86505154459125
44.79716324977689
123.99017290197256
863.2376202643907
0.17810981565837103
82.92384749503795
72.6526000028042
7810.096771506651
58.750681185162414
3793.8423125509034
35.52590125687664
3.1236534770201727
74.40275559801341
8.743905235333933
0.0006453336726897074
7480.779138526274
0.6456767631543222
38.74658469226052
7415.104680271213
3.2116439513808235
0.8127048006331711
8.889370621168668
0.8204092239162621
3.0248154527325277
715.9772210398393
2.8616675993741048
64.09693463705256
4290.356161554044
6.610248820343234
2.330439277151266
0.8346381667341489
0.26426376257904804
255.90313840949707
3.9115761874050303
7764.3197479105065
820.0758716085701
25.323023209327665
560.9959496910295
926.516983078658
8459.844958477646
9.8511957071373
979.676014080717
89.10945734970633
5.923054049883135
1.2125843809915093
65.9957916946343
0.34590776006885426
0.14837630076347186
565.351566044735
272.76926884489797
56.25726165155177
9401.048206704683
1.4170389441756948
5577.883591063707
2696.0012700577263
6.717267489946628
7998.348267357751
38.11184748449898
712.1441800283231
71.48956451019846
40.84618788553919
451.70900538657133
740.3223815587455
0.9747867664107107
7.4084125213936485
7502.121526306986
4141.0714596807475
6.556237078571709
354.43746209503956
20.049513498748826
5135.798971846116
4.472025934226535
8386.401287874258
14.564414591123088
2.003418243854056
133.24572852077276
738.3621779540337
372.4803729994497
0.12206105912435095
21.16344965483644
0.6454084176442396
51.569159113868565
94.98452552341709
33.16245726102822
3356.0458050419306
2.986122040167815
5.349221041683933
31.58359985323638
23.991469723608173
883.9752140129604
707.5054248459919
6512.403484777243
0.3563604965503864
0.409922227505344
0.20651461489076617
391.4557301801698
5.942334490428289
0.6496748001551819
8293.02265538001
3.251923502882046
815.9021830499805
7340.126563309899
22.36040974762581
5.358179019613118
54.667282018655925
0.9046092900896829
975.224947713244
554.9720127557567
2936.8246491079585
2346.1795739258064
37.64960118383587
0.22094806376174192
327.53332392439137
7703.735911804134
67.00207750973834
461.77565730624195
0.8541270227519687
0.3947991655849975
458.19366803337755
785.7486077362216
328.240499001652
92.95697728318936
0.832887384472343
8380.199123855386
0.9918016686863718
12.162704709864226
5.066275774928601
82.78093456712092
9.154343283469174
8336.852884593081
5.032497789013368
834.2924961129679
40.12279905183438
0.500672462462755
0.7564816036598487
5919.3559247175735
1391.5568146823443
9484.199836041018
26.805052299305633
0.2909954859189344
2537.6680894402093
642.4764306624982
942.7089248184807
2.400044169534344
96.37978700815759
0.5658498780096173
3917.847576090858
300.7333790373978
0.6140734024069404
0.7522142408309189
0.13925245115673202
4.187301688407162
0.2165834669764164
37.81742833725601
0.22133279314525678
1.3408031878648063
3.161838048634414
0.6092433771765776
9.689386107629298
43.08200682630847
0.5171702187272734
94.1854875599004
933.1516730935174
0.7978241038358546
0.40707767174586107
5.855345773539327
3.962996151193361
695.0676672350585
59.437799911825905
0.9271769426609806
0.3025971833851715
2.1846733081606464
0.8264873017943052
8.869818518637437
0.3615588656711415
4724.746652783951
2112.2533353132335
0.6617475001323295
679.4303193010134
6.432891585670237
974.8883212107206
22.46215907606168
4453.375597712108
12.826925026745183
0.30824058093932805
85.77834605439367
0.6582040817449909
881.0346104477218
33.014491048313
0.7308205923284128
65.11945798174324
7.706107671059047
0.24118372658258413
32.88163490851107
8524.374463114853
584.6467934185616
10.3444482139608
86.91259419165627
0.08432059415871762
1004.3346245745455
41.69798078104103
751.4465911358742
69.86977555440463
11.814367501010226
27.67710410277191
0.7449576183144773
597.9057264822001
232.03116967540228
5.5392459006419585
0.2879076065857926
1.9651166933050457
302.5690250292108
3503.0986621828874
4.417907900391482
2638.124263039152
0.7179643118478293
33.12959994473217
5.302343215538146
0.9151153366031889
8.231975592236992
0.5272152502290777
0.02767967041088082
939.9080729374112
35.4427046965597
71.03810086323656
2.9304500112576246
5.779283061109327
71.42056166742663
2991.5656373713905
7880.368587932118
73.66161607608383
545.6799572615043
8343.349533453793
9938.521570442192
0.9850932727544839
19.926795836160373
26.89382208462433
696.324727272844
0.08727944853286429
2.811386619878239
444.520620369228
1639.5117206507193
4.973972102620692
2.032211816063596
0.6784363385390525
50.84501631990154
6585.074053293163
0.9957887798961014
6321.39914492103
0.9139752729526134
9265.999447562808
67.49753672594426
6967.957774293668
1.5315487156728047
76.1503380957318
674.0148388795527
13.88665857967113
0.6942358959898934
9.499223151919612
321.89440923938315
0.08935547611491623
2.6356539084807205
0.5132537058235398
238.4253932912921
5.633587126295131
0.3493471913757239
47.359599481859526
36.44902483249473
0.5826718488898349
494.36649241858834
522.9043473933282
0.893395350846728
5143.176715663154
23.97688949266402
68.06269011766045
0.32974333650569465
4.390868186782347
4.576512596968785
0.4463188039113638
4.3908096146127455
1520.928717006137
82.69389188826175
0.005066864178492336
9.895198018319661
457.5817362850869
0.5662913049675912
3297.8542108370225
857.0495609454206
65.97293170011109
1.69782030996245
198.00084077071634
6.885542489101746
0.6876276917975064
69.76236528647473
2321.0960016950057
430.79309656701173
0.08953138478781719
149.03408986175592
1.6931569008567315
5.41304388377537
1.54987103988254
3956.5658190074214
0.817764868473918
70.08613825667247
71.55345085807873
476.60595995705637
8303.876546583804
0.34909896111467364
3547.0099258621167
3658.1138143114067
88.13883946702173
700.4983471029632
0.9941985705164849
41.95598500350872
0.24665045059770285
24.351119226865016
779.45519441263
3444.3174162763444
0.042111126695990486
45.86469049608033
0.48331415779930986
43.62986945553865
147.5336714850466
16.85504323793914
3989.8934142048693
0.7001991673479979
3.3550623645998625
421.02730450233884
902.7683022703759
0.6203203207107036
33.42354611766157
2.381715187964595
1.1632023502157973
2094.9044112081374
6719.008582661311
9.348046787979952
46.96111552875111
1.9855032335121392
435.5979817168214
3478.4657386168174
7990.361472700779
0.7830423038714125
27.065826584607667
5540.8693514443885
273.0322863368554
2.907987446268694
5952.198117544103
0.5222093934282143
0.21233349654173095
9100.96107664806
39.4684062322439
7762.889699955656
771.9681309521569
17.3119686203012
6.371124653488964
1199.6496181851958
50.74992276264917
21.380475902121265
9.817725852352462
810.304178906118
327.57151446951127
7513.624203306846
986.5448364869067
2.437865263786483
0.5040587721441213
0.027841418729642076
9.86518269900709
13.912314589763074
8405.071505298862
779.6721993911964
17.091200865087195
10.327262272691062
3280.0240026272977
684.9364116994449
1.7624851838118116
1572.1118319411198
0.14666759284683972
6587.2778755244135
31.477382273796362
137.43323417928576
1.0485002322842807
0.8139296749433984
9.986479971072065
0.5757422340472315
5.628143340294236
94.8733198230562
2.725211551319835
4.005897526011283
26.175890072623286
381.51976750195684
0.4942393959091004
929.7850285065052
0.27594348744807984
5276.170425672975
56.8751895397664
62.08553050675819
896.5359335340775
45.16052619078241
2371.8090672107983
0.7045956599977297
0.32741629388243965
6.142883617243764
0.3867495135926351
0.5886917051155482
8836.967067710952
0.6534105342406245
0.27974519608463866
2.9869959727343156
37.86584434901141
2398.6874093249066
4.40739555246455
8.014660829436846
3.021322463385634
37.1580026437103
6.192441688067817
5.258914290927921
79.36105379171427
87.23165488210194
0.406143741293575
559.0719413706119
780.8382893829203
0.40755533879281736
0.17120188585199514
814.6150354070778
1614.512881914515
982.5547010407562
8.6674625591191
3.6434305685038026
1822.6145748596766
8229.245955233757
0.35202487171248564
0.3419934990169208
18.874345241990053
996.1503575346485
9.7770581797424
0.8044870139261187
5.435813302989953
8.339685343024566
0.5862581300443789
2121.2217968076952
45.54285273295455
2.087996510992982
0.4767716022964894
51.13436066136997
587.3140631233268
0.4152116933897234
191.7440745379301
45.30821389943125
1.20349940474749
4214.769163187678
5.5949110234925294
270.1159630358897
3055.9667201432826
0.882920300331771
26.061142708558883
0.964649788796839
9941.693082625918
7.827848827836047
526.1018686697943
0.10581170975682441
66.4641428029508
0.7637801838102667
0.3497564070596628
3288.27372005866
4656.4519536491
505.867870280206
8365.299449420103
0.5951443407797029
100.92534985093793
9.802903617262205
986.8823170976393
30.354931293135824
5.810350245580269
9274.698490856585
48.71929539840166
777.1758796861228
68.1303837577179
0.21349377471225228
0.1936838279987586
786.5940192812645
0.592103024569586
0.22383688723654727
177.08093681078873
48.84673053156309
35.57789685907036
6839.426575399412
35.078892523629555
88.91782282450156
2.588555116635727
3.91045240845734
0.6388458321370436
252.75920958552845
3798.53009740449
0.7057125556241693
0.2129645875495626
0.7325501019618935
0.9399988970036044
813.3837033564118
0.40429267545529857
9.830764968101262
6499.287843807039
1.105419383625278
0.23066174957535812
0.6879960488198723
9.959364822108977
34.41205442352804
6.463705868616179
0.886518015890706
0.28192903368145106
0.3815184252058911
51.69357073547031
0.583696359999462
9157.550360620271
4030.81361289095
252.72915902119232
843.5594513475356
9508.175393746116
600.3844004487308
855.9073762005869
0.373211383326713
4974.783250292691
107.77404847117566
0.7303557841610367
6766.331215849138
9231.941670520215
3237.5364315042475
0.4092463041223632
0.16422561126938784
230.00683112172214
6.21860656379563
1339.1053682167142
3.5655077406341174
1375.7546698074252
4125.155405662871
951.6813815890474
725.2616069753807
5153.880462655069
1017.3242740409904
0.2394292955568933
0.6905353409824214
8514.181169455525
2568.5011434532144
159.40650648870468
0.1886912707899865
9389.119929145458
484.7306731838882
348.4306544936545
29.01926858087045
954.2800671696142
0.5515426471275575
8.143839421277244
0.1835132164772244
28.20699662641403
3.9465266602485336
9.725832006421864
21.336261383097455
3.643786495314062
1732.4274451879396
0.48249441573338314
9.368314450679538
900.6324495932141
0.10132673941882886
258.20780403131715
9617.839967673317
72.13583221576387
0.6951184599466643
66.18256181974147
0.9362539132122882
817.5323099918074
44.202664350615485
897.5806756211017
116.45046933411251
739.5638601757657
0.7161434484159901
702.6800692441265
191.83172989525022
6220.265442705212
0.9229000700370715
60.14749570296202
4.958223372606197
2.636871882299079
1.4438930205067901
53.68782860011216
89.79145528607046
48.77712379678768
0.7916500969603113
9.870914150507936
67.48191803105217
76.90893169676389
80.2807149219292
9015.52798902807
20.950882595553043
0.8801775481104389
818.6534222874976
9301.512736079469
0.19161740977072406
7614.186411523922
770.6040568117648
9.222310257004175
0.6338338511812371
9998.204703343208
2638.5702160289347
5496.553248512157
277.5766827067866
4.728529024647309
96.4831861856365
81.28959536719509
0.9063406402263289
6.296012087865184
1648.5441507367393
8518.273012739004
5.440397456078031
2155.1546642960993
3937.3964353591573
5560.233974497913
4.111540032690075
40.37935203475086
9729.200335831942
7588.219471334213
68.36744117837529
5562.2883413368045
3326.7788621869754
390.9336243855498
7.882977135208204
60.2209399358925
77.42771077219881
84.79171214237046
0.4487294036883236
0.3414177598909922
348.6484976562735
9.775618533874361
81.91053503499917
5179.769916851823
57.23126507923848
866.1502061285504
314.4953924507866
4596.9601876814695
302.10053577704997
16.20400756713852
591.7896796714274
430.1305498616491
90.16529005054598
51.85770447218435
4252.645305231705
0.2728246784889514
34.8584120892173
0.3600227431541855
861.3618582990849
7.991088393552523
684.500315321378
0.050488130747655124
438.87231343440834
1.4861893726430542
0.8167234759366127
593.3433510234562
0.7417249650883114
0.9411754324076482
3141.485966394707
0.046849163165836316
66.35867224524013
9079.07923572955
798.1176994963846
8.388205509209914
6.98323680961582
6690.421823892708
0.7553011677847212
56.53428231158698
0.44247110627462505
0.10582827545029483
4383.113482138225
292.74601121340373
0.1611795387414322
3.640255758095492
6561.737090941664
0.11085764899246231
2987.4476620355895
84.55106295551394
229.58005128197055
2.7117905165588
6953.295623401485
0.2608842583366301
429.78624873091877
76.95485894829278
6.523132667528479
5702.801897653352
745.363567124079
48.73177349971436
4080.944155474678
5367.860206846878
9249.638619410573
4.5016541235236645
88.8693611809672
0.7067886634574728
2914.0473473479033
85.18596113986682
0.4200689474743421
9.328342138115506
5577.277347349254
84.27743316567482
0.1014603595791519
7.919471826393315
0.6298320237366485
0.876256118838604
526.6956380426229
7.959759547103706
1035.6325646137686
2.6005233161667474
0.46927176676737614
63.06582328053564
0.530885449859172
7074.049362225206
9.702344910422466
0.11219247600950888
824.9686884384647
0.9345414042468427
0.995205554185858
11.288728302351947
0.0825872715451248
4.074536648032511
0.50165137391657
73.50330651103431
0.4278461987492218
63.370035807010424
2380.56919568009
6284.702654235318
8.745143278862027
167.92675560778235
49.57376606621491
0.7388308151200759
1.3276999159256353
0.12287475384155044
0.05466837460251095
819.4812389963608
810.0555810337393
0.5774770515981376
975.8724172152024
1.5039115226236255
6000.468214653155
749.7723653606718
1.1286778649108586
0.6046446930337402
8909.510295573624
515.4923459388601
6230.353988985363
9.07145778748982
6126.630266800184
0.09342201911881287
0.014757901235228021
236.54776822881962
9.685274762271117
33.464941446208464
12.816070007106495
0.08752994889631782
8.260733187029949
511.64086325464007
0.7433957343052622
0.824388799685587
85.68839759312212
0.1702858336542078
0.5750099962003505
9097.994087072864
687.3334935227203
0.45515698275737926
858.4188667685099
1078.3027664015387
0.6356561180120364
2359.891865239423
972.2203893318735
36.298209770370384
90.14119078452781
0.8108873422563305
7460.308455584653
0.575035571390758
8866.35374387687
2.996527420969083
369.3113165289332
219.67137990924158
1367.6155217911635
560.1683668137578
215.77718442203943
2851.2171543263667
349.81309343458435
394.19007972455324
300.1348852396046
679.5571642291333
9551.194569482586
56.02177947379858
366.93386981799824
1263.9638573985735
85.36255630010263
0.37143177379459946
417.97729427697107
2.861042571654009
90.31149377881373
7.77184976523977
45.006996184159085
99.28654043381785
0.7512802525407799
31.064142495015325
37.81900349871739
27.046689011309798
78.32779656283921
4.5203897724976905
810.497112351051
9.976171206244523
9779.632679835713
3081.1399002324856
0.27626980255788913
6533.242649248633
2983.20958505929
2208.7370645314163
0.8183181011827844
1879.3354501077652
8.372187466871406
2.486658417847324
696.337226790634
609.1582551569592
1.5654675615582214
679.7864434703755
5.3232711002731
7.871901800023703
0.8325071555458062
1673.0878159510044
922.9606780639623
0.33060533268839254
0.8995580045535775
220.07406928262364
0.3706928780672647
1461.9374515290385
793.5729854616105
0.38951349372824084
68.40464809744545
75.54701334835678
0.9462456027632589
963.9255379365525
0.7669107347617027
40.6180119294088
99.99292725029771
0.11690282748141656
359.06853273252347
2593.680139624831
8.24268580600753
0.12351184031720575
2.113508515050527
5.896433663632969
5.9010835536502295
182.2520612340658
2906.3519990214904
18.992225263815744
9.756639283134172
0.5242637771810578
5.876775621796291
189.45246692713303
44.5978715972285
5.562245149609415
0.4289040330605509
0.7544514020690144
190.32032505701446
0.3849911421022614
0.8588423895633973
6.477389960799141
42.00119339486227
7299.276095237102
0.6254407767332613
1186.1820666566537
44.25740685747791
0.8993680536075801
2.318429688665079
38.45141769592445
2117.747672904449
6910.038558156576
1.133493139938575
2.607010881150585
2151.8562920207596
647.4017776756743
2304.022211720693
0.34034196442717235
16.559584563380813
0.33946156949820383
3.053782871008326
656.202037625733
2188.8415659677817
231.2166337601752
4754.945641100688
5.378382457778244
221.5167104296103
358.57246431993065
402.44400136322577
90.37266299208845
2259.8941427356067
14.592379613339823
156.28216893666502
4941.032990203606
47.535909459366565
871.4026657634255
43.04672526641499
387.1197770134126
416.66054941813013
0.19189408593278712
55.164452002502806
854.7256637884167
3.0112060285262476
624.2021952609376
2203.822791067154
3373.2026149580543
0.9360828693977611
0.3672297202928747
93.46573425656901
47.09212584560672
5.009492320307921
394.9253138323364
3.5565230517345503
2099.2233289810733
0.3797410327904034
5871.051771410562
401.43040653557074
5261.5078059485295
85.84638895139186
64.04107445022628
182.4985497447874
0.38483157064158835
3.930666923373786
0.28116356418794375
683.6386813567242
0.17426608741141847
4.253853262724977
2717.595220110379
59.63304339752135
89.3263042134277
8.191271981344183
63.44342509825785
0.2278333762575221
70.27893689986038
12.925402500001182
0.9120646929819283
1752.6134672787307
1.9567212993216987
5.987104364192824
0.6790739443234086
7.827738714441283
804.4227983049377
1.3651272890265786
8.790047836453708
30.378983765550927
99.65665731780636
78.61991952727021
3252.653043536462
9.170542058861098
95.90075106138944
0.03647414575476238
557.1592648839833
0.4688711490381242
4.021277155784089
86.19108685959363
2129.723960956416
8.665665184149896
0.8090892336172884
0.9173429247698324
689.84380699748
0.9297755264030995
0.8707198263413798
7.942462466935051
715.4787079446488
9980.871220062081
9.051723455630428
2.5077124743844825
7178.280710195431
777.5047375882208
8.31816162273342
21.71480553422872
90.8269153626876
37.04380208364122
58.867454118237404
91.46125894407776
3021.174563530592
0.5159397783756496
639.8881773295053
668.6441341127136
2.0554936622125206
0.3375693810500654
0.551282605674267
5988.970785041385
991.5224395514275
9.496535783906815
5.175545290635448
9661.584779353705
8.933426181696445
613.5574056067612
8.36046148905511
85.29714987727931
3844.1500881742054
4596.964063297552
240.02874249057626
6867.9987808109945
74.67899655166545
8037.193246801458
78.11576549907333
3.1186086126618884
50.088813039652955
5711.796010639815
66.71174188321957
8379.032093362464
19.181593497297644
303.2715201891121
885.8242034541772
39.25709214963763
6991.938274127395
0.6135054840298052
95.99200238388165
476.7063272983154
37.821404828833884
857.5662015443856
8639.596282489321
196.40344605644012
9.288931405187265
0.9816407708413787
433.1166150385216
1.1772568043558052
2.6353836451743984
7.178816817049707
3421.5966715378454
815.7459802306064
6.321232789787192
15.965129652359089
0.027823578202194055
6.255898287045017
83.78813499855396
530.9157454144356
0.23932373698008336
0.8051425790149163
8606.106942344044
7.339511815147749
7.194349277240708
1.9458340229119109
6.309414775883491
260.58440939178985
8098.867146636228
5400.267555119544
0.18501168175780336
3328.683325342807
8.4562515288467
0.1453764379487661
5.545700353460789
15.91855188075999
79.02780373908703
3996.068287298701
507.66703595294325
0.4030743511584812
56.177739045846444
173.53442298282485
251.14806363477405
1152.2593910306512
7.149016214040895
2723.6056445488175
6.8897965600357125
58.422384170400434
7390.4913515128865
34.567829031068456
72.07732456653596
416.17010340639405
3.7552632287309096
268.65552949316395
9444.663395285095
60.24467509078024
3093.7013063778904
4584.984442544107
3275.364223973213
1393.2069313870788
963.5448504374116
9889.77625377675
0.16432819283454458
6079.621966939909
21.413649182472106
248.42389816533472
0.2422641624565609
805.8619682952391
0.07005530349817812
125.09965158982206
314.88338791225044
4929.769488059822
16.45276356700198
306.3073370979275
7.409246877491606
6738.596497120415
183.13658776734255
911.9509020864381
0.499311040794427
313.7542063699984
61.96719167712179
890.4343606016548
60.322737265597524
8250.399706357106
676.9539073058862
0.8481024134265192
7.370390340545735
0.4236899546798185
7.975939913448407
29.897534803966643
0.037201782235939174
20.022425722334482
668.4473674346543
8.057369276155379
11.832311473051693
967.4658116092548
313.72896727117825
8.11478069999754
2260.350757500448
7.921373552545502
4.950720353826084
41.9936032482372
0.771267635627633
880.2541548066763
3.4438193843573286
0.9600064228047536
0.6046173567582255
0.23078097261474917
0.4773695138374012
0.015360750046199967
174.63448239639956
40.93909848701198
2754.87270950889
9198.443374486515
528.4236428453945
0.04171479128935174
0.4200920835042705
78.28118882642433
62.25433787037148
75.3282074632321
2722.1329284159046
905.945309010517
6226.087292054873
8204.544099109045
4.360106809399191
3565.9920053751594
1777.2869106257294
6706.232783784889
78.29790784162289
8882.695808864437
0.04950713050958977
1357.45939534776
58.734202905335444
9941.005734512033
7.714531752668076
9221.810736912457
6899.396594971625
17.569394452611718
6784.822013413386
0.5945590970866147
30.26454254222266
878.265749977777
433.3893007811248
1.9935393107710986
47.55325082967224
2.315344684796824
3.558467002045732
22.26037380104805
24.228021637516385
0.23181014324699267
73.20363910107119
58.197096186848185
98.1951280706469
96.00396537411626
0.729589725029892
0.7647863720530577
9.395024904049805
428.2580507142627
9.963984713235089
269.0272909097012
377.09918701931025
608.2036739793443
8.442751444874055
5.792052221589587
0.42715295395385
75.7419822311165
2535.8414292449947
525.723176338156
38.71688731676463
66.9065128318948
815.3241501849384
424.56954208415067
8.642376069832695
0.14151334448659725
7.687775180744099
77.30130937481682
1.4489041951372084
87.5819600289965
0.06699397251931116
67.23800208655517
6.577162995428441
0.014546115975683227
0.3391823108502535
574.5699957474894
2.7564308629491685
20.190609551187087
625.742118043488
7842.630534764367
31.829179607998803
497.15685418189315
171.9691466894273
6.3760924492510505
4244.320891360168
87.65504342238262
8.646761810123005
0.8594928745621984
813.8417780267339
0.9565723602122448
0.5202854525225226
3127.8465916786145
6.660171742875406
453.2412698426852
614.9704997668854
955.0717055099736
0.5502873246509987
4.12573853222934
7316.363518389829
1.259389774147841
676.7063950229253
0.47229678409910403
0.11876937466688475
845.2759612176545
642.9455179501956
95.25521158341837
8.01213402735408
0.1659081205924341
7874.183298423125
19.452709647363708
82.59987426054842
5.731492694219354
6860.460371100614
15.473251687050704
8.434839301571493
3.8040759765768994
665.9440943400623
842.0780987557938
679.8834557270718
17.24708697507289
390.44646626634596
51.49226950009618
3937.6972687135226
207.1974930068953
62.08879639693635
6247.0772730174085
70.6844119115027
0.41855738147750365
677.9825533913486
210.76849908206609
0.45064716159886753
706.2586086404272
0.008768341616761322
0.756054876619402
0.11740046644110902
5.542681318952525
104.54712584433135
1.9570244663820957
1.6107810960096813
5732.235564787469
84.1371542468523
1.971354666746662
4378.642249906015
2.711447637307034
20.320119517332436
1.6534770550221622
420.17285520592975
91.29873724331965
46.781202965290205
0.8091604348885229
0.20408610282253603
9242.88397020805
0.971028297695407
3976.5699663552555
67.57225132586132
24.47718013820349
3.760373392011167
633.0406450452275
8.348301324266295
0.39656113795257464
3980.9751966027984
9.157162521037069
436.9230620524351
7.566346743626492
409.9610215256374
5.4109160735797825
0.19786779757240747
8786.754892609997
632.4511570225887
239.27172369730343
0.9081324423121312
9325.824674064332
977.8417290175736
0.21662182230154414
0.6372996513170722
5498.962634943512
8.255926885364012
1.6156335329757354
8.379754400331507
7341.082248189044
997.7029094446082
0.13829338946092296
0.19371935178882171
7.21528719010572
14.457160115836942
36.30357596358941
3439.755858022703
1210.8041609623888
7.406369529564039
0.6129316906579916
306.22772257465704
555.3724873140669
33.83540008223307
7.910127232268923
0.3466138178297654
0.9282790409532157
21.51303419482964
0.9875501291454624
6358.348951820892
0.2702290476759135
6.666036807921447
4870.727921829618
7.485577496857406
0.33666580077537733
2.590656223021355
967.5834001566592
389.2683466795613
6642.166859907383
4.525526237328511
7341.720476177264
352.81812908132184
871.443510607578
0.10381606869635152
3209.635815787001
717.2482640602251
8914.340588782286
103.98697872416352
83.10538020837704
58.11523363321709
0.5390689128248575
615.0405943741166
0.04925936430662803
0.9301488678123333
6130.5694143309665
2876.9013507498184
1.879715010506775
760.0238707236849
3.7003201672841435
9506.450516134766
9.990540212088476
812.8171516153427
0.10771729017813769
9.422808438972693
645.0382160075897
245.37833004138054
0.8359315882634578
0.02516459811341265
1.1248681880703826
680.9538454440999
67.81799300880377
31.811624063239783
351.75627861205015
0.7252455527009892
3719.8296034776845
4384.386790385616
431.31327797529497
86.59100564739343
71.50761231915416
49.06484816746818
55.896172408927924
865.4945492141509
4.401582088930686
4.003039890618462
283.5531798297002
682.730365472468
211.2900486596132
7985.397096749156
2.903429176850673
20.332054117687637
5.298918635883351
946.279050431167
9.78442795714739
5208.665547460042
9366.259284010346
7531.7997377657375
0.4386611191645564
597.2768289868197
16.561162799934714
0.5793501735445772
5949.994811864684
0.21514501598270197
13.623562738587292
351.7381686561889
3.7894110998089534
8.264368775586583
8878.515320056704
21.451769958259703
1066.0293480196203
0.24638824569563722
0.0955741013707897
7.2542369009709
3.5092314787980916
56.61878751799888
4863.863853245742
6499.155241300002
0.1874812855631084
4442.574138042056
8.162628006981192
7279.357070221405
0.7538173917083455
0.8553877214783953
8830.746939479084
0.26739694488501453
80.78434473512095
8.219685981199063
0.7513335589289756
5.976818291746521
51.16925280487771
42.371923108051604
8.661376984333142
9932.75153407799
62.43851336524454
2.994936887911701
4072.4575916230833
56.30593390754635
5.338421244379569
0.08061436935425326
8.554101128052622
0.9763129768972494
3.963895363509727
10.79643284323345
0.4337682897623203
6.165822243313297
0.40941285623656
2556.2605021291006
4417.798895151313
0.16145880007194968
73.96111459110831
4914.567129238852
943.8374797324196
185.82850469494883
8147.573941664502
0.6756425903754882
3951.081712138019
150.6433309152606
0.062203018705322966
75.01402722909414
3313.956518624013
0.8763048154020221
739.0699565839165
5944.867898518392
448.25353144140155
33.16751210190638
6.825880765020383
4983.719888357876
0.9788963081625357
9.522550982819913
0.09392229723505707
0.9489077271298131
930.9506920079017
62.24982871437427
17.145509955447945
0.028635954617379666
8733.7657299934
0.3079454664213789
214.91212324816377
8.879628106393648
26.107448562559167
2468.66066077287
0.9819676645283916
915.4441727790952
696.6676122716686
0.014221984045230007
673.1267624850733
0.3435349268840826
84.01978557600529
131.97521472199224
4717.678746099957
2.8963282619803508
7.403546488888498
5877.224189278977
6.970383403312486
0.4400753269659907
7.585824338431099
50.25877426799652
8092.190968704935
0.6493210721971008
0.1733940022721293
488.21272398553197
393.64997468869944
29.572556682305418
77.39077009647946
1.1060534486215123
379.75970768803677
0.8806775656776141
0.636397446161254
649.5969961264432
878.9882044283127
0.7380399173758484
0.3031244305819032
0.11140992242352654
8.417177817729744
2.3764247710970965
3083.312099548824
0.046590753283132114
5.4201056819068585
4.916815837404524
0.6479793933012367
969.0662805828283
86.60145301384416
0.6172669780693261
1.9973299331422034
328.8166511385262
0.8683265982506323
856.3475322710161
652.9841953804619
4.04783169923543
6940.274038498745
2173.3227778013265
0.27494725951273
0.7984458067131248
0.4745456007619825
0.4470880541988146
8.727386036636142
87.58840407426813
728.0948002905265
85.96011638030457
61.059131876589625
2164.019181687429
0.746462387929081
9015.910620689148
478.4083547574501
7769.458263560811
8.75924033098514
124.06151044364711
55.77835270128112
18.928788559650744
5.636449219118679
0.8019882256068744
4628.19397539998
0.2732577922772439
5753.933792565152
0.5524705743569626
0.7676128549385822
5321.764845873732
8529.429271700279
94.66915969894548
37.54576619007721
7.720091712319071
0.22051118545441506
0.48493621508458273
830.6030700621258
89.25724908588978
52.65661088758272
5.014830860100766
7862.12678928395
88.05429499455866
845.5979909996356
4.700018236628586
2874.4740792973057
9.80383026522892
51.357814648988544
7.6296357111062365
4.269485424392588
6542.489589943967
0.8294560934750087
4836.7307117197415
946.5434003267079
983.3476452690699
2.5309804017373985
0.20376010778804143
263.24211902453453
240.27003751791986
8.341082080114296
9612.447224949636
0.31970680926434025
907.7808790326214
5.262188979221372
0.5950680692330309
25.289228386184416
2.4829511832978435
71.02346273828853
55.5411033007379
0.0768187060876141
867.5865167758343
13.064279474875207
91.43699693247807
4962.868651019348
0.011055633673572207
795.1149052292665
70.79826504118982
4054.0406463287404
3.0322153140973205
2.1849593052145977
9.099184857455507
0.8701349282788332
5.714904054618868
0.1045198630331583
0.5123466243518181
5.409783251609235
7.112219581932052
5.961524073805265
974.311621685015
786.2645368327045
965.4006181504789
50.01437113380498
424.54633669730003
653.6927920070274
71.58456977542981
0.33091471410655615
8.89741349879
0.9045970802831295
0.8410284114830654
0.6533821357591104
5.150516536985528
0.8025625953430665
39.45883569171485
356.04967044013216
0.7093920590281736
8955.842954809821
699.6444428818836
60.94508173322354
0.5982850576709207
0.08124922825369929
0.08608241436093989
0.3909675093280641
8.59974156204316
163.12764335643283
276.14585665510504
0.677654978934307
0.5039309582630577
1.9236567915991853
6.7774266189256664
73.058475221646
5907.3120938515185
0.25773398016528337
2.662159300430976
1271.6902382772143
0.022023347635901747
3.651228609032743
0.8741732447421617
0.31000346685736413
841.4201726732384
7.457132697430456
3.6782998861781815
0.4084100413753433
611.3199263929102
0.7635740415069425
0.5497890789267877
6.910744998535577
0.42619158864545204
5890.4852835594775
9570.146106833996
0.2896232978809562
2.2515791039486857
5.312416276679025
8970.217972380156
85.5184028619716
11.099449865245203
0.5702294891829865
0.8027657011368912
0.5478569715799632
9.573299489509957
76.35860826522706
8657.749764279974
62.32464422877532
8.854676188645112
8222.930113209031
78.66812124726776
19.384518265506657
990.9376088763752
86.68175498333123
9.861909667740735
0.37973744827077016
860.4538463107109
0.8299798763915535
5.8237659979172935
1.5580324082506214
0.9508316094171586
619.3359274250589
0.6169483340103912
223.0069197740009
9107.168500661637
7554.574874286733
11.051235357434575
0.12724782480242425
0.048304600802116404
394.52877181928824
0.30539279155458177
2.1457365563954167
0.7507420247406102
6.422118901328871
5.800044149873276
6.909861376374514
8.940787571561174
42.263085055672114
6.092350008169908
107.83188776890785
683.709569194802
8963.431919528159
0.7824998578489082
49.10553101082582
0.7058793707398481
2.188911448405644
0.07545184743035849
0.5277624807315217
54.53596429996729
3825.7676909296047
1900.8299912140958
5.543486774968088
1.7088012912046813
0.7675392772420143
8681.376710155935
123.06662245873312
3493.3485824329646
98.96835495006766
777.5939878887149
163.64136118656535
6.323291954395986
5662.397120977273
0.6444644851339454
6228.115230759035
780.2180440075847
172.8798005570913
860.0483752757044
81.72775781349267
9143.783693305963
4.423882116841189
1813.0506687227555
134.38578318358884
0.2926818284044037
6.351889059054809
667.705739208029
3.435940423785179
3367.401672241526
0.6995439519610738
171.78662553055568
4588.181313742393
89.98222503298368
0.7212840215194648
46.85176682024353
5.518523359521181
9.16392152532204
65.06837250231871
0.8747744777719192
0.06783351853157815
513.2886194527106
9.15934266801588
10.079296323230658
0.08326811595604044
7056.539174961688
53.133847085123584
40.768358198448595
0.05240338003844902
65.50546143060551
2.1912936067650524
9.94037567905434
16.94030546680314
7.899965302885751
1059.9070264695954
67.11715160432954
0.7497852807088241
29.446701197950542
6.2743721279640425
933.0605857408005
23.617589760822565
45.759361743289794
66.93860457840017
8.74399914704776
463.62587543422376
763.0284144151593
257.25009882887684
0.08810798918073215
90.67338823944596
93.94698929183805
0.7145820271931169
19.53854380011386
5.769187818585565
70.05025275168852
2696.802080348899
1.1847397358884604
5.894031746241106
8177.412863096627
4.676235490964034
13.272220267680234
80.59561166010037
0.9638216988499105
79.79639655826146
5566.156963453228
0.09877030219318939
6.764181737842946
3.2362657945221764
44.46607829666653
82.55140880511885
452.43796911839416
0.41104306033543403
8843.934126362246
16.39305245582173
128.2129729906001
31.71230813236091
1155.7903525633062
530.3678410304448
0.530341850421637
4891.349917437758
0.15189408979376884
7749.813376034689
6.101878053681558
74.08362616793667
5.867533471715005
84.85972387431295
0.832784363831384
2.664653304938268
5.171615923562856
85.66214400388169
941.9467011157334
6963.480726784625
0.9636507724573612
5.603146568767599
544.4932433126075
3354.038956978891
841.2713931510024
36.3513251621828
58.11616274999749
82.86767968782905
1385.9068016671017
5.7127591404171385
1348.2279229739636
5.143234043389141
43.39887667545689
366.8301497053468
5852.1376923073585
97.66334463893
4.395062535615085
4.151929846567523
418.6766770681195
62.687691594135146
2.5802833987817495
545.2901156763982
3.5487257101800793
903.9917497877432
7375.673952356306
8368.69989150819
3.81388322475435
937.5653417449606
353.49622676641434
8797.182909504518
3.257653395598068
3171.7664633965505
190.85603873184175
5518.238121170484
7.778253804793145
3.560044871111753
9919.189038273293
0.4220045983068227
3035.8753492996516
802.8443686058179
2215.904143734572
0.9781774196721945
0.8413154256307209
2.314835848075835
0.2379139789702731
200.77558983232436
2.3394221506624433
3.0142898639767646
490.28087831073054
7.541205477343577
6.116383716347354
27.950193657220446
21.68251600993295
66.58944489947977
6074.475475698738
8.604401968525522
689.9839322491227
0.3813630399764557
876.3836313254795
0.3029153504555998
9328.535334511475
8.530598336695476
0.5891026634519752
0.563594617023321
6.161360165591572
0.7973617904177908
0.5328360025567984
6.5715456755924055
59.31448000774605
0.9742081728240257
88.71218157978167
84.208616854498
3.6015501141840933
4484.362571858615
687.4487786646628
838.0380565226377
388.6642489188842
48.280126397819735
25.807914188843473
7211.829242392195
0.6047379506177784
4.047501075511618
2.7182285673773974
5781.664797987435
269.63730394240383
9029.403681135002
6563.089337862879
2252.32694153905
84.8102122892577
1090.13563903819
481.38122688361904
44.15902345260161
71.49124433173975
674.3986469417706
26.524315070036874
7.914140819326583
641.096664012313
1353.5606290937362
0.36111322011218416
95.85126616770768
8714.494452724693
0.8107765395199814
397.79944813945644
7.915589309594912
8.981830372728044
1.485841362640069
1377.912624283797
0.38874505668005754
5006.025782107434
44.41262064185013
4761.137872236083
0.7239613536181411
0.3502261568639522
8770.56999064986
19.224058380037658
8752.390863440556
646.9482528364213
7.085004236454365
6.994929802514704
8.049915588038502
2877.376553133323
7437.810193248019
148.9515781306794
87.38158634714026
6072.375885845985
452.9223809796271
94.19885937749248
3.3561865240585833
0.291027490961274
51.307826699498804
57.95889269114921
0.3997650471898152
412.39044868355955
0.6407122248033469
9.644959807146604
499.91302215961275
3056.7995320299133
0.053270774645582386
8.568182327877391
0.24588235889380483
6.909901468958221
6.20718992424429
243.5155322319149
95.92942630275819
0.10633950962196648
0.17007597300760446
63.29799574503625
3.4760952306279935
0.05632829313773191
58.157463884113916
0.5563105010141215
99.7357289240883
4598.259692351663
413.0969081268208
53.29112280424611
29.783640476895854
4.137612310159597
983.0145803549706
0.22489537211615174
16.94536813666182
2680.902837875555
572.3367804021569
33.60214953615287
0.8932757720088645
8839.552850162925
636.9897137801861
4968.410156996496
0.8298108608609833
0.8208916179365915
8991.386913274815
0.4725817904164964
0.023441019932682883
8.970598458652798
283.2663520551711
5.730700040415178
0.5103332451009961
7.098200536077729
29.772345578864147
9485.941668510368
0.9479782320471322
4177.127323472496
2.604939168972913
138.63164507637737
116.23756783261818
35.879315866848984
81.58969481432797
8.34607955994692
3759.821222658747
0.9610234991220037
92.77646876274089
63.1535605838522
58.66392474689357
0.3309361727494695
1.9426350776250323
264.6453026053741
0.2610472621426657
329.9691039253498
918.1733250616791
852.2702855198846
344.1748708002562
35.672769327598644
0.842604498090357
242.0429202252059
94.18759462050296
695.3442191544141
119.65458786100602
43.40546180224416
2145.884244617845
768.7268029251293
2.7820171399050118
8.698893214052587
7.304562811839011
25.01504303148692
0.1349081310611575
7.251077040409509
4423.732142905411
1.8933996751812487
1448.8972983482772
0.03176252797458323
6657.77873836723
0.9549641456922553
0.8084459431546459
6.837888158190173
805.0022989934088
86.92287112571518
23.245829540909213
8483.370552750639
0.6721064434715378
1.9982356295556225
5209.437234112692
7512.148179574248
69.56329642191163
206.1010885505754
21.09419728447711
6.6908839148020585
4244.58424369527
19.00632177331073
1.1786964462869065
0.8306661771344057
7393.478848676822
81.343161208386
1.3930278626312054
924.1169823219667
315.5858539216076
0.3370600349897177
567.6358991977544
36.088512086045974
0.4528344200854242
3475.651685911113
3.4203065675132294
79.19334638986247
0.8628896011496852
254.34960934158468
5.1361626509181555
8650.174690613056
764.6793138786073
7.195016075846613
5739.935508737752
1.2726433559625527
469.734602538291
175.98044339526965
119.5546343789089
0.5046543525449296
5.576551969131138
384.84855541749374
97.6570605943298
2.1773407225062744
7727.976793314802
2.119018970271336
5658.069110763689
4845.978046182967
0.6043808308896971
48.827686969548836
987.3746715015781
207.35237027598185
0.6559414178141967
35.160930405154645
884.7657800648274
1.4325862033382597
4.007350936404341
4.129659120757045
2220.3268186358328
6355.948362379424
704.6186100298279
13.606725356964267
25.56768343913529
971.1761244348684
10.984483020348335
5.396196655765716
0.7379126327637172
68.91874662121329
0.7134481708668993
29.696565628806404
48.61913537924353
1384.7554631546577
107.54890869553779
547.0632976775602
9.367060560623274
3.6595317849753273
2.484938848597218
4.69755599824021
8.415802826937917
5138.530507897036
9941.215426689669
63.32410354008995
0.3812899394520297
265.183093969265
662.4908349414297
0.31514940381003487
73.23654155668264
480.009363529148
292.2022788300579
621.1328052703857
9253.448568763744
84.56996046468116
600.3768700045487
755.9152685239535
8.838021042928872
3726.212356674543
6.946121624833877
0.4788086066904318
0.22991282836853666
3.7238972772769987
3.0830607652342126
25.227005455021178
793.886622084331
911.9542005666106
884.7158635434536
67.94005892630565
494.01766178711904
0.02293689542658406
0.1755749597113122
0.7747275128465289
2284.078089120738
336.6718380395821
693.9169442430637
395.6062982075674
0.8904788154561151
0.5005943863974484
1.546624568557432
8596.049182357456
81.58151997448837
1.067686608591838
835.9825227289718
261.3125304530879
4.429765181187543
205.67044219408425
8524.64442742478
162.89018363818042
520.8304789308277
0.5759807800919361
4.426390694448614
260.9062798038919
0.3804415848781819
31.801827056430763
523.0997452637358
7.307311642557623
5970.561331360691
17.74971470434278
27.935764456947233
61.15090988272895
32.76639041960786
70.6140293092578
393.60095040141283
7.564298170189772
0.7601586398785654
8.254090253605462
0.6728300900117662
128.74658402524253
7308.180871045399
1.5746000074176192
45.579249268978536
1.3813955540913048
4.67282706325917
7.1094260564285765
7694.596566394215
337.03326279528835
20.79108846954035
448.6868230329393
9.841118388207963
33.63716758468044
203.65928067834759
5.425144912757957
461.9968254429524
3.9407936279999722
44.5450605462629
59.79171600314665
0.26620465931345827
49.74012098220769
7.022522262914245
7888.988979727282
0.41615895449934315
662.2249931492106
64.9884999201395
344.57157362564436
50.97397463264954
1122.5232490405956
782.093684777978
5.34680421084667
0.1855443660610212
99.1389535083294
714.5465151744081
48.118745419660414
29.92039625603402
5690.197339559445
844.3099139282068
0.8043675351681312
108.18006653780121
19.79048798193824
6508.914655094525
33.95675557545873
4508.918797549586
0.8611532278231193
8309.88040436251
0.19299233790202186
7.381298158438154
5.412769640222677
57.33384159418494
0.2510841253404775
45.94267278731871
0.048564285120087036
10.561858540645797
0.042420755359363294
2.258318032812421
265.5489597080346
5333.201618779968
0.8691733865277695
6.385161628213385
4.089934498785132
8509.181027263023
9961.431979692941
8022.7009476970825
3114.368752877722
2.453078567876293
12.750456608661654
678.9149429733513
0.8583440143092536
9.285895787361415
17.860999752232576
10.800111803152179
7.25866240102305
766.8298726745081
0.9638977744510366
0.19066284278489887
55.37746620533866
44.66014465789815
3211.6697013069174
7321.668412471733
14.037033769745733
0.39121261248305605
7.215431850986935
5459.667029460053
0.02158603319668073
0.9468262685363057
5.436547929641213
697.6058033115013
49.45072531878274
6.22758598720727
2346.4939634372718
108.64918209711693
8.167353668506403
7882.546772397339
6669.0795200961775
47.21356454042186
9.452120237379761
78.65326872639062
82.27260423673096
5.280670249314452
8.205131644127624
5085.6151951822085
7018.2127298305895
7613.403424659793
49.725077513746015
0.6450081780623663
30.448611022450912
3.3953383298885695
0.9792341905506311
4694.648215800166
32.23175392885459
6.685202223509366
4.943663422157304
18.92200444012727
0.367331571087373
0.4172702159638706
55.81295864935997
5979.742674845987
7384.370882132879
455.5614177637467
82.0980342331858
43.34348938298396
6977.3922189467285
76.86758014410971
41.297922534428444
236.10734325078164
74.04707235656728
7.49528982286513
22.164972379218174
40.1324730517877
78.18774221530408
6.211762052887977
70.446337802017
0.21354962760502305
693.8555863883827
0.22927583456327671
597.7460700015074
3505.4975128117117
6.1119448946027415
8490.40239789842
9.580550889377408
466.9797385302978
81.11821990161162
9341.483444959427
19.94712621401935
6929.5091190855255
97.99680042636555
80.92113797502832
8876.822865211863
4.039886264496145
93.379650804522
0.25332955500328336
2.916452596106928
9.806207512752817
21.867364616403396
6.0168513878580745
85.50708387812212
1.3532668223507471
8.73093960147733
1.0871669843948628
0.3002995103579409
7.970285712510511
5.632790200041786
0.7416779889643493
3280.0754578662772
9.811332600581519
0.8226002530238603
3953.7092079248437
52.53148641199118
91.28550405520176
306.8032397146033
7886.227840703011
7587.099849706077
0.46438073526117063
70.36977611699524
927.0701118705426
0.004272177730532234
33.90861529883219
4886.110309637876
349.7896096882843
36.67220862883362
11.110235941253933
359.1426066165096
525.7119821769791
0.7424109122355285
264.7580079742251
0.020758646844404538
8.104182267863742
329.6238170257363
4.805507195875735
8764.157553758223
6889.076003116615
3688.111428321058
0.49848126575246554
0.9853241753692722
0.8863548649207555
0.06497933928757194
0.654342379931736
4152.294343225419
0.35941440396288127
5227.159971743912
0.5750664881650666
0.4012241722846551
98.49843106938054
10.89848092110236
32.59353371043105
2.686424921893761
0.7320294262228594
887.3925001742002
25.072901939636928
65.25028511016406
52.992606797812854
7819.788411375523
79.14718262873903
888.4923006730087
84.48559576077528
509.2812157784752
4.992548650455158
53.33570684096641
9073.722507138564
138.17973503912086
47.71524364879899
826.0980079427069
639.0971269766133
8.18221399425139
33.6476701951824
6882.228050014665
6.981609851038138
6468.3512964523
85.0147835544762
9.380535791657778
0.39772236391144733
0.27652714512185383
587.9637377280509
68.09751791833081
0.662336142850537
2.4846966408686777
9381.846226809394
779.1637780975768
444.81632127066797
90.95595388857568
8.329836627457059
9734.091588433876
362.3267156846583
0.6451003476440973
4222.6123157517
6293.100467359976
0.11985824906575127
8132.530782224595
19.13623659218261
0.2878654723954427
440.9572378387749
2.1986271672675475
0.6898094243133914
7507.776335374846
3453.5631336759097
0.1594301952752375
9126.698553292415
0.828677973244556
7.878421864319165
6.755577717609736
235.23779622620046
8698.378732117884
89.59373601798758
1915.4862311851573
0.5768889871951213
6.664397554677887
542.5289288679821
196.921658733357
0.2062296365758447
2.7964473301508583
863.0205236072627
138.54602092720802
3.9095218481011274
8.711899627577695
45.29263768160606
8.951465305041848
5.185069815287054
0.6287899493033858
516.97036766265
0.9527507530380144
0.08218345713378206
0.004624287429090712
46.70657933770567
9609.420974054237
293.3973328520009
610.0640306274719
0.19615559980077735
7232.4497191758555
86.28482928152411
557.4165022124837
81.09679650421468
0.3854387451994523
91.11370383558688
30.08456776777053
9.902706463371292
991.2773178957779
0.22988728104802902
212.38349286880918
5855.884240519803
7679.896913230487
26.997138832366584
96.19477557318774
2283.48653339424
27.044292267437463
0.8010818448266493
0.29233886019833744
0.38244409213129027
0.9988538399563281
6282.479773982665
0.5275105301212977
0.6110559038328705
225.0879074012495
811.8139715861581
0.6258570454057706
0.8319206093878178
7.476340280767538
993.815111522436
0.19644592208559442
346.5740415209799
0.4949420763966169
0.6383400538365303
4298.737735532801
292.779028747149
905.8649414149023
541.051508006285
9732.657551120481
6064.649277762969
8888.51416563524
3.871149346594538
530.1165811857439
68.02708467018522
7.362128899128142
1.0280246798954473
4349.468145721034
270.9459603990435
4347.5030763161785
2681.396293136963
92.87181401322515
527.6127285029625
8344.986607927562
9170.487470091599
7999.790861200034
0.7638652988132835
6210.100894775205
2.00425813835859
6140.313720234953
736.9570574358481
4.721504499803522
0.63096855550122
37.464104930947094
96.74287377951994
2408.1668128313327
8337.118583786489
84.35633329483547
9070.45423963951
0.5367228939774693
8056.202365412924
110.41263863568417
5536.543496205666
51.59208342704058
5413.356601449228
2049.7874418594984
4230.917769929209
6.53518052169069
914.7647300060363
0.40171663012183334
566.8704187463118
796.6972826373698
2666.6924144360714
86.08929981242414
250.33179949159944
0.8357332954684958
1496.2863982284002
2361.1102949660767
0.9124769603102554
692.9553140317602
66.08863307438057
5.103254070332076
1830.8136386437168
0.5303958125865175
81.03975096246633
4261.494586463111
2.9137322039555946
6.719555766183615
6142.044862163971
1.1449740163520672
0.07255131063117104
8.05581914250617
8.4974031013493
65.58791901410892
0.39560672387770135
22.793115928445573
925.8055784254576
41.044883260257414
875.6388582012728
77.48796339779163
6.4556370840291235
26.004606858449442
5166.437199468709
19.41589185487853
83.1504414847209
52.49236569153323
78.29766191158541
4.257374725711914
0.5386022490865805
8326.04072654281
9.058604348485911
61.769853565440215
81.18708466186952
1287.145002814195
59.60865343914785
154.13265398798504
57.77073246367031
58.123520816724216
7.791653112095213
0.7055550437312348
9.151006824093246
0.6455913167181757
6777.404844229099
0.7311230086445794
0.7564012624835472
75.23769625576145
0.47827767774918384
0.013145500882534522
66.91205879331966
1545.6389313572006
5.910937219660788
7.500326189933885
7323.939292184696
127.47132131949269
22.200365425516576
116.95900331581521
0.5263666806887151
7.943688795526126
943.3960581820455
6648.576545039869
0.702166214072295
977.1927960300775
0.9303398614830727
1.66251723943587
8113.99201446226
9201.578672034628
0.1742335243138169
0.9991425262434732
64.23853368159968
324.51764878958886
3872.422031205609
2265.965153708075
93.7326045528802
6.3095881003671295
3.570561772606605
28.039575094495838
0.3902941066830026
2079.905554989826
5.652283455968924
40.597848143562324
19.726044369574623
41.749979094795606
25.4309664288898
0.1719739347964131
2.3922871934562995
6.181024681462377
3.2683951298417293
4.7081138706101395
2222.1679600297407
67.70381914384149
8684.560777801773
0.031001959890778252
62.886753558863454
576.010989864
2.0304886744208215
512.9334014478547
0.2882516407675858
0.17060341919311062
36.65996671109083
8.450147728553215
59.08596322766532
307.41511833453427
0.2048078187704041
387.85348753723105
87.2586100054342
179.60443839485706
6587.403394871909
0.335661110824794
7.611475211860517
13.39614291561425
109.8869821896462
44.02276322606619
3.9709954468930073
2516.3747831288506
0.4456005651171835
6823.455647979146
89.624605137247
0.833682025536672
7476.476957584584
10.209819814455257
162.3046423197102
222.61481071641165
8894.698488741124
259.61932795689427
0.9648303447696461
622.4163647438535
8.636056435338759
921.2589652379689
117.62318492975565
5.621709599766453
0.7529925410092946
972.0182382378989
0.5131524759238707
1950.9820083301377
6.412274439899063
6.520951640341302
199.80647912562034
791.6330358290533
36.37470304880404
26.469664706484586
5.819581383275507
172.39476863597537
0.09763007132734092
1.4693092961019105
709.2422897297677
7459.866296612083
19.232549449944326
0.16235947204096113
0.18071292342433376
2780.230270568186
8103.373913807419
50.12648985675609
931.6914450820119
94.52073891351428
0.4838413529760385
9548.357266084586
0.5162854461547298
1806.2445867149813
485.12833837771353
0.15149637549300288
835.7233173504236
640.1269865264447
7.721695649582649
0.9757480509953715
9905.02912624331
654.9354428843839
944.7828484043296
0.713862560937486
9477.922602406517
0.15312007946767348
0.007049329288791872
0.1020713023589267
347.96986463621715
9.697215082660236
7796.927505197315
0.29680261592806034
3910.8335749149223
0.4578832828564895
2246.7394062957537
0.6679642799581198
526.4771094567931
81.49618494570015
488.0062859495394
0.7954368500182726
1357.6709374608986
4.269554522991182
7691.311543764214
492.62227599764685
8286.007076787464
1922.9093122536344
9.745603073400677
76.02980362216223
83.54700992910935
65.88477085607119
10.971561829429055
3.078307227952247
5816.442687402923
78.92261510290648
596.6346424366523
7922.055901133102
1646.7902237412923
203.23819366925966
92.22012308697296
0.6941193948418062
218.1069709988871
1.614891098303528
2045.0655512362825
1.5572869849432103
5751.690448203743
3321.491888802489
95.80232342135662
0.6614767774992246
43.906892872614876
7102.423375778868
0.8230401128576399
0.12598003384050405
0.49610165405443274
73.49225331039221
7916.690271599691
8083.915906322327
67.03195454792129
4362.752234758307
74.5536369226803
0.2111894739328365
504.10165336623317
606.1855695087855
16.099784262493966
81.65352160749534
0.33290722941139017
91.69787800938629
647.2626704462292
643.0693531325314
0.9924617393229915
927.8125240106825
589.2531519343063
9077.838789966165
1.5366564719756448
9.605806127785112
0.10814377656459151
0.9739394667759146
2.2643103252330974
779.1160270212538
0.9038700137965106
4.637770017985831
21.974674695025133
0.8410304711836883
96.39487377052572
0.5245671763369097
941.2236143421434
0.8076706359923139
0.912054572940316
0.4264369873204431
64.28684583592191
1310.674696828904
4.3126150371821295
393.9822115613394
0.2079743739968024
647.8146216466637
4.08992504365001
8.597368187942433
86.9437847876118
4043.8806401454276
617.1545092022774
580.3432972170131
273.7252372221258
1865.3033667523011
0.003133070266427951
0.045452311756887576
1.1363037389183561
31.617973627932685
1830.1525381732754
1.7307238602660413
9.479431732618117
274.3718705090019
24.581094372264634
365.64347673301876
3672.464174656411
497.44823156790795
0.6809314404263365
2.2774998132705337
8765.399102609643
0.31027791455181486
773.6461992556058
547.0521839502549
0.6191901776356573
76.99367227456577
30.955180727357035
2278.9422182322405
9235.31120162845
0.12886676454519108
6088.771009029785
5474.533610363562
5.977725329529466
7.569954341026212
55.77099000498055
717.0695048904499
5704.465281185691
190.47965136652113
0.2207324995625094
4992.87069426637
307.2302870223342
5535.980250784265
0.48694870457800654
7.1137546287701845
0.9392425225161841
6.574913109442528
25.30701276500712
141.52563653749638
0.47332973289669233
18.725081818234713
0.6588738544220782
0.8110467325203878
0.18600274895904656
0.30739682590263806
0.44313283008853643
0.4694483834533071
0.7954282740791918
0.585206073844324
9846.454432481718
382.9660336091131
27.776830317082545
5.70340806991365
29.641227412217784
0.25266278299058387
30.389866696653755
0.46757393884938836
441.4291141922041
897.4827631202584
1.1097711745208727
805.1322182414846
937.1076578549929
9.720825655177658
16.33714397194339
0.02407071044355691
0.6036909332808124
33.62477662691599
669.7868251194226
1127.5958169993417
0.8608078455875441
2.7841079853117523
2.402130149667304
3585.0374962118826
73.04695548092954
29.51338915472006
4395.860974923334
106.61199225474604
46.94537640588325
0.8581215982720064
854.0354184493144
452.36562971262174
1.451407854346356
99.28807618163171
88.31180496149611
0.027832990969918203
93.72061047262166
9310.597487178276
5301.684423920217
317.99847125687774
6.550180959636254
9106.118809988066
0.8898693886757371
0.09372044595709617
15.55565227314154
598.7767497090074
0.8761911707853193
203.7028727568645
3.4167031733955167
0.9414716776413192
390.785761849182
992.4720757793546
5422.299037046655
0.6265465240922539
220.74409866867506
0.6228572422456222
195.55904623016795
0.9874110590084608
0.250548406124812
4996.7942414509625
0.21801308720682455
0.08435802557140537
3652.8189187855933
4.455411842484899
1764.0563539240395
21.66033383635215
741.3664040154582
574.6025687155022
0.6001001861317098
8275.43189025256
641.3987587741912
52.599141617186596
37.29795722674179
0.1466762255633136
76.67712214002664
0.8488840011690133
0.4731650126097997
9336.968407903405
0.2948175248326246
1.4656986474717137
0.43759632811022575
0.14658321683648223
0.9429837342318186
5.7318651304905766
64.60834096189605
0.5938976753470729
1.3555431686115538
245.61000286982215
0.15716405186913895
8764.025986114535
6.223492518115603
0.25582079228815546
9.774949172112377
8250.113282082642
250.15066214385905
8137.373071023545
0.30799460421362845
7424.46670402789
17.90601312395619
244.02989755952888
4.11003192271961
0.9318057396815338
2.5675018590421694
8009.860291670479
9903.994167632292
7476.465273070399
0.32534591067139296
99.72706038249267
7280.465661873083
0.22124385333723373
4348.789392189837
0.5924437851827579
8.283095425921827
0.813832186089785
4.110299701292157
0.026686175552594893
2.181708074771296
52.0179397898893
26.988443770866432
787.6522402670164
4463.803583290763
3.35654153353542
0.5556885833999871
1.8881826202395358
8448.884366369182
90.90358952429645
69.96904951033079
945.0020850023576
354.77026590409844
8287.480323247817
54.2051464057123
83.37489362524892
32.11740838820355
0.05078630814191354
7.269110265552888
0.9849593317685476
753.4088360591728
243.18633295586102
0.849316193954101
8269.363901492792
4.944043802166343
9090.715580189431
5.666768352460847
606.8961002750294
29.115811237626765
769.7274902569619
5.534635342028171
8.52901886959694
0.05579873683904768
8233.893521911186
230.69265266956918
0.35835377079125774
69.88002230377444
279.8207659949756
7.549147964673684
0.6978006467699189
94.82258417569186
192.11018566735117
8978.179321828888
519.0432448410286
0.27598579088045105
0.07999787594698515
0.04730635475034661
0.3429801678761506
0.5036014892060999
0.1203409909462706
553.2950285238369
4.407229654641867
1.6557458863018304
0.8577043975517549
241.7344261210461
8.197411498620411
4909.856728258558
0.4936790005495355
0.2613976420498795
37.67551693415364
7868.730882756088
287.19899135485025
968.801071615172
111.53236374494702
68.50722740234883
0.4099414076063481
21.5753547266092
5083.541145410284
265.35488416381037
6.279601313871568
8.47160172674293
92.7117073100493
49.72564257956817
797.7961549613882
1.914335486061417
20.205883183384145
9.325742786796079
4.6352150960173155
3654.909183673466
0.18080239715237956
241.46732111099
5.569471615193951
3214.6281407187903
73.50460697498615
1257.0763214898784
3032.4679062251093
0.6650155230426824
91.73245131957385
3.706934677137119
0.7797750179952203
76.10035613484806
0.9159874888624848
3.48324662887991
0.12057948806871455
6.610438665185372
0.21219229192865263
27.736287330472653
0.5629274937803003
82.76623513902301
22.38882272723597
50.13018626272546
47.41933314739711
8.856558038835058
326.29097844009937
873.4781323814074
0.8287808516391749
0.8557358040111502
134.37360835719636
63.112824333922916
5.330805422974568
0.2933352420806734
66.48913931412108
72.37943176673069
6375.232140614679
62.36569164481968
32.1741502956132
0.2530207834427056
3.2321593217560785
99.10681678323326
6142.181339334689
7.928431669575925
405.7408652439398
0.9979648362650526
463.5016545513765
48.30231099693084
787.6660241157272
589.5697061863287
0.25936473565029994
46.172860444590235
4.065434824010403
1395.1258192771688
0.036055464695001316
1.7966329035167905
1.556905858567802
2.11948602334623
2136.6845208424834
0.6060916118495672
0.11788033310034762
0.6601976593863995
359.90783554249316
6.078359703993889
6400.920419872273
284.05159197131127
871.0775144384164
38.70975396718727
0.042092826026445596
901.6494070932732
748.6415102277654
59.35785043494035
0.6741117974625715
0.24199478730529567
73.972556847388
0.45315694928119443
0.9794876816863138
261.4558318260894
0.5404257050857211
616.0651755487766
0.9681718306963424
472.40894144004363
64.09390217476698
33.576421551856065
1.803727478899817
6464.846288023185
357.63460361780886
6.808778952346909
30.269285130543334
8436.263745949975
0.4546997545484014
69.24124812252322
7.263575676740296
7.213158937653734
0.03795030485976536
93.62998747126706
0.2300510576665067
946.8345526147748
9813.911174127807
0.38362564839233926
505.93345364292054
0.7908757907313021
1.8885825125587286
0.6625362903688722
1177.534126025317
59.12694803229432
7.742423683793352
91.32089959985417
867.5700766962187
493.6436124743959
332.1317587607984
26.480757586924064
3.787857784906726
36.9922107234102
0.5591036541617056
9286.394474668125
49.316434539848245
718.1815736310604
392.37691324963396
21.305617650079057
131.1850710486454
2141.4768865672672
97.72048406340575
470.8234753998743
0.798895298537801
6.600399735185488
0.05858501423204765
0.15766599546046756
2.1507093733986524
90.73943320094598
198.6482927102734
733.5613899980842
1079.3671833111828
0.4144660303989752
0.005592074366650879
0.17145540772935863
7.170002047518529
6.253156458337374
9.114719955590537
392.5720014246045
0.05310873769604518
0.5133994633326897
5394.48334438744
4001.9544797403805
1710.108364845614
0.6556215815584703
0.6483035540866747
0.5714076245980199
0.019830280770424702
53.837693251763675
214.42685171306252
0.06852929541737551
220.52605453001496
0.4111099885523414
335.8789537617789
85.38471867409096
66.77476721300918
4048.4703604250262
458.23370085431026
810.0859846965193
0.2879404462549764
9957.008009140653
0.48194635449663403
0.7978372837369693
3995.0710276884747
773.8527526122635
38.069385576380796
8658.99309933348
0.10338037095300268
881.5039179538213
434.65201714915827
0.30715267153901105
1970.0023412418511
7.652602575294032
2874.70431986685
7970.127917088014
19.289234257211696
0.9593713098734946
197.11001536629047
851.908006435761
0.9311869987181175
738.826290628713
8418.059247730895
3835.930793829575
166.60823430506966
4473.267307306153
617.0377755138785
56.4134671186498
6.241785626069064
940.963786614353
2.006570015838144
0.08920842382962357
55.57305696157745
2.166648379227618
0.11459598221822409
9959.543058767043
420.64116530170594
0.5891713925336955
6.366782715346221
5.361819698051385
197.5318955481693
1107.075704272188
41.86153536531974
3514.019188529837
486.88671113874807
25.720151505881084
2268.5331733535554
0.8566975505484777
6063.891508499646
9288.541106092276
0.26789114354069676
41.28324803708748
2.022393941664805
4.959019483691574
134.0076300403009
93.95478217456224
599.1461676888225
1666.5170168122622
0.5358343298353341
3.8022525830545364
85.78957449213304
3.6405864829341827
71.16372659803505
0.09234032599599196
8480.38100412256
434.7657788001206
79.48254582926182
679.103380136939
3398.977340053082
544.3746656012693
15.333088524706518
9289.001286024204
61.77929942221061
9218.16312300349
0.844830214943808
4523.387368314452
7.186999208565559
2.0719668832814775
1253.938937782063
38.74400664588307
9371.00994857141
0.05801394196670251
4.07560458044938
3.828451471434401
0.1658512003903101
0.159331089196185
7.007339931676827
0.9767040237101902
0.26873752675693474
0.900339699788162
0.5057136526772711
3077.261277612121
1.9376436474526093
5.420655838363401
1123.6385748376708
0.3936731950889143
17.53134995840927
0.9518905366045249
9.319337510060421
0.6854256179195743
4140.791617206269
998.4760587881085
4.00875172594019
0.37795263632721965
0.8358307566937239
0.8041038691875096
31.3115762372265
2.0024523633120763
9.641832143785965
0.39614213073235305
9603.289404290634
445.0713373123947
0.3754597648514223
81.58687464394616
8453.967526590814
5.260294603956794
6625.2948526612245
0.6623597162664728
0.07780429815607048
798.2180457993765
3.9942816767368763
140.82447307519152
1790.2765931264785
0.37159051682439004
7842.72712455814
8.933214438832382
50.86331304146081
35.24615347398745
5.820831310399345
6.1072855947078
0.5200430609490264
12.882212511780356
340.16133770496236
0.3499124158780832
0.9278397719812255
582.8782512541922
2.5512590588448347
67.85692518896889
0.9785372647935597
692.5271693264124
3.3071304439519023
75.47448262345414
7.985426977501801
3.2670150473049295
8.27304097149957
2029.0103013681914
8.26758626582635
738.7418838041646
3.0337912942199186
0.12556379404594065
6538.95083431418
624.7915616219686
0.5676715763428877
2.1662621154052375
49.17015616617923
1149.245757308287
73.31006615557023
985.9479536376889
341.92249819526177
65.01011818896124
57.18305364688121
0.6228898030009475
9190.674762362296
0.019388332898255145
0.031054475992057684
0.0677496372755384
257.3278712809555
8649.810132561754
921.272449012328
0.7089859840784407
91.29039073609036
147.4501089785596
1.015931764896506
4786.507842983835
1075.1558310356613
3201.9572649154625
18.658231998585638
0.9367412435142026
20.70484549358058
9354.912728650172
0.6904948382125103
2.276786658614914
0.2760021704161364
0.6952368896115956
0.30894472060515565
4410.901747720118
383.0882335440855
65.84540900578885
3.7734424244192266
61.28013587737669
0.09755104647992197
19.662422201623254
602.1935492363255
0.35754283049281244
0.10531398009450033
8075.982553555182
1.5896679724853102
340.1852713056639
0.29058080287638255
9.708211482387997
4.895082718610353
0.8758246080983954
2.846627215954415
0.5922132630764757
0.4555285458564995
45.68290651114859
863.1695537043456
9.952167660356414
620.7615455195237
707.2674305100079
0.45374580033536116
0.8471936946321768
0.6074558641493477
378.061803291765
349.6035551070057
77.94462914296174
0.6248478175583636
988.3050742922276
3164.8193431714176
5.179948381312237
4491.393780637913
1.9615444911624746
4394.126783057003
4.2916687295305405
0.8596907493380452
5465.664271612878
4.413587041558978
444.1349066194101
0.6426589456078806
3.944170602455932
7.248919119649671
61.31696340931393
3.180478455319519
0.2463336527213955
424.4394642118434
6390.044646794478
2449.97664046281
892.4579228389338
0.25858565617569385
0.4656952740969168
2737.348641460401
25.58343482251396
684.9964571180652
0.06603333401944533
54.64552833427072
1966.4772403192487
0.6351100372093809
278.6374738994535
288.83916046227296
95.53035215515355
96.21606838720965
2.6340471756314656
371.0441407184853
0.6110138173724796
6.189663635956377
6.731929322014133
30.773802438197418
0.8245231284724043
87.87703650418175
2.0044125024542705
517.145916523927
0.30138385986168437
3.1808701504289916
81.56772034386661
91.76624915166508
0.14907121109205757
0.46831340118052844
0.5036304158777765
5.4354139475046
40.67645564439319
5898.078235657312
166.73704718482284
64.3915468573766
0.15600411235450196
0.3426365997848405
0.4753350387544285
0.786683941142987
0.010922133120300659
0.12196454294060499
0.7538087919666041
0.9325114359903649
171.9027079214701
0.5829520562110706
6305.495184934569
481.1644722811566
0.38610843338402145
0.33435024809842284
0.7738431897706342
23.391220139234324
67.23358316408361
0.04643220335587073
0.3835095211257803
0.9422711548764784
76.12190148740882
0.851877678239654
79.41425289010499
2.5688653829886032
2.3295901600950963
0.7090720504557484
4.108753768920982
92.86866838916029
3549.0474301106424
157.6855739772015
0.5225718726724482
95.93394914820537
0.0666754057652238
0.8165787095349175
609.0173314308721
59.92408856247899
2180.1221522417413
5591.309663356814
335.78243160363996
64.18254279233228
0.31973594785981063
6685.1592856598645
373.0511706003857
0.8451554992047774
2.4250023363603757
333.3093773066099
97.47193043898157
86.04081724511825
6228.9167523186015
0.8956725186607364
98.90076380696611
4469.358112843855
0.7221317657980088
968.2049919184262
622.5494678453153
384.5116191301261
31.463582841075354
1.8870795573182009
477.3270672627895
92.68061993613377
1.0284389264198501
0.7458326143043043
0.17200372247214502
4.542784940503347
0.19623820072980136
37.15214318858928
4.868678406655624
4.552734601742948
8.451314804701633
8.86080427071166
4.850054971879814
0.9417384990496528
10.631852668627984
8.153008215732532
4.940795249678751
82.10541186867219
39.030352974812764
0.00038317873502236033
8.835015845903424
56.128665591523706
6178.934504280622
0.4046126773581491
3676.329705316417
0.7348173466388884
1419.2851255322737
84.08020266004445
5408.855919514977
0.40296901531138485
56.95525331662701
910.7025354252678
0.07002031696186073
874.7955480574043
872.46685466387
52.144903231631815
888.0554571869558
3.556723971858812
5.810436260711683
682.3348766549271
78.27371949430025
32.05386328670169
0.09787930558240143
8.078382930622848
1.7158355519130253
2.977879826362213
579.0038490294145
947.4975935558272
91.79736315961848
839.0487533856768
3.262434487023147
5.171472052736641
6219.386554978175
2116.472406713411
56.90902611820825
617.4544277968988
9.889958582844296
855.2597149603972
0.4690766452303733
16.017754777570925
7.654154168684787
48.20944429539061
161.54494888282588
0.9972707542665786
0.43914267626034176
2.22730455167397
301.67151787554025
17.755262410692087
315.8410504295669
769.7920288841697
0.7141994063113142
3268.681563678558
6.299113955474964
958.1345945286818
0.8872056285979785
5826.163569296566
0.7138664568273498
923.1024976148354
3283.8646105101734
0.0009669939409054917
0.9246517530760255
0.20808091224540737
16.914784701976128
5399.544001031128
0.9045553493855242
1972.5591815731714
6601.804416381008
740.7163261955152
8.388573408241255
8824.15304691752
2249.018908378293
4.937681756834235
7428.940130983358
99.20267826006378
0.5069769859851897
5.308769460040342
0.36878083660226224
36.253377048381594
2.692969299013485
1.3268127802465435
3.0323336016851377
0.47538135910184853
9652.903111570924
738.5601737867247
5.690898277400276
6.742306532884678
0.8861365251648068
20.89864209369049
0.2563437238696007
8.854562283218161
0.5008542064322706
800.2867228483769
0.9699399338286407
4420.423424773104
9402.986012074221
5.276514024729107
4.9415552927348605
298.8848122422988
82.04828808930391
78.3343274397891
5.098439819992688
448.8358316221832
6859.126483796935
76.54171046972222
0.9789453230775522
4932.470907563724
0.20185715736906873
6832.591676773987
60.450267047695846
186.71676897702972
6187.504031888961
0.35540796869141633
3.105929099946547
6038.980668603753
250.13116888027932
45.084095952643175
0.657254846711355
0.753162612406845
4770.433936219241
0.2629834706456513
0.49224331597990556
381.22220670759344
609.6133458791707
41.95625569709978
0.3129710821179562
0.9831656296667634
35.97625825958091
0.6716881211496848
9.373299565127638
893.7455640980905
489.520599257126
58.18347037925392
561.2173181205566
427.42487095274595
0.04395119925234359
59.668799871158875
435.0862211742441
333.240337358769
7.709285144102011
1487.056793311763
0.8266973727048206
448.0528072815281
0.40340534886285595
77.88024797052341
6431.645049147812
34.37506969378632
0.36872517589687015
932.6048303253586
76.87895849805214
1906.6714402115158
9873.615044709339
3726.2857689475095
0.29625116792827866
4989.730604154204
7352.33204369528
2095.0481851690006
8858.36362716389
116.60034287884613
812.7379854312136
126.15975918484867
36.01127334264655
925.2639357369573
0.19608694018256634
31.868674650790197
4.912699438912878
6794.941065656301
82.76430736367884
4031.5887076029535
9536.483695956651
0.49120483266989456
94.29597428072452
2723.680597815814
8466.742062566656
0.48259937331928326
244.06699677834197
380.4885794180133
0.45821491505274925
20.815049135439555
166.65154594803698
8.168313244795897
6.5019350578272395
0.1195291153523973
29.036325626149218
80.91765285637342
20.98057596799948
77.54197792339961
50.45355013441285
1782.920109691154
5.379896787293515
879.4144480313093
3.8660755716026562
0.4111709010701222
4455.444673597377
840.9386210766002
4501.69198267433
7.818446803785413
864.3277809802602
61.74888634711295
3.976828434426225
562.4133476408396
7640.92597596683
7.993734586499633
0.3133452800623998
0.6833633150796363
40.36708461545834
0.6877682051007377
4372.661719112833
82.57386800188486
62.728699791269115
0.13570860464785994
48.39195396146182
0.7100459353028172
3545.2941710958285
1.3929317504127636
6.48483208432491
53.0095245403128
5.384464173339323
68.11459925990319
9.606004522183438
30.409741348645213
0.11952441938203684
0.834981043799806
2.3525023163122603
0.49122754836911087
3055.625562975235
3.2794215729260023
773.184928514871
19.435896935069806
5.0335648213874995
0.45552798146556694
0.3945053821236797
5.298345579385386
1.8828606935510672
3315.415389717512
92.68929039027101
0.03358655346496342
42.02718255208011
36.7524214336584
250.81644643461897
297.98996623047003
0.12668270843439267
753.8772355088606
419.75274323338243
660.0863970619737
48.40117997144768
0.9933602693394643
9.827601925243423
38.39454985629147
5.870610804142454
738.6149567144125
0.08182049358729515
5.962121131957854
680.9629830003723
24.434233157983144
0.5793386396557886
0.49346302523353347
35.69987161714554
5143.320988790902
3153.1260541621955
35.63455855307465
565.166577379094
0.9365897179583668
0.8121287496933832
447.3310062592386
35.178613488530964
695.6088182443901
15.05977861787705
9140.765136386748
60.37010369461557
98.83255296403759
82.88000254088901
6.768399236088345
97.55683604393073
3581.0688009410287
9523.950908446466
1633.48291167999
0.461084491176465
2.853687327120248
60.52467101785134
902.2596604140058
394.18589734292874
0.30069656845934856
0.02653747100321513
450.05780447722856
225.7299958074197
0.8962346311819425
13.670810360113183
9377.333125431609
15.04418878599848
6947.080360680076
999.5928763315743
430.84202136264804
6.309715509398788
9.203703531085184
6.0172097893053555
1.6622985297819026
26.065551271209088
0.14210626267824555
0.26994846406001327
881.8534717342313
9.988036142612009
3.9470367447709656
915.1095564703435
1170.1273300890857
41.7263244485011
6.141892466450631
6.803919287769573
4847.733012658348
8.319362122983566
54.267473166439316
29.2605666760728
0.8620601696105774
9.465401441915548
1683.8600662917258
27.23322758065656
58.17464498835996
0.2396204678941546
215.33879115535183
9.55422280793731
0.474868086560695
0.9782382749487201
904.458496491059
0.09144483962231131
724.8911275006739
77.21345582675875
4.818221906961073
491.68645087419173
56.079678492387316
32.653106339109605
4.518588403536623
779.6732130755987
8.929044328350988
6906.217228655894
94.96690305758044
328.8872985117942
4.478409853219544
5.147293157194564
4.409361307540392
857.8758605375425
0.5456414932364363
7.558015293750997
878.4242516268309
1.9222509715889802
10.294457335635798
732.3816847541784
466.906347781193
0.8558711649463626
329.47171043622694
93.87454527056312
0.8705375532804773
922.4921535290753
0.09087092016601639
45.132288747609074
0.9967272627791695
7.55970223735138
0.004250671880484114
0.5479435478170173
0.7145455534277987
212.9142812810225
92.51235092819375
0.019259368857395986
2.8430691596579507
556.1898632429793
1362.4708810668994
44.43965925181037
15.417706347238337
0.8688525814068646
4.973969716576503
8.302250701943866
7721.877754615559
9407.060207988357
5.217669392354356
2473.266382209071
36.29887866049568
773.128278262532
45.72128668010876
2482.0002784292637
5342.1185367768585
0.30961407791834883
3.971586025151417
3.6401802625962274
31.205592270211625
95.14065526014168
1.350818118001158
470.50912629136866
1448.4808235492785
0.04277845431329719
486.1033060853105
3224.8015059583345
2.603974263938907
0.005710947617098228
0.7755711278327269
858.7776096640094
0.006624383230125153
0.9088940309987303
0.2589815384254651
5727.016601548772
6.416871299344277
870.7662831006274
0.1972238575403702
17.235452681795984
47.53835774487568
1093.4106332507754
74.7293132733997
6.915810769039177
6395.136921621044
8.234490459188663
0.9492269279555426
15.32214205680461
0.9599574996209863
19.262775025231548
41.64223422201656
3.6384216074194753
3.7169620496922464
6.309311968378993
2099.1473544893834
8445.393263731425
956.444560461442
253.2802999503877
6617.774057024482
8.419062346295801
0.6000099336461195
0.786120864383787
877.5621159152957
0.36551116487935376
1.2204943109788802
69.73159328783667
194.3759202177413
7115.745020815824
57.50077691596055
0.023266021692722183
94.41844127062477
202.58051744758387
0.5256639288912568
2.304428558450058
7.764984509507681
1.233883629146031
3.0248944382517715
81.47837782259074
252.35856027872416
815.9808135167237
0.7056510011610896
70.5697163266669
4.388507730980143
44.85739239503077
6.223768449426137
684.5881571928626
96.13230267167032
2.81754360173195
0.26925353801340524
86.61357250187567
7.067904986725132
1.8591660184432546
43.58866629841669
726.6435065848667
40.69270388635644
1307.9471132491472
3114.535174748536
857.2759309982373
973.9869199843558
0.21154294676198526
237.32365958624
0.788386026847936
28.880971150798786
2.6836366896504193
559.715210458909
0.23481959611169279
8037.545124401472
18.660628315631065
51.50257766035601
34.96200972301266
44.95362506756884
0.5885021905295641
655.9937807780226
4181.369944167731
6.139269931538589
0.8068621295193346
88.49000178378185
0.6336152193908774
672.679628966951
0.06456120122952158
940.0929220143108
8.642478490132344
5.4602265372784755
0.9314094759975289
0.40207808873865425
0.618646797344504
0.9479904868551348
943.9752749893421
720.071037082893
402.0764909938057
0.5748655788588108
905.5172761920609
3779.955433715836
86.53997220699232
584.0689838840675
70.23981148952141
5.970929520743592
0.4476466443333882
0.4454900987538494
0.09969309766615553
4.126795782725605
973.5628739992403
723.1267398388217
8.30845749484492
2315.194041215297
98.98897262362172
0.8155150087489298
4977.388528379245
0.36720908532338115
0.13928810082994514
0.07204401109301273
2.2599048887199302
76.89602539281483
4.522287185595703
5406.994665089505
964.0501928210675
590.5825387536183
0.7244742901676545
0.3402023284820991
3.204237273976452
5.399303376986956
34.40032825240936
287.3745222570104
2.9908030923887132
61.53275413999826
0.4382461200198384
8.779264589128502
18.105722590043893
5299.924185583408
9.964655633940778
8268.169934161344
0.26710738980329274
2372.3247482072406
9.706035105912932
68.3155961284723
429.49443196053284
71.74093954207767
18.951770484128982
15.97645479658567
6948.355966384138
3.7952234578645703
5628.080995253143
582.0966029710758
0.2256951761911261
22.8228774074411
4.158223743670968
95.06797887465424
1.6188547012150423
9.213665063123855
0.6485498673934295
7053.800037045375
664.4802943421979
48.388321417002146
1.9214818135889522
95.31065517909742
0.25147633644874345
0.06359739266375586
8345.979911245247
928.5423593020687
8174.582518980557
54.37645706490305
89.95209926399443
2784.8103779123767
7.080440038347723
58.015742754146906
76.76160360272102
51.915018883366116
4.085449278428879
81.88913903035258
534.3067652469084
23.751613859967545
4863.580951904133
0.8846232833407922
0.18487110532698647
2.6547793555792976
9.629295759163846
0.5621785560151878
0.27153110968737015
0.9303177682773942
0.9557908148805774
0.16680213669856958
2626.0327239259227
16.12198718104947
60.292305645150336
9844.928743899796
698.7973398922805
5.430515795455904
0.32519291274853546
582.7894037706126
1.2414031243106205
60.17236664994721
2706.4657957802074
0.25759933113454014
0.8744145663263566
8246.554266280365
215.23922937518958
8.38119567846297
8246.949259397363
5797.460431588644
23.57121474713174
572.3584702406092
6.885717738114608
8.397748018396257
7.544508595779673
978.1414119871005
45.60212778095543
0.17122591289878808
1.184680449848391
7.892413574570817
3.43361161472175
0.7955480846864448
0.3159388891744189
557.8485556044444
6550.692094903311
10.875890326699022
2.9616363504776344
1.205784819831719
950.3667866127782
3.029770654351865
536.4094803338019
22.0727725567922
2.9879475053615936
7485.769948986444
3.5688973862550077
0.27488642361905224
5589.702100572892
0.13512149393511763
2.973890944357648
0.4611535666964033
5.072842654239338
99.1148904075424
82.63143779072938
85.87450463749153
2747.175789304125
0.6981251473653926
7.77385137994907
0.8267446825640791
68.13465995893857
38.82500797518751
854.8596009830588
761.4894749486864
49.42765294677011
91.01517829417462
0.06369547361301098
94.55870959668025
525.8684883388614
7.979272875004527
557.3057808748791
127.63014146591367
1.1852871306101453
0.7661017901129827
8339.85027170467
25.22605397193146
0.45763080987294114
72.32273530220995
100.0463030594736
8.310066411808974
0.060156861345771695
211.0454211504491
0.5763000896328386
0.5519482092934637
86.14102243756835
5339.722754844855
0.547025690902526
0.3133345220113597
6312.424855929514
533.3662348255289
3.5498588091067185
0.6407130046019374
9026.225527203474
87.50476987534522
8354.177497553925
0.4842473947255932
0.5102590659984498
2120.8406844891615
4749.476083160373
0.521788299285522
8288.102299084232
3.2067870135453758
0.45145456984803245
0.01957941725802559
16.565202139230518
3262.200670464427
0.09504641892926913
7.307438374225006
9.31833488316516
9213.37320641951
25.82833333971474
0.34102236086699034
7.646734621899043
9.99740291043613
9.755003925125433
51.89275899091299
7.155782771010882
725.7493630156085
62.34786212287064
45.6438958941483
123.7916993288578
956.30385495062
585.0113250653272
4760.257127694509
272.38213168879855
0.41938281027290847
7948.0748475414075
1.4745411936707087
0.6444866404011871
812.600299080124
0.7712212121571781
69.11272552119989
92.87794587453186
117.87414170165023
904.5536703667138
0.7675077309529519
1752.5488956792824
94.9313070277646
236.67818900880832
1.5980376232497773
6256.503140667159
9575.61541400691
214.48219324158867
0.13420136609615818
538.1151393787486
88.90390556331029
91.93171432885941
0.9861580508187351
0.021375630091411413
1.1658226097540725
144.8364900306388
675.2394736548249
4.922110847426141
384.8644412480906
6842.460690350027
3.6546310085443046
0.6972541391092473
4.67827430240721
0.5292197314554465
27.382353726899
3.0098819123894116
0.42553719830464776
7255.401473284663
0.6174770291749563
5.763904517061448
2.8546027446446685
250.80952324420923
9.753476745322905
0.12712651715867362
6020.626925367096
46.99761589070008
2024.4267497141311
42.3287379717209
508.15197234878707
4.686221243794769
0.7972891856272254
7174.381549770949
498.14272825850725
4367.4739336922985
1.025974297922142
0.2088597023621508
40.03553486204847
5691.331763738183
928.161629335793
2780.1465907237675
3.957717491107353
90.89202105023233
5948.982764039025
3.513284180410019
6.314030339419421
2.412748705869272
4422.566130135442
4.070427859100927
0.7026826286319973
1.909126438132176
87.02618798447992
338.2807921865254
275.7421111634251
7799.5358359661805
11.212294085245112
0.6011149204871503
0.4920368996165403
1951.3774360145408
8.629702160400193
107.38761499330418
4766.458403748458
6459.949900684671
99.65803666670719
6.147987866633683
780.4427004549989
9.773325101454557
805.3225222821762
0.7863882547858082
953.7723725632453
9199.185876652207
66.39717733328503
8.123858214366052
127.10021072058808
7.71971940974772
0.8065959232928829
79.0848274145841
5.094362817617315
0.28871457444013915
0.04649564080934199
5241.160383481255
0.4838461386808808
875.8448285832254
0.4276052074355493
65.81908172089052
271.08520354027934
3563.0080731119483
0.010947685647283545
7.421181548212687
6.312629370354584
6738.380019059984
791.9647360607795
83.766630526366
9.210486397827758
242.65518581759517
0.2710961909379085
633.8694359940343
7.528607132085543
54.03642743473358
5407.090006575749
8633.274352175396
43.4439428696415
95.52189529134179
16.273643995652787
202.808510052639
0.8365648655633651
0.39103945359823633
6.581668843092521
0.8580745510333384
0.11903811501196548
4.670548804615407
2340.1374400720997
939.159482566629
10.933028976904568
7.249220700232156
0.486427398500238
852.8543808593969
26.632307138389244
6646.351401854298
82.10889180055375
5.489147143749966
1550.9407225161688
1672.3279706676196
19.13465869009212
695.7633877948739
0.11299514318955417
4.255324227028273
9.509464059183514
2597.4751279283614
183.22059880650866
0.5933012508691343
3855.3744477017817
0.9875661892990863
0.6638669727083525
891.194722899522
974.4579553616437
358.3009291235487
37.66719842483746
134.9609840473499
61.76201734036192
44.02920113807865
3495.877484079186
86.34648070071218
7.41420232742972
6580.67962018278
2.7185709490560663
630.1763408682768
9.506914053727591
705.842492698684
9092.261612947976
0.9796019955071146
8.695555519568236
1211.6666556280097
5693.250605001161
2881.0457303459357
0.15199846147607543
6981.380525387639
6.299753024084559
52.94968194411192
0.6094689057629751
4.005729568998562
2.194673946154472
0.39641235345107884
5532.284807086851
4450.645402059711
444.56227107988667
49.41762122825721
3.697168997485657
59.45572393693532
0.7502055324799365
551.5562328969644
8801.034079002238
388.46650651206085
19.149983385496007
4.409036361202836
561.8751786435133
306.1061788465188
74.41441375688696
2.5867492010330673
6.739457198373396
2142.9367602785333
0.22447424863940324
436.8322614613971
0.5600593920764838
62.8812239730503
71.64509964669396
903.7704274139641
9.061759702437245
975.0431174750161
4267.451125318763
0.20281024523770785
4.019079390208957
2610.3195080976725
4.519927991898505
9.07401890613572
86.1861059727096
0.1580590414793096
9.339157808929368
90.5947866812111
96.20572990963782
6.364686418874389
6.253661912882292
3137.3198791639934
0.92003935110012
299.26943135357754
0.8724558912546753
50.682537584031074
8951.627613529008
8462.563582093675
1638.1760725428262
2.6633266935871616
1.8284845221914126
15.89966349179065
2.4273561654023745
205.8258090770726
0.5184087918260477
881.040978702049
13.740865830544891
2.82935884929586
0.20532933963627742
4.340969072564247
0.16068898668128584
3781.2811821055725
1.2574725410375853
5655.035896148054
375.1791816505947
5432.8202764898915
24.978013882526017
0.9496520089495224
60.38906830748901
7.542990108584531
6319.800867321931
0.7714432853536134
68.43836692111883
2016.714939997557
1273.5461981137964
98.40493490430603
0.15261506867668662
85.42137127197111
6369.319930026949
7520.995573957896
548.202601237927
468.10050361033063
59.26522446326978
820.2348974688452
225.85251065786338
9.545304578812242
549.5499705137495
802.8863164545817
0.6621538838458332
1371.8734304593106
1.600029180879713
5281.374161157387
7.583041267733293
348.5079278847858
745.9465136582569
0.0356741256811014
50.735154452789764
4.795026906202834
7.274823233070063
80.81644691634116
1064.8031073190812
0.07175336154582224
0.03924578849529903
645.3152458645673
0.17659733802724464
5781.73534939742
469.7520273357304
93.55870314919096
4554.524258142302
240.0846071374495
321.46959389339537
11.802399581140488
9575.420862384846
86.62731298548077
0.3686481523998385
975.683590346665
310.14286494062935
7.5084929163258485
0.883773111645964
3.4632495438849986
30.032142938930196
0.9986194832406733
2.8194240502905945
57.896490090080796
82.35974885361593
0.25969391937038977
2.339643371849043
0.0722554191233643
0.1989286639679282
0.7917987741127278
0.06673830080254295
0.45833397425665867
0.8928961932505876
81.93071301015975
0.2809348225669398
2916.806168288807
1839.2366820056827
42.14431130808494
52.503097332237125
6138.159315605717
8508.55732481692
1344.5079413430683
0.1397392199733114
62.56367467794318
6.819847449329353
7558.637906351086
666.6737065978683
35.56634824176859
0.6395704878481885
50.44241542493707
7.942669261897941
6807.063598466453
0.3630191846802838
33.74806004486518
43.83281202840917
31.059551641056913
47.9844714187349
46.53006144546771
0.6499425606738057
0.29384236125728824
9.298774864984471
41.786678857183425
52.221404635588954
5498.473782700364
6605.50810142902
9538.894474771061
63.9525869129838
0.03772872372095126
87.89534005910515
1639.2725693067068
35.017063229854614
0.6141108674855942
1.2997006473763761
35.14663835242796
0.704079444768253
1.403230333324642
0.11182146530430881
428.3399307109175
56.44338689216533
0.0955732220696549
72.74032909050861
0.3760202971841713
3467.730348574868
0.4500906950079
12.262281999013613
0.8086793204600925
8.85582621134507
0.13034379956409248
0.722837113411755
1.668868302766845
203.90027026622548
0.8661527554629703
7.328965328148697
0.6790906480954442
1027.8060673268808
8916.108254207524
65.478270216749
1.133539024329695
0.09381921411760419
1191.255046220695
95.81305169318016
0.5791893040424843
852.8125483894529
0.7591499991597115
4.351617479634907
8468.009047873862
75.36576376478423
0.38933353451857133
3.4222543977216855
592.6727168419675
110.65836825744135
0.16898345679249438
541.9330523752258
3245.7703827785435
5605.553012917106
996.9014224422424
0.6375458143371222
771.7408319397134
8.030562560441139
94.98028785145429
3166.1149621046616
788.0366739331574
0.5667625293848828
0.80443790568611
2919.1254189429874
1.1041442275353275
6481.903405107538
35.5765725512305
0.1762539068886173
1976.174548572096
67.76958177433889
2905.6285774932376
791.6852442060978
2366.1425203179574
95.37234635733833
86.35117774157182
87.79102245410134
1034.026937595639
28.274660948916853
0.4958104876481916
579.556567549782
483.3146783669433
82.98035680693503
60.70198351411295
3.926468972047621
30.491450684720036
3.6885421947948904
0.7849482615118802
6621.98175890034
8377.829769693826
2.9091628680617343
0.7965220339947399
6035.71536179863
9500.151121048679
5.0564285985562325
943.5499120768366
60.669750456959136
0.48376885712514617
38.74345042246272
9.072958377295382
2.947060443174705
0.5306112584142515
0.8490143555179233
982.2129068269563
0.09325734674898611
86.17015461256116
51.73517058523222
271.8920694986494
0.4129370615281198
0.5483809068235199
9.147912034120385
57.12656411171414
2.478241053899748
0.7159482072219746
13.885692106523795
0.9275553832523089
0.3559755214025506
14.45156331962666
46.96391123330073
48.866854712269
9.391811844665028
96.14748957931059
28.131559577657896
0.13909715854872817
1264.066501977269
89.4812490794139
7.139834642647207
14.100124093909594
0.1399857163160224
275.71950664277335
115.77074011474897
0.7565343853276931
0.022550636142042335
0.02284081428300666
2.8445099856853338
0.43108185509980934
278.50886605337746
3.89403189408154
0.40898005177884234
4148.935501418258
966.932150420928
0.779132605060753
64.10225548984046
8.923009940872648
8.315255386331032
6.89894355328399
0.4225799656513063
337.6916933564511
9998.04184164534
521.8415196889533
1.6596399925971728
0.42022089265928875
0.1793376290980978
4733.816210533476
9524.01454710589
98.52315688403655
7.630455612104513
35.941028944548314
0.5058558657819897
61.82077762616126
0.1894359779077217
0.5939933559924768
0.8979794506514006
3.8267858034096367
33.611204255707705
5156.949091348726
198.48689716762823
4.095097761729784
150.7237066694267
4.261420631922736
8757.306729277647
8.867945317862876
6.417944971523286
0.2993054120071321
39.629903943066424
2.5713141095936853
4.644317815298697
1.9569847930721607
1.6318358572722536
7.8786816292873185
8.563904472399575
8.91171857026627
5.763804677663845
59.651549335510786
5284.919340524728
6987.573204105827
7407.047087028217
0.07559429882256441
8.225114533180411
1150.0873399947552
20.160801410422955
4175.279104509071
48.54442915337442
783.1658346457493
6228.952942726656
5.598647478511907
67.87760243566025
363.91988533487864
8.105092073419627
27.631494138551293
4474.8659580514695
0.9351915403695432
6.9221623588545524
0.35965853143904325
0.12182760803701898
5.367250758883846
52.710681304980724
62.43734052656116
665.2844042662645
10.13429381062707
0.43220704886985484
0.5166436669959851
0.455232523998912
0.5654590234951085
60.95882034053015
0.24410693605548528
1602.2311215541351
5959.916462373558
7.264520067631675
6.466928998728275
657.1544497387788
78.32847957541836
9.470017657088505
3876.0695920817225
13.656922529821092
0.6523932018291718
871.6495717087627
79.14387210299442
107.07166838763949
71.75063093902439
883.6895677977495
211.82176366243488
4.996373017305834
8.196586281374385
0.7291738002729623
0.2621115062009063
3598.315630069666
385.47893796638147
9243.2933820333
5.13786629965397
925.5563867389174
896.8568472143955
2463.646890395046
0.06981300565062654
80.54534278859842
875.3963191583493
0.21756546761143936
40.803869072572006
4.790493187870737
0.31783612141262285
612.8738992858756
92.95300113096484
3524.043990367365
0.76768875527383
2.1609008033475052
791.3454830441165
0.09915481657820113
0.40756122649485804
6.598125667976746
9.404173429065333
8011.3922072923715
0.4300587649208838
138.69468784712734
1300.531694484527
0.20060876812608686
7005.0683913994135
0.6263618007441563
48.88682992366821
0.3889175589506326
2.5943552360071798
8588.113378435019
18.504353981638044
0.3625129332693964
0.9836189161448017
87.15773605734684
154.8706469035266
6781.385352810261
7688.660163032732
5421.929365904788
163.4563910629647
17.884834375768342
3295.3139950159584
1644.2940309774845
76.04897621599727
150.11068709615293
0.1562317520038048
1.570911623022938
5874.679133654333
14.148131087165805
37.76271131941494
0.4314279944666364
42.01788185291006
0.920522720035447
6.799226611477036
0.5148114795873663
6.648372278406373
284.02073315875833
67.9198011449853
2.3630208223394487
33.150435599605345
4799.433740203875
22.51029994300968
0.14488574488038775
5378.851855021874
6.0786113887001285
80.58417996860176
8067.632311618316
4.03865934217176
30.616182822284298
46.99462560489324
9.553765627182917
946.1451266210906
59.47687345004204
4054.958708464543
1890.9806788077199
0.014229356169326857
1.2638821290885827
9013.896157798254
74.01043187684418
8.680957135601851
4732.5924054087245
0.06931911892332498
55.76608339772484
7.715626925838142
4757.934053402385
5.97860609514761
7.9715658045038325
70.50913216972177
0.16878354877623514
0.49888567512525706
7344.566544284955
74.64506973008082
0.3613841813656282
42.34136820682431
262.03978564873563
52.24270578179993
9.775456702462092
43.78220697522175
1112.0592799781027
2689.8103917439685
0.3592615124436751
1.469043848302919
91.51795690297297
13.425703439725666
86.2563479669762
56.32495081582518
0.24965125482235884
62.60338436272658
248.3729060780636
7260.41580973938
0.1077877383005984
7.475930153796196
691.8464071323967
0.07589767072636322
7.548017249410548
8832.903022327491
2819.3432288466224
948.0882442888352
0.30169692872044984
642.4575188067976
4559.138869570955
307.9450309449171
2.850206740427735
4.259553000536519
1.9032462046668897
927.9206801796471
0.2029749611881645
9.799757840725745
89.69764959821548
0.4376007293314751
0.04333863310346797
440.7838921678213
1372.6004815765225
0.20200384955369854
9.871100237665715
0.6279225259169671
70.61902377389856
86.18183000032175
919.4935256637409
451.109410265375
83.97311153182721
1280.1847918871422
0.04495852821316271
48.24950164278452
21.6706268647474
2789.464662370851
75.72665767175556
627.5735805942962
123.60951959851285
22.021295235335835
6148.431099046326
9.481692065440658
13.955259461902914
4633.186270852422
825.8628224205839
6476.465918111929
0.5093129958255728
37.15389352493052
454.11313533994877
5.842025016251285
4.7752190719070065
1.3702578041370372
5081.564781381114
4822.8766922653695
306.06070828846276
65.36984461200093
5.544809027944789
651.6360080653584
1990.973545526763
0.6837422712403838
981.1983399960908
0.3308648096137331
84.90919076778137
3040.036145437286
2.522237547733516
6.669787541421265
1405.975994960631
35.04933220576976
0.7690216074486681
0.1611634324203639
7.427258430984935
0.4432586600555606
0.3957142778803828
53.55567270393025
34.445942918727546
2563.2622081905943
620.7813265991284
3153.1664891092237
1199.773762836377
353.9259519075505
0.050047192862009204
7307.415938606283
442.8258675164087
394.646451865691
3.5444885419678993
336.8810167631561
4.746509880801057
35.95732772747764
14.919297720431313
1.7908698533261047
722.3231025752225
0.2894933839748218
19.531879872142156
5653.932344803417
953.9963033717136
15.64683957272357
9816.197431268507
6298.295108274768
4202.847865390738
49.80896273976453
8.413401334720906
787.4840209626569
0.52525133242956
2.2042770246364496
82.26792259456988
0.8737908773508916
7.891330420788723
50.541577883591984
0.4691042929119881
638.4490440845119
0.9049375238141719
2.3364047315363945
663.2627590221385
3.320776805037503
619.5509442387894
4.5206805250515885
0.1118242473711305
32.89144778647272
0.10477091997471877
3.3927337015558834
2.0346834590476637
509.5998280629874
0.8406025875350508
0.7605145103370147
0.3546593320922402
87.2061759937846
329.8979132435582
7976.691906757464
475.8753437293651
449.4420367176668
5.25737646408945
7.167905802080271
0.9325181529016384
154.4162862923335
3.5249738580813306
1455.5593439494573
897.5168281284854
278.0883039369093
28.926823350143138
0.6642305798262345
77.99109889907218
71.5142481591754
5.265193874146334
9715.434711053345
2.367058179488261
5263.3772613517485
5.046319172197389
0.8890439684045115
3.0820237494476888
0.23483698366266526
54.845204105825275
0.2129009949020818
0.1642978037261713
20.439172709962815
3.1606134272334216
3527.951257863551
3927.7039856463402
8.384546111058897
948.1262609132343
108.01129017535726
0.312681167439545
0.019271619818321484
0.7584588855689662
9.360026606493243
0.9436440773509837
4.22192990325418
9.747450861315661
0.622350171986085
3.5578390378272595
0.5288114270445721
6186.895558568784
5.5263160366056905
835.6786286284524
0.32415469543765063
4.781108950222834
41.64736953244685
1.825060586411913
8656.929327856595
452.6037935466584
904.8639482300191
490.2471223185173
0.4580741260420488
3156.5846567025123
63.08768763939909
0.9026898378522691
5.588456274092141
62.49497983018676
2.4609200024112132
3667.640982318622
58.26679386684852
9751.755526488976
0.11068012566938434
729.3562407710291
27.068329726031394
51.90148125656662
869.8983849938692
424.5357714332607
2.8239003346306104
86.41853839720771
15.873557064251276
7.2250118886824914
85.58537563216878
59.465332726970225
912.3270214056998
836.9808869813774
4241.68724512499
68.41847967519537
901.08525372807
650.2271781680677
2.461479858143343
967.7254067339728
7.711413635940304
748.2382715538948
78.6808773121072
9791.89461457725
146.9406120753547
399.0445948847324
8394.216015490607
6.940109847729961
34.3616218704063
7392.838032592547
6151.1844935692925
8.882247509409048
35.1135929467062
3684.210601081895
6199.663857840242
96.36450851400144
13.115191696498218
494.9587437283511
502.8723676010225
7.162123142518456
0.10896155826476706
7123.352680056846
5435.933612872928
13.54806253725923
0.13915371353472872
3.0841344143394656
9705.37537645704
451.59050211367537
0.48374278863925213
0.2373735220505302
46.0890155841163
0.5251137419807206
8.365835161897769
5.36120226385342
4832.904783563162
0.9291947703440144
0.692145918274317
36.35635214478591
4998.786273399905
8.007845343886391
1953.8096421517814
4806.181335844285
94.55307892614495
161.61847764815172
1.3347775603187906
8.30220545690017
16.60298051697302
8767.801140658192
61.33772156326176
0.22093053079805525
675.2128268780832
32.17171275557108
0.6297144564630954
0.8912044437732366
6096.281723378457
0.2058667176592196
68.2924913875553
0.6752458376285452
5.284570447419928
380.9057869646312
0.06023154517755924
79.80904890931471
6.215405779637356
7.707163215305661
634.6313283842701
436.9462920929864
2.831569502044143
7168.950932149971
0.8659618763910624
0.5717125736643811
4.806577144396986
9640.018137027668
6.477409400806408
380.5689530680438
8.932361289380946
8.226067754597496
35.8174618247039
0.4121656828603002
9.693995008312257
25.88896070818354
4.99891202115896
0.13885995320380107
9907.87599861053
5.711417745282344
647.1585851396276
0.3869171544458262
89.07590674407602
0.7471360938084147
5330.8785597877895
3177.0448193155967
0.7836416326155833
1829.9046983148626
62.99427021423997
274.9553471520833
27.93336354551521
0.08203724443105764
4956.389367387303
804.9493240497014
0.5122193371696315
53.829709163137785
3318.5338434952705
8.991045347669015
5.629856519687283
0.4594732105639655
55.9523328409016
508.8261607175002
2307.085487581635
0.11980514764272876
5.943450825699774
5.284906387306378
1365.4018238528265
0.8881493826494391
114.16534032881876
80.302441223354
4.829417706055882
201.14788243828986
0.32598080206538116
37.871351252491536
0.23938201256848934
896.7842585315034
9022.91699004313
4992.271654860161
2.023348429148629
160.96142169065098
2.787569104545958
7653.785090318068
900.7423853146295
66.20129311190178
274.5034487325186
535.8691578844366
10.308429753788339
66.92458574120091
0.8524168906923735
3.604236841276821
89.87483358355168
6.045685544708686
4.550263361178352
7.358089148017512
589.5345833336634
0.5256833589453047
90.06022742833667
236.1982582060972
5.936287645189687
3829.7004898040964
91.884023463622
189.42591660145612
541.8917769279349
2.533639033044177
0.5948115003278936
1017.1590353555671
0.37514282129389664
6.679878762497702
5.8894822036935635
0.5981185831981845
9875.505184598225
363.59735377027846
1124.886085727328
6906.936584138676
7.297983629958399
28.13840808306892
5.46700731080437
9394.621666793324
526.5026451280031
5677.891613853679
80.84595551316536
0.9459920950419728
115.67970260008798
6.322365844141697
5588.202244485821
660.1542803442408
567.5924559987333
72.67006474226007
15.321698542373097
7.014673036981742
108.65898149482089
7.580538780538121
77.48434529520681
0.3674339298269831
1.210630841718452
82.97655716045796
7044.013308200713
392.50447325579705
502.016009262447
0.11609234498716148
5345.959985772742
55.412102762141835
0.24951693053420054
9547.281422604172
1767.822147261423
66.99422446422463
9.63476354654397
5346.637203390193
3.9388851600434425
0.10187702720239622
42.83781445207144
754.934984455644
2.1707927421173547
3174.194145275465
4411.697582333487
366.9927830457486
254.02378029663674
0.7864075169405336
671.9734635516884
57.56205149119502
89.79410032781814
46.452926504267054
1180.8363836971303
853.8753018793138
55.91032509375478
56.21328573942961
0.884979212383063
44.313845167856655
5.586931258745249
0.8890211556623583
71.2602635411267
0.7404988958329395
48.44676276914528
6.986456967749786
97.41643228222358
28.659038481370313
4500.59043943154
0.9270933929589568
98.86349267737347
5115.155889761492
73.22413102720272
5348.9210438871105
0.8392508343736054
14.02385919018645
34.287049191974916
9.422167566448946
3.7904325728739474
4.319567709361438
136.0505829130737
388.289595648861
0.63460366071184
0.922299457078495
5445.309363123528
2658.3142737308863
1174.4746152652674
62.714714367380296
8466.7013386575
584.6104870942236
950.4638113513529
18.247795739631577
2.947508599155321
88.85175644473912
366.9849427639653
0.24992781887626125
18.578502938513296
29.4890137058027
712.7204532568979
9.006369758604349
200.37819100521816
850.7508796705004
90.31808662061356
8.823400326503833
646.5469557817044
0.3275904362104629
0.9519288618322036
46.53721162709408
66.77004853883882
8.782224588814685
0.03562203740846481
7443.3047698042865
2.2815499224734683
0.22706595946349484
9.229020359989578
295.6126969478456
7725.864403181082
4520.772032211245
35.431949527668884
81.74714640611786
1125.4134878140899
8.22399340096961
2.737978933987797
459.42076787940266
0.5851722553472762
28.96158787128803
1.6398224540749906
865.203830254159
3.1974209204923296
0.42241317039912185
209.24853414631517
0.41460201016287623
0.0425194624395967
9196.677106608106
7583.82564864817
9.267552635796296
7.688655842587641
0.5643464610913289
91.68654271085576
24.69212234839535
9.254374513542952
5.622735335519433
96.95635511101807
577.3956747811549
5407.641316513237
35.43859887873183
43.23918459021896
6.049363346390638
0.15887308205713724
356.25819030186034
15.788896346792091
1988.1854757448502
6658.195956447528
80.21315723223411
59.60663296700527
558.561335688051
1.998421201894296
0.877196204793067
219.34959527159782
42.138075548022414
269.12247247837115
7.2576398234136565
323.58553664926114
90.55581588826644
624.1144477707381
2346.2900478176552
6.82781058749728
8.813752917637963
6.727173764813169
971.2160842123274
0.04956970985354614
324.39921651871407
0.05975021334926878
491.1484968606453
88.26383194398626
0.05465458746641061
706.8207382862536
6.910141104009027
8.745639334580128
0.33755350029519404
831.0112579733637
217.65953853817965
0.02577319601720618
5.702553835910171
511.47719204914233
5.104372959254078
185.11866247487885
0.040079142973150295
0.9045719245717104
5.426450348803611
4.435283971094563
12.080313311287005
3.0167696079210025
681.5684070500307
474.92236435323997
0.41079758318876114
2.049116757678402
0.9206202952917346
3114.465430614586
24.57764438797706
307.1702840942565
80.56020674848091
3.492462824880531
4639.935714631825
6.700899059590629
0.19120069716052623
53.90199453014745
7.951370006542886
6.104495328804379
99.17470092458315
157.38726363072686
485.73280981127874
0.15178164603190503
0.06284821376829364
207.8223100661074
2712.6238193430054
52.48249603343158
743.585597769173
2.821590558231165
13.675648169595
0.45422792599170936
505.30970547212985
16.891507558521155
59.99194724017277
1.7451995668621434
0.7340103793030918
5071.752842929907
3.1566216880991274
1.4910639432659023
21.72706578335337
41.69548333873374
2.3151645918682107
98.23581441155189
0.9584479511747775
60.95230972062019
4046.6116571462508
0.9808191065747178
4286.861230448539
8.323442868923133
54.342072591555656
628.2194781044576
609.7544816124143
627.0399149503895
9566.378776418853
0.16270207890342392
27.134011253425406
312.18792077647026
774.7667402548152
4.749625319370524
0.8564669225059022
0.9071265980127123
113.78849458872575
31.956324622356103
51.59322063895525
889.4186419657717
97.282014967673
9.082142697838913
3801.002143725656
0.42786156083588534
93.36174802985072
711.6918575402617
0.4334382169546347
4.401082622786099
6.4094902626033745
3.7736292449121134
692.4209990181307
8.687470768860612
4.950405627933186
4079.0255137965514
6.597780781791702
1.6890748401907074
751.9712877214308
2059.2594496445904
187.66600560638312
8.048903173098056
37.254932465718504
3.3614062009751144
5099.190133730494
0.5536852435129215
6344.18008432591
105.24970050392301
65.7389632797586
91.56689347475955
8148.814863159732
31.32711313308598
71.16099287727751
2342.525549479405
7932.282163079321
176.27243855389096
291.339442652599
1.2776521317213163
969.9816134537173
88.47662439611936
0.27365005503359463
79.32505048575624
0.6983889946485605
4.628517461154935
0.8323274698633727
9.85912986272922
9352.364756823323
769.8105129412953
59.738037100697994
8.876775422638293
266.77612100457736
7.1051960706553725
0.02475439502022425
40.8244415436492
0.5574564067366878
3.272354956796809
531.600641070141
336.04733406386987
9666.570700818087
51.91433072237048
8566.832443513656
8.161544911967272
1169.348131718394
62.39502402719362
9887.969982629185
340.37218423834713
89.39904917885482
0.08537320546963878
33.39726762001335
1235.4814430505169
118.26976319604387
0.5239354954851169
0.8361727935742511
2.1430519632454628
0.950289993604703
3583.7107187190186
0.7354721803388992
0.67802623429232
633.083776743998
23.75907098872463
3.8540398289234123
8508.815725411801
1459.622743836555
92.19332792562395
0.39180030166277846
0.31273525930846746
48.17164340261234
0.49951089265065685
5257.6782267547715
6817.537722044052
827.5073533184831
0.059011548186096885
44.7438425911969
0.6559939997358547
3.9999293188969665
0.04389506812489952
2374.7546013722954
659.9003754911045
4.431873270481436
66.8388682523569
0.47255731767385
826.7259312168444
8161.104366871581
89.087220929857
79.85098416018532
0.29115358881880504
3824.640449635692
9675.444793292216
0.5462683089491617
0.6593445195466815
8332.199515042501
67.70572608384371
25.70408595654615
6663.748693096383
2155.4522678932153
5785.882071636654
0.46954082134309383
0.13813317450100393
0.12468508542132661
38.83989139312174
3086.7100411032957
70.43993430985451
1164.4822560861835
40.71481602093675
658.19594183316
7053.351884334472
7.079040156977449
0.9012204463101736
5.968317967550291
922.908183629414
0.7367930877941296
8304.800839619398
491.5584393653205
0.15987998836066208
616.3992576512023
11.143834520273522
2.919784868503301
6104.681205865574
51.13758799753543
6.071024651243162
6.845046091593117
6699.584302195926
932.8247521091129
0.3982347289924094
0.2933294551311503
2.8459538531046435
717.501983310795
405.11175005159384
9.375317599273188
4204.830008787974
576.9502657438748
7.1562905866998285
9.982774764912534
5301.96929847995
0.4973382348261598
78.69410727563964
0.06368160005558088
9.651363997091908
4334.718973069376
6393.844338657705
2881.604011958361
4.806535893446854
0.26084673662459723
0.42908476868127743
6.873005458007445
20.90374910045636
89.18099922919126
571.0282801315554
0.5809493165169034
0.9562304430827289
5373.769946056037
4.3233856281879355
7020.648138015277
16.503961237163022
70.81928711757722
5.3418328820016985
7492.20370341385
5.528325635104284
8162.260524621396
441.45532247715494
76.98054471296871
75.83747101234451
5150.359370111532
0.04681390791640927
113.58248767728219
65.39087912696088
0.861914875002311
213.19242586155863
74.79200117710955
9.51786706057541
48.546534927310915
0.8658063988067137
5.624692447086542
1.0874622194648742
8.341224602873512
0.39952055207868087
7.960408431241881
2.512326950701901
0.5379796343083456
55.69867463821938
604.0737334617259
829.1662782615288
1159.0261985591167
7.674025048048519
4.834916362246133
0.9049274785496132
5.56326643465062
85.57168532676883
94.2057240090382
86.64552254345782
0.288040959068977
8.189700537828099
41.70980607400424
2.8750666663588422
277.2197609427459
35.804325168439235
6377.580565023657
8577.23743205595
651.5599490445701
0.2774042949794745
3347.7842407141425
306.63756807316054
8.996943414956947
1.8583015202520614
3158.654739402147
2178.3959780545847
2.011492505182646
9927.362402709197
6.071469296263931
257.56411308129555
267.8675342892598
3589.756751352431
89.88133396530947
484.02735499542604
0.8182672745420291
0.4664544689240733
5.353778105587402
8819.466672502138
0.41838719463417684
705.527419389569
5380.986392628662
8369.635639343567
4845.853725007581
90.83060231582203
472.18419139589105
388.1092251275489
764.8156710473374
0.44231707793637065
0.24207770762608405
67.90429260137546
4982.649602301691
8366.883918122385
88.42368545580709
4.529588590331905
551.4016216242826
7.594051843729236
0.9400994204827662
81.14060537391497
0.43192733650643467
21.3940068030836
4.217572400740758
1.1156836670006531
1.2452296959210507
0.8833754412779627
0.14543438542892295
0.010149946398658294
43.21087766004466
63.33169872276445
0.15103249570285937
74.43378527846376
963.893315636832
232.49623967066248
3.4098324164152825
0.161127776710131
4.268150396584886
2917.0687375116177
633.2388046926696
3.046104036560994
239.5582328369974
737.0137676858885
4.3254779939188195
0.041476116681383624
6464.31497642557
47.06746502490247
543.1598534760129
0.2536056442302135
6.021543356778247
2874.741545733701
185.60829003847644
532.4032003695194
0.2663246951640449
794.9490021964795
5104.72220355128
7752.34812520723
1979.7889394121637
55.354724462731596
0.6891985983640603
750.1874157262456
7.888417854975196
0.13913817762364078
4667.869822155139
0.8648096450525496
60.42757948484447
4.822210931449231
0.798936321481075
21.680760323048666
296.2063956420904
0.9096485794107378
2.99202057988992
14.410297200967525
943.012718480448
707.0628891158962
2.9539170688905214
3.610480154289842
109.57842074673852
25.679534040625807
183.38878026329098
393.11128492463763
31.060052679920027
77.27935715366175
48.894181820416215
0.8691286961633315
69.38313328014407
8636.95516850925
2864.6015542659875
6.804088749893157
340.07614195234015
5.100127085457617
4849.951042244769
1.442282442573668
681.5949766733391
4.274351890479059
2.3471078086123907
5.203872368956293
708.6538822691665
0.8034243095514267
9.563490893105616
0.8478686262075593
2975.2408417550478
688.4584845589518
3.2062584439996247
7477.063559301306
602.1742216446808
61.857519514473495
0.7192580476460644
0.7125833429254141
666.8624587183117
1.6575849163969059
115.19122011461658
0.8608781870318785
463.094096343601
16.624919424861197
336.9409295913971
0.23990018474260766
8.69710856618569
0.8851757166177157
1.389649121939689
0.7404909085728346
36.75872674625423
935.9769440973387
231.98681461020644
143.3269567068486
4056.729166018136
66.57922778182461
6272.193527536371
67.5190590841031
5.19916335482659
620.6642153607971
32.92074415761667
6794.83617150898
413.4953495116006
693.9854191979302
48.65700854559262
87.2800313889953
8165.338668598992
8473.107119109842
40.81001871805042
0.25798395717644396
85.0144233126697
5.718189080324169
9.051406799195957
183.7827945013235
8.80563677027028
53.36853960883526
9.074720761984484
742.2773457110811
6470.171367690678
49.24398905430309
0.3228273051619811
33.18451375945606
0.46753426741128157
7.296814221192945
22.05093151578331
9084.61284539158
799.1862103695238
87.60813398453152
57.39502444462674
6538.602278107465
3.013830816482778
0.8659015539569687
0.7183027439467984
3450.6243631711695
13.5823342536178
0.8759260081017871
191.41406967230057
6.852889934574823
0.6616188125660183
481.12681460037953
0.2866688251292979
1.070924257637229
2.8703693030893342
0.5759146779847342
279.5166688555362
0.99819412555366
41.50171244082252
637.3145766105696
53.02452501195799
644.9912689566085
1.339371275647433
284.2949115628922
2403.164894917199
0.07278160374482845
0.6022776297499169
32.40145924307285
0.7687424671213126
361.3642824793395
0.24566858450772588
8.288561372275696
3322.1071228709843
2.4009526344646237
6973.814939326675
9336.327337376057
0.3026729769885569
36.19012249757677
435.04739788604684
879.6792709762083
7.119746973982597
0.5611877415987806
751.5587059135149
0.030484875954586155
0.6638111388353821
4.010369872533691
106.3180799825817
72.6809791793149
5047.9707700885265
9.338312994309122
7452.41744562311
6.785647017951635
468.67754226927116
776.8040460266908
9614.039932982596
8374.237073456285
439.10132385105425
8085.601091735029
9.980382858723033
3802.0186890936848
352.4362420733606
6.133824085471284
0.24522251416539464
8.052306061092033
0.3937486223622
688.4363368166169
0.10087418587951125
818.9077866504257
92.65316549310583
158.25368219173586
2.8561994861286664
370.9408030126674
15.603149868434885
3.337234488511831
788.4144285584337
61.52811635610419
3867.003346775466
0.8386174977783993
1.8877605932981512
539.6204610888791
9.128144853148228
3.128564751090849
292.781484314394
574.3727965248206
9.941499858434304
4.084885215330791
969.0935481713058
7817.403274191235
9.11933909569237
0.3158956678319522
0.8059371427514236
910.0190711620992
0.6375583319707385
54.819803420953384
9841.972960513745
92.58392634331153
733.1846798160293
3313.3189642913453
6.298694859532362
440.5697279422157
0.4634938642675739
3.3064623554927586
641.2832660473684
5.242107682162791
1748.5826801262172
33.32156561044036
9.020366568221991
707.9848319824666
1.5342167745436897
30.404107518166366
6.034854979409216
2844.6329202251277
801.8612482060794
763.1670582191291
0.8215877020712081
1.2558524989796838
4128.588976827596
746.8560466651259
9092.805432164498
0.7530824188884944
971.7337099189249
199.09376007843437
0.020071785069467052
17.03295665971879
1.5674364329560653
0.8987380475604424
628.8922652613094
412.36332737484594
554.270023950346
20.567501299774715
250.14615116894456
3.2521645306498193
0.9765354886598014
855.0470994195447
0.6267170013240791
92.12939190773587
1.9335998457037151
0.5936520522086404
0.32809041965929453
8662.112197235752
29.331615807223145
88.80197376641087
0.612188272600424
3.0674340199544794
0.7117651742099363
4553.232983709786
5.901797445151923
46.27130814526905
6444.69611815509
0.8620815075643008
703.4435883141607
0.5664384029368501
0.36219286571808706
6805.596361076489
51.11083444752887
4641.898379884263
8.716852214398173
1916.9239040345242
9.403346429511027
17.64305456874149
0.06669916510614782
0.10247596259525238
965.3991854477583
0.7802997734482946
5221.078644426747
206.55794099533554
480.63584942689687
877.3462419496964
1217.1724938061511
8004.412228919535
7070.174839090117
4.429236646366618
16.481873354867716
7553.058091840488
7102.9067908126535
35.07489861575001
4291.915757778567
88.24653255090176
92.01074751096708
0.5382188495529447
0.07772822586531802
2.9293106851840034
5732.251450885498
0.8196151973147818
0.032993417999743535
23.85761208130389
0.8784314868051715
0.9531598753354641
3.8589424428923866
9699.272988450703
0.834203353784466
983.2274167722356
5441.866519126625
12.59564093204748
576.2683560674913
3.2876939111870573
309.4626898082465
94.67724589262147
0.8144176934536533
29.54973012856046
6.662580590326641
8941.564620733408
4.211875190083218
2829.0107586854074
90.67284360304167
0.8281426144626419
0.2823206444734123
5.643899771261847
0.19895724470671006
911.3610681209433
862.0186842910388
300.92182076650676
0.9643349399985345
3.3422534403096407
0.7765388315537709
7490.337719764973
0.857044150056011
0.8027135947195264
5.0886787528677635
49.801572571217015
3284.28576650466
0.9095075124760557
717.5063806934897
203.40047294800067
6015.659726354831
6.105450334326596
8187.725989513557
37.72705551038992
2910.124816316667
4.6796440807770034
0.7142063228221261
6.047360174772287
66.7871327665168
1361.3713844385666
6.644986507999934
30.391947983860245
2.671847395381277
6.954690406695817
908.1398878933429
5769.589830667268
4495.641942273884
0.9086128580711028
9547.41277072182
484.675511849734
9956.776524817767
0.4242649622540986
9.398697223561637
678.9028332203937
30.34229539019271
0.2647734473446204
6771.580553177678
0.37042600073075793
35.935961052100176
95.47585053815007
634.225837906672
5.222008229333635
8.493094777875454
667.0834421457927
6395.125925482949
4.904673670624611
7.129976422535257
8.176667696641273
91.48563373980826
150.55614934494886
3.9719018506187975
4.460589129626715
0.694919033439719
344.7121866201297
0.7652634166955878
4.647997873420162
7056.352797965424
8.085940458018143
15.410277020694018
7.009171479714742
9286.33139104126
0.5564733855681392
0.9118450618311159
482.1959484573961
9.008874430448596
0.9814123967344865
4307.053747733053
5645.626271221533
0.8630451670613095
3.235286686410351
118.24637460898768
11.711730801971576
0.2800450773244889
0.6979697472489702
185.92342883262413
0.2090744355284634
2604.0060484780593
25.779013240566172
0.30789152885773563
802.5357877792605
5.79685717641818
4.796845873984004
948.8862980013632
3.681947971684296
0.15850132667128658
6.761283594322385
0.8146893139450717
8.130153790761158
0.9258760866968916
3.143735376392783
1299.0402650195365
0.8619455631488923
0.8965072821004261
6.1688489764627
19.14719543731602
0.704815967836805
8494.591606758857
24.2525408617562
73.17256700607389
94.38458897435153
0.09602620612295698
7.052237165917666
52.52311395815206
0.985904958128007
652.0381232365361
3.722420129202295
0.9804322885498711
7813.768102477949
2044.4642853553153
688.6835811465604
12.250042553240025
2.618800823994194
74.36842808797417
72.18261223944826
124.2353341512561
0.8752699605720248
5.1020658707309705
7140.344435367468
4.33334395406134
3469.8627217116086
96.47496685780679
0.3495074482221009
4061.771195608774
52.27015716945419
291.0520288598559
768.2993799144762
30.13016615410241
87.16267461665849
154.55117184601718
62.219632744242205
38.849366102531924
861.4710848617265
9.099954302066585
902.8823135814342
60.5399821886381
3468.99267809721
1.7746811315247246
499.5640652730715
668.769072068802
5.039535908621592
623.2234088417675
1.0771434516083311
542.7497154015483
0.8458929306246402
687.5429706135387
129.7160817505957
9456.103719029485
3636.3864873276043
0.9556007836124205
8341.322665257809
4894.224057660586
8.85804177050792
790.9195376099892
74.93187996195554
0.31124278700210806
0.5833630150444603
476.4237187321298
0.11165282940524879
0.3741090183223974
824.7769751831579
78.55221359693803
7917.363357998889
1.8293133628607838
9875.353461336239
8.99461318234602
55.59962201877362
7.4101573564655885
3.5633610617507627
5.156025119789096
7435.332813973716
0.7190287303464267
7.2469350287626995
9.70278231267143
37.614384132853964
93.64795453912566
65.45250405483894
53.7276386084185
4681.321047652102
0.4783840421780453
79.1729219476927
0.7792316508814914
758.9801170496246
300.918474350765
0.6964709663969377
6011.4660636744875
0.8261140212429358
2.780428259270483
6.9689050390477725
6.821912768703793
7148.380159381821
3.5473843717295317
462.8813219658219
0.8704534767181252
0.23730025637848673
8.860726040346796
6.6026517977504895
0.26171870719268364
702.9009112835753
7141.352926004615
682.4426622081463
24.3876332325939
862.0514704907278
4.203773060585483
0.06490311992657705
274.1228469622916
438.9149121927801
4614.297667905746
597.9109274199195
70.83957864682165
6.009532054213951
740.5634036366804
0.732633413383385
0.6108493604928267
6754.266508779838
3.865149812790353
7249.594378744318
101.91102593509859
35.9663437296754
20.194276433159963
74.45469821949932
5.18141326772922
0.0305415797792008
788.7507564030196
0.6446580207253764
1307.5212965908945
15.554382282307833
426.99093519460774
818.1199471336952
3.3109214836431544
239.69817586590892
67.17434279022437
0.7530858317084178
76.60081477009173
0.8203761554161726
227.22983332441194
0.2642862994895041
163.76563707287352
3.0911505955160967
0.6551455829201253
45.825963289358185
61.40633647122342
0.24139642314192555
0.17871216970125037
78.84076779593893
36.60372603560137
2.9144493795600623
7965.178978696059
4.1869912510891965
6.169350914797038
0.9475942725589633
3017.5707745736267
134.05096966663933
0.7587638713725069
3240.388284422061
486.20982491851663
66.16277175502229
0.7555302188150119
0.1142103482362189
571.2008127295484
5851.81124082256
0.3496157496457536
9.008251328429678
0.5641492673840878
7.063178980330953
705.4535222024311
4938.091088544703
5068.490591034893
6481.083306215352
774.2174980026214
3.860337285789426
0.07975738076523409
90.01687081659743
0.7132262518296625
0.35577704055770876
69.26162330584421
0.2907138799151694
0.5762890444320993
6094.571157584688
4.533318468812839
893.5327270187132
56.699952311545886
90.89861768637009
71.18355377184335
75.67082319152256
0.9463756563417531
0.6442197010744724
0.45279823732908164
5.880514557077098
4.988695906703243
845.4239228616958
7.459006947464432
0.5024897074615912
4.583206170616472
5.760224281848403
0.0763239136383339
6.392952343277401
15.233235534438228
9725.629169371969
3760.0064360690135
4.710621684477711
0.8404145429707087
995.1025685621187
0.36895381391256
0.10252429892155235
338.39670125046604
37.476756745099316
7968.562100395628
0.2723111074162432
4473.137793598223
0.9506890624009923
0.534273510745948
0.9517468103265849
0.4547688744515247
4700.691456156989
0.5731121224132819
0.02831000015789009
246.63452362248472
2.2741691067246705
3769.7624711941503
2.675381596043981
96.79177874180073
0.14208803983213003
8.098666973834142
68.29284451492424
32.855883683247065
9.816448539611063
0.45881740277637073
0.8416393932753642
2661.465086227561
362.47267717102915
6.811012145729994
84.79684135444202
658.9315417491143
37.53486408040497
38.40641964265066
2752.861572830614
6.512800463390418
273.39490104977403
3.966803803895258
8.579267364879698
1106.479940225915
0.8094359746145356
0.36162683036423726
75.08159372297017
5122.6958297616175
9.934093807017291
85.5853184778971
0.46731750889390355
23.57955128013902
3.807768178524377
4.9178754903033255
6800.641747433015
0.6190491063378156
6.857025944329489
4.384966583069893
1.5323025220340103
51.71747395183248
76.21802852489482
3.90099330325996
5779.9226563261045
76.96516035196345
1434.6348758444672
456.45995726592605
9503.805505020042
13.447426158912123
24.064863203007935
0.44962466518222144
1.2220304651627556
0.6751448747316104
93.30562919150171
976.3017110392993
2717.83715879683
3.151268720030449
679.1863397121094
9.685389865771915
24.283927751778258
0.41463275285844037
0.1182569398098402
3.5715973602964013
1925.9232711870554
3.9780264022575054
1.8736437566090403
4.454087163868485
8312.669732380984
0.5453813279229497
43.07668993453695
768.1777848461799
640.3638427934811
5.872101731704818
9.523385638617876
58.03101244897428
0.06884875237867505
9.962328668156669
73.80987357594184
66.34374757298318
4.549243027618877
0.16398618729948966
0.48703819482304045
265.47521036636056
5.915327094962546
674.5182998296997
737.9678393635496
536.7672368609349
9387.708413125614
0.9963800172967202
0.3314108737479917
88.54765616016716
8.467893850079026
0.48497399394111773
5428.020053120017
5.449674889126756
0.7131321966852342
0.050193106906940566
0.33978663267800946
48.318937451133536
4061.0900579825416
57.394367320224845
446.98532086534834
8312.280314617952
0.4027027613382954
130.93826627641914
0.659857674311601
70.51158494511056
99.1505045645328
4.697092793192446
613.7431180963168
0.8481968949867305
128.65577460959366
0.37921838543290487
7544.307102656562
0.9545194076426667
35.136603858226046
8.146383962843315
0.49542109639112086
2752.8599128656815
8.519107253632573
32.29033369602134
600.1826162554934
6.509889100284285
7796.781813637838
0.5390028106588131
53.52458449292323
0.01633831505083949
7276.971300583164
9047.553475499788
860.6108578459334
3648.063999132396
0.7324767106545437
9539.528885200756
635.3110260458958
3797.7695738439165
180.53144076858652
952.8615436847958
0.09311806956261082
7.394528406294527
339.8492175283817
0.17598501659983778
920.0114442988347
939.3916855958126
0.33035695749236116
717.380372322362
23.558621541521386
2.7895159091929855
50.30601805734803
0.7176229757160667
9.79273808752271
5.925922786809929
6570.921583143286
639.7740118173014
1.528938399090426
0.6610593931641584
8.92712620973134
864.8328606761974
24.739482909424794
344.21511601789445
21.350635555398657
0.5470720187407396
34.888199212005766
4946.887508136097
8641.823402918615
0.646415657530806
4.675408223067031
5.350508878006435
878.9415429419047
12.169832274882442
8635.899489032356
5345.755787320627
0.5237414186108298
5585.372013497188
969.0157792848046
3.71076619862777
355.2961910648895
14.550971405892232
2701.421796393244
186.92671094890002
9.670557536199942
6.548176516405557
753.2346673111653
7696.474322575778
22.122429115910336
490.66658411124496
9865.306783043095
0.32771644430825564
102.99372141963414
4453.981695691168
615.7131403763935
0.7428576017022116
0.23000063251549996
15.386742471178671
415.5852717091942
5.519137536520461
8884.291148218974
0.6441946357975205
5.593474043282509
295.95932082909246
625.7967542307981
964.9777640964286
14.774995542821578
0.16279923019006726
72.84485566730768
88.09554963297747
33.63141067251303
599.9539898505192
0.026713978673783445
0.7745769659375579
0.3995002111877599
40.37667292908622
7.713412967410971
13.665806771889432
6.362283865653611
27.73989071222114
6515.858323429576
62.68462727622747
9310.564692767464
3.705991621036726
8.273986838677116
44.262693752410506
42.06116461533593
6464.833524109245
8.529651698868163
0.24161051013768842
3.4080041873917013
7479.162918799949
178.18028051676893
15.04084354672004
610.4873786668885
918.2302249980899
8.857116342902515
4.208758834558215
63.64147082328605
5.405157614508919
266.46758803118763
8.34694663992621
0.18624479601266952
958.6782266210987
859.9050732843443
0.89649725346159
8.496193517172602
0.9533668893498943
2.7541069396808835
260.3353647595069
0.8573169803351666
676.490278202183
7.773417331675655
0.9994941133092631
78.81374699330036
85.51776191582694
0.9652961187733873
16.855115010688813
1.746445198794806
5.859677988817975
858.5346597646258
88.53840663650037
57.32644552381472
0.5897687776316148
0.3481052059776396
0.9246922735924319
787.7868107888219
0.33840722992274364
944.195896918557
420.3300458042107
0.630083078932293
0.21740748680320632
0.43738041294787977
328.2245532523098
0.5491616965397822
27.101174068243417
0.6867325900991369
4.296615105871444
3.154912722333796
57.06776256547563
94.25847407545324
0.8673346207889587
78.85660179830268
3852.0819894140536
35.262260825435156
0.527385885148635
8614.408897505342
5.024708753466607
68.3917144107571
5.202602777659342
1485.0660793278814
3355.2031015061566
0.5553948484213032
9.747821656894951
494.6088332369256
34.00918108388583
857.9949068950106
4422.688695080723
1180.5900107540012
930.0605912192939
975.809175749771
4.818918195354808
67.24475800091379
60.12687960431216
52.532279524989754
0.6077721307195257
45.22418992380865
89.32066241068311
4.050762396442895
8.507791647896996
87.15087495804768
692.9473711691816
4350.738397303558
2.3730650648848473
7.2864752786253035
56.40909629831814
3008.283167817113
866.2589361034072
140.52789314933767
35.42902553393841
53.01927332946569
0.7046562719501143
2.211231337459174
0.4457942527414068
8657.515661056954
8.941098848154748
63.48098474172168
520.3697152464421
3.9779204543093516
785.2907150243165
4502.901904206007
937.9955326887524
40.67842993863222
2.217179603711481
891.366290760782
139.3686930746737
2943.6792649027475
80.22609763151561
0.09788532556637519
762.7410777635513
95.39940581762265
196.16141079838044
0.47461152624791636
7933.52455608321
704.2089549973886
9.71679863413939
0.07718471566393004
5.645336227632106
541.6834333425069
2.298227164305171
109.61728654541758
135.08124434716407
6.660962972033856
0.9067546363024428
4599.536748499976
473.61144985693846
1830.6353253404884
6247.0835815387245
273.535329215301
53.38992088506289
50.05857954046219
4951.054191984968
3.7484826214783973
951.828087542258
324.4118059349881
1.1485133251805368
0.41398663246187517
4.493804769224079
70.42512844570628
5.567660247322037
79.7029113167789
3.1987923939507934
4795.930958235992
0.5077457193026814
0.45857898093683014
1064.977006658322
154.9275833365953
77.95191431583878
64.91919236515878
5870.310983572563
698.9733590072046
0.8968384557370815
0.4830629427504307
69.47926371301827
853.0815562377836
0.12008658862082067
7167.9816829573065
9.105060304926717
0.3481646870674766
958.2382516385785
6286.471723340683
57.83616827211664
2594.2320411316787
2893.2535248470535
6977.883336976382
6.5460311579976995
9.205910937566484
465.79349695975304
9.007810801171011
116.1612779741198
1.5680565170042704
3.0387839899665314
0.09295504577827651
7.640946708713663
45.928315936062226
7007.633741664712
53.783683573394526
8.772802930772496
0.5394966293447715
8359.124968738824
492.82745339030134
0.23491346442739147
1.7587816509329945
0.935152584789476
90.53904078285986
7483.073626881283
51.692835674573864
9646.494857825628
0.3669339071270623
72.89305100768698
79.75142063629522
833.2652156850772
0.5810121289329884
0.5390073817720454
3.6632555052941163
0.9328388206284755
2.325227352700451
939.000822951423
0.4772878893910186
49.036582189414865
497.1191052557553
9227.326194074807
62.84651588571924
7529.323694027908
0.06048964999852957
4676.4589105740915
49.874692928638545
2.775156073391046
0.7584945287846704
3.273520379191467
688.2462697856367
7271.760816699376
8.427136228667955
35.48927961752114
3.063711261892963
2379.7603736703786
0.9242207604095117
3.5270603799096967
536.748219369799
0.2143126491309858
83.19185740756235
80.93384383501943
3.04988597030446
1892.438417782587
0.14726672465683577
916.2443372318666
822.9428995328988
7631.854960706396
98.57486281904332
0.6138898438311631
0.07342332013775388
50.92517922665429
0.18904761922152014
0.04349925415997713
1175.0631182395066
5.118668750607663
4851.7136059015365
0.316417305685059
0.886333949377759
1.4412095136512504
852.4214336445581
417.8728238263794
6.846335928600972
638.362216628653
5.03465860576478
0.9786857196385219
644.9512254993691
90.84419100360421
1.0903967639845868
8260.994863395392
570.3013073931362
616.8993948875038
0.9306445911063408
21.916268035187613
432.07017279215387
8.027120400436582
5.473176721744617
0.13502741547192887
665.3515728274118
0.4890557195029528
0.013478382000980615
69.6649861010016
88.75187369222392
94.54414868752251
30.439311330031426
459.50991122738924
8676.818989326079
6.081340575758476
7210.572438022345
0.953149263752866
8.733186451207557
5571.019420412014
7242.250799397217
365.98058770808797
7203.859080706371
86.16508008880975
79.74411497656136
0.53814205044979
5.839646466339936
36.52980332529082
1799.9984962731874
344.5238042843597
49.06088874117731
59.17332794881509
7833.052861743914
371.71592740424285
93.02478894579554
83.34744582565237
3750.69847116412
1323.328087926059
738.6750646447863
3135.5389662950984
0.7655617604237044
8331.553195350103
2.5950711768633106
866.3233370176764
0.632144043703259
7503.439938541029
0.6337924684057958
32.609704078182254
225.362627640997
159.0221513702622
4839.803436046623
609.2370943401654
19.03475024906459
776.5924055549604
452.44090485480916
0.8495484663535905
0.5341374607906162
541.3991875715129
9471.868953416271
74.26503554906832
49.87534192241551
7.433255321798238
5655.130981763536
0.43451901895405864
3235.2358323098006
6314.135990496582
60.64663732289921
0.23744285714894275
860.6762910596551
0.3601039558615483
22.758334256575964
6977.634882506709
34.09082666500707
615.7333526735418
597.8668021412448
0.7888638516653373
0.8192233727389997
9.474723697251576
829.5484342149805
80.48186123201675
0.5981579247583713
7.3669255609154
21.983723686038747
0.7568200340056009
0.46170052503764836
39.168750430685066
89.27807901759317
7408.849370091991
1387.6333195485236
7.278261682644943
314.8754551526377
713.0528225918285
599.5908677584146
0.24549041135075467
0.08007979317515956
573.342417223865
4490.58615322921
10.190217350106723
517.6410525759395
8.303351820673532
0.15757540561601258
0.8169432629296474
2101.9168018472733
56.317729388018044
2963.301038724789
6032.239184143438
0.2577083429653225
298.09613098206967
9.997681685072171
3028.8451348356994
0.639993258351078
0.5031951816474437
888.9353475217617
4.066252055589093
0.19007126125388796
8.650649611257794
0.009279598437378689
9602.516491372706
7286.1605412700455
2320.0458921375844
0.4301648246609736
22.44113041364927
1.1832800431093815
9504.253245477677
0.5573961273206051
9811.184097569389
0.6123192166604173
0.0041445396996908634
510.72898759892547
0.4013564266896851
74.66876746171891
1.0635170487869194
0.07064526493905388
2827.464970383582
8449.88063050825
503.33208962184426
0.926384271631839
0.3176542201284819
0.074225673493438
0.9398406793123645
0.7574421179190224
4.194962966111014
54.95624126544472
2.152449255887583
41.63488517589757
7957.579303122725
1627.8843281259249
2715.0756607569347
2.2392288623351755
5534.156812471586
0.08078244564442727
5.674360073374261
0.9255189390465646
0.509553332986411
0.7152533837555738
8.333614578175483
0.7679736134480871
46.24256536892991
8305.630209643767
172.66315912002284
2133.171925739341
0.6805466889475326
0.14094180063535033
71.00476899604352
5.9520575139841
0.7025873618382894
0.06472130416715871
4.880933321907699
0.9846870590711153
525.4314567639234
80.27385046535464
0.20411099722363768
651.3731992398575
3497.279461795851
371.5109485725343
9.416544217733433
0.12206730048446668
1.9046504097883832
3.061615798308266
0.6211062036103016
1.257093969472316
284.89711648107993
86.66431448292417
0.18716611852613163
59.441775861767766
9441.235807939178
2.3177810751471806
9987.67608481026
0.7074352177139579
8.61784490338766
750.81400537803
576.9319244641702
7.982875453671579
2.1767884067977783
593.2842801159762
0.8927876921338984
0.9921423394931991
95.2683238742766
6.37097870582648
736.3854751735968
0.8131004611111834
296.88609487071784
0.6154037594868144
8254.873070952419
2756.008781525595
505.5933399837909
3.8483405956424632
886.0331258983078
0.4539766354117656
668.0912237161793
0.8616675088656977
6.761398053014622
34.41503168378277
1444.6197778422754
431.71758384949544
0.07525807587076194
3.412972924573525
8418.920686649803
0.20944791154632403
88.65320415675954
90.07499035067512
1826.810935644545
54.36748019236789
2618.433532951585
0.2137413688882729
35.562981468107665
858.8577385711125
3412.4642839546414
0.21413873738794853
76.96206173150622
7.591043950099485
3937.557467101004
2.663416082305896
8430.538508358994
5140.638239263045
0.13652556461518572
62.75767464448101
1.836081185455456
914.6376048261686
7.784109886552494
81.62147968470781
3506.746683784524
17.57745915475001
88.69960787860478
5.496883445672448
2727.3495337063005
0.7052049731106734
17.705173252919625
5353.111144418882
4.655667412977542
49.11524554830109
879.797809601273
7.332433108685748
600.0240239037256
19.921060355748576
6732.979780452537
254.10131949950642
62.76466528485432
880.5836238131616
5.925299531219168
7.398715273050346
0.6970737582690548
0.2964684313356265
906.6224972224945
41.132467469096355
0.8452279271261832
79.44557863388081
6.696470534653659
0.26550349874152834
2150.660107711311
0.5977951851384978
0.48307849356577526
704.8637154836848
563.9908165594175
9.538129241909598
92.43922040686026
0.35088600567377104
6897.634348208374
4088.1020481988307
0.054837910075679064
0.094293523391072
70.3169025686223
84.13456359684236
6470.547175528437
772.0700961741791
15.587000720186484
2792.1537988146238
0.41556422917194935
3.023076261106837
30.337898590479007
6.661247683581564
9513.124441943197
2.7484910819357222
27.90732047309993
54.57307627446967
30.49478817854524
62.73182657382898
951.6147295765053
68.90119598901545
6.443133346572727
693.975219489812
9.123642820900713
9.582259863632322
0.9924511070907959
2892.484406964653
5.195945720695767
7.789165231116513
135.12989077350102
1.9291749956463977
5.2436716950579685
193.0767602734581
0.2189850081723811
986.3558960288237
75.28281765136468
8.531282558437557
5657.138204031359
250.45000225585056
1.368077106301956
5.087139379717822
0.9307016015702207
3743.491355577666
366.06676885237755
544.1543045466772
3.588627120146013
0.14588366560816157
2.1877764514209384
911.7733323680438
0.200103337325803
9.147284121397234
16.618493584523687
6.757367349748118
140.13906524214525
470.19138076484836
644.8976155428943
24.99307468573152
8712.724712362888
7964.688927682163
820.1578167879687
764.2738355257561
6.062573047166292
7.165431242689961
61.540673344262096
2.610222055450029
6.875795760956053
17.617523104486555
0.2284138046866605
93.1012201046958
74.6158858067607
3397.673646580942
9.875755058349295
832.2672948708887
92.82758242087135
26.25284683707353
3.453023531909113
7913.119709480322
0.30356812617033824
8521.356826129413
6146.107824458723
0.20168714173187285
932.9256243019452
20.360639435160188
1.9770662288357765
0.5122551010172954
299.0424082142559
5755.936495186094
5.1477060325843516
239.8316676706602
828.8595833065685
0.9358668933939036
5.413262365628259
0.18508644456424794
0.24349336029193802
2351.0189524526936
1.1841220163207933
550.0775282117987
56.32039750650419
2554.29585794692
5918.711096414432
0.9713335012704031
6.164103682439178
7.414256475522848
1.8022774620944881
163.2113565896902
8.066186869210018
359.5134446712254
60.31442398608233
2020.3894333276885
6.5761763715252
24.800037586198044
2767.7432084760558
0.9951457703508636
876.445436621147
482.625295917611
143.7915747987797
4.247437285832777
249.3699178825648
2.5047634902933744
488.2299202854
0.028427556809719312
5.9800187169254615
0.6312408520011172
3.3051758484018823
0.7788373969206993
8.433226152457983
81.36575936120477
0.48044149803090475
9.010621515848973
1453.761368541624
0.06596272941638714
0.7615695948918704
1157.3506965096603
803.1881006905048
0.1299944419524348
95.19638079625457
0.8364932940377376
69.79780279669376
62.02167341305675
26.99046823706771
6461.4688133958
327.0101904864694
5.940613970817845
0.6000015476376522
62.04861874223185
451.9709560946975
8829.873655724869
4598.368295246777
1.7501143963358945
985.6402166253023
28.930896577908406
195.52648956808773
3.7449949480807287
688.7152238525968
39.846427036923856
2157.465470979143
5.9872144199224495
0.8367853256839947
3374.8319074603105
5.308166005745667
744.8054141616733
2916.3832443373008
0.36630285345773705
2031.723290847146
0.23453941367733444
1.570820807607941
99.76785785990049
8.965044180027748
8.242008626658608
6284.175610469049
7019.171025090348
17.87972168828359
0.9271792209797707
219.3051047156387
0.5374394719744006
1932.9588930520747
98.27610129477988
6790.005430370673
8.198998355215382
651.8314060953345
2047.4821770758533
0.8575136712415975
5.6529364951674745
65.0331990616533
2596.786855248281
38.44582384380345
744.8333720976856
190.03814317812694
976.6395954257206
6803.041512368339
451.6083509214519
0.5259495096399873
5.120558957421249
6.782605408533887
60.24869225940179
7124.599755166725
0.09466951835275239
636.0060957820779
5060.436412723984
0.2660639258015367
4.877296864962487
75.89029055329483
241.55955781869253
69.88398977215482
9894.027834434657
5.879018599460773
1.2442468857889377
0.5798799945030961
786.1955741741822
0.6233621491938224
6.297014810929813
3.1427374973469666
0.3527152273733235
610.9811060557162
756.4751304676067
980.6241036255182
0.5427976886975117
710.1452432724248
6988.0697522613755
4.264094179857119
3795.7482134693464
95.78604006976906
4.677139745821411
906.2406170013563
553.8716063647098
7.995237041444482
5.920500311034242
0.5395370977886371
46.177404612801176
0.6806354994809316
8.310478215820536
2869.9418193644055
933.1795447668653
582.1048328636458
5079.411092885378
49.11229855713346
0.8796553843109389
299.03728503442073
224.12662388753512
452.1836945439117
9953.5989009334
9.96624503285941
4.837787682637251
8.713268518997172
0.5559573081258462
0.8066129755493453
356.75855641077015
8.192357006825748
909.3471906683375
187.5988086081659
99.25713330965674
13.587517524994885
7.010281247213646
44.799794583071936
4999.995472846186
9.172653461518857
80.5075911705166
1672.4924720328993
1770.4862920160203
0.0706027310983014
0.5540580492411404
25.590045207280777
5.9942554939551576
96.45027012679569
0.9858315116057842
0.58194536053682
12.860903311569471
16.96265450173584
0.4989159120665063
956.1807381590194
2547.506187977291
1004.7970090286717
580.6708373862106
1624.3697261005052
442.5983510956165
6.245818518691432
6656.645580839564
61.5887447164899
0.3332053538479154
0.16459859084952944
3.9922077096873956
3236.42500540838
83.85075530870033
0.8676076817374707
770.7290467490132
2.9288895884721775
743.9265756499032
1.8211363755191612
7039.164592266617
94.09613467328215
47.2079559422536
8845.043977257963
263.3107596295183
28.783269253613184
94.14119978619902
3370.4368044704734
3.1972829281548796
4.814538761602483
0.16500557517122205
17.13205865890447
0.9989006329957232
89.38884658490561
2346.8225465599025
4.319199586254541
4051.876455048435
1436.32602397069
42.90035924452796
55.52121967026008
674.2507280730515
184.82418240288078
298.1664615328782
0.11397988517657798
5.303187705173137
8.262987748059157
9591.313842738116
49.454898379121595
968.9444776342602
0.8482723990221342
1.5317457814070168
9220.667072377068
9753.63596938112
5.498682826983446
15.319158126706611
9.575004914015707
8778.742652807194
0.4325624685952171
0.6901451507262979
5.984932659591781
0.3541673061265631
712.2951097896921
7516.505889569073
2.4261997351171005
0.20111765938912785
4.1058226156961215
237.76604220943676
905.8853991122048
2924.6261975571974
0.4821829580394421
58.10490268066737
55.88181789606305
0.4644370008638289
1.491997069725266
8.916012452497416
0.1367927307124358
0.9160183633046982
0.2632532614263935
4045.2306429594887
396.14956321580365
0.9329726036553313
9.62794231058869
7.848998839453277
0.47534664474348287
0.5557259782038759
3474.965946218336
8370.6629139387
66.4999055348817
0.20910490443990026
517.652746616981
0.6229770526609019
8.433832370816376
0.5803057659574229
924.2271429649169
0.16646222656602983
1.3835695451352992
6914.725722387822
0.8084629085150352
309.7535239334484
0.5713019779349467
2.7332979355637055
65.74777208776467
42.812749583513884
5.253588399006027
6.437847669378996
24.766289191552392
81.02465357565463
38.41805715764789
9168.600923374092
0.01026471535846707
6862.785271052992
0.6795074922869407
87.2560693021125
9.554800936301511
2.0146359473651243
922.2727147585682
7631.623847465781
47.082325552948255
807.8500230742608
51.819204624755166
571.1877826712516
594.7727181245727
0.9601704268309138
812.0200545388755
2054.6465760318133
7.927237368050786
61.219080910586335
11.88604358754718
2.518593833980386
82.3154783055611
1239.3152696060317
4.757623583022003
2333.379038469764
663.3916138863555
8.358475639203235
4.247339298180121
3.0671717486895345
730.227113861377
3.177463556994742
8290.916879879655
0.21978374070746276
0.7345105786930554
1069.3509491157738
1.5901962882945653
2.0942730933503917
238.1429591052686
5.380050190352992
4.554000985292799
985.9917295340889
3.746168751648219
75.1646835184208
0.786191951130687
17.239724712164218
44.08540232799045
332.67449190214273
787.4095278626646
94.12871607738143
2704.1575991327195
24.98136209430396
1.1722474721458376
894.4235421621445
899.372748495037
0.4360581612017006
0.7560458502917569
5.4689159971154275
876.4036579203915
27.51971292196397
4.304264714113351
5.954976861456499
0.43499089302883986
79.28194196589764
9.4179552995164
5290.1927075959165
319.42848422635996
993.1723376297527
5.528459993499888
0.14777012688693048
9422.509505647668
111.59762371239756
0.44289629633217775
1779.3760432092076
6.467076118987789
0.5086685355937499
70.18789994971279
102.8931187403701
8.638983152677142
0.26426237236485417
6.593879639789196
178.22533419631182
21.484305780410683
2.0182689867234602
47.03477765434554
2678.404869271561
7.30543614247342
19.84783156125024
2223.0758995672572
936.1778402462572
1170.5985011991072
1.3525183131921925
5043.029215170926
6808.145511966341
4.448896870410369
0.6810581227835133
1.670121966709751
80.1032646370201
0.1964862185771582
48.6864574389145
95.05805207814507
0.7908617097312678
8856.77202949633
106.20237110390407
7.18834217499106
80.73513116769729
0.09108831989690369
9338.388113880816
593.618962682752
45.01364753403963
361.09580825105735
0.36064232617598224
5.183722903977949
0.5752733067218705
1607.0115251925909
76.83731557255706
855.4339305189251
0.18255329408898513
2135.1988822200897
3.1503026729645143
0.9678619489229758
0.7062606178972121
870.0510680607554
2.234723384941868
0.10327296956615928
2.692390433244541
0.31195692212646353
9.963870745171064
58.37335761874443
0.6905465061415063
4229.207898877872
0.8873930653386857
4.1080173390899635
180.62380560962222
0.27979775860929657
65.85711816690579
66.02746179378592
9730.84188331282
334.7449724715471
32.084174398565104
447.508983285421
557.113733021087
0.01676688081864386
71.14058979267834
6.371098561294312
9204.946444269855
8814.954809179506
530.5400403083952
62.70639817643799
0.6908546520917791
66.21559616183694
26.68147709847024
6481.250955947401
2.696610176268254
729.9970987004493
0.248449636584402
32.22266121239243
1554.2646289430784
0.32936568612376615
246.0656173286605
0.39923049562608504
0.507737602528436
78.21824773531394
5.6216425506498915
991.1506831978973
9.776156774981837
7.530849515175087
8.888436058437685
690.6738282925303
3705.8792518623673
0.4125163244532426
0.3760867350053514
5885.312950657091
98.35761322589187
2.7028546417826558
0.5482520468504957
30.558768100403366
2.4186765350528927
72.11468697127466
824.1636067753049
0.2290379934231298
7422.281427239827
0.08333863421926457
0.40096746907390257
28.561989828540735
65.2288006229086
17.95431061644933
4.589960920655054
552.73997689089
6524.88173516518
0.17837447735010714
8.603560280328225
1.8056516914736997
605.519588834507
0.6536050592013728
4.801218561450863
0.730697771035201
0.9610692606382206
0.055186753834598146
0.9932324705148382
0.32798847966370337
4485.315565332345
2.685150107471422
615.3193404225167
10.024528349615668
4508.708361857445
0.27095802399975033
0.6781632216732286
5078.387937676326
8.619717248578294
286.55055513092145
8935.894343437383
8139.940589289247
6.247363764052091
0.13846358816025306
344.89685549568327
0.6503566586433125
18.839693976603865
176.2288794096297
7051.331483807049
76.96096079334092
5.186214989506039
143.28061625503264
0.2500975677366134
38.621562684230014
2.4788459109066574
153.4711359142198
245.14595996410637
57.55725960040817
5.466200664867522
6.313189633290774
7745.863735165708
578.0562795788032
0.7349121124638981
67.47729263052395
5379.0274866373875
7.729565760486858
0.969503666929542
0.09959159720016131
6555.502027708913
7826.8805608016455
2.6761898237580404
109.14622253433637
8689.208417865513
92.25134661610807
3439.136584841891
463.36937553525047
347.8320922217258
9.988066008143882
50.7775119237566
0.2751423545793221
66.48060795777101
3426.744308367502
48.19323706359282
7.301214483955043
0.5367121290863502
127.00955618766407
322.01726086931484
3873.729080773025
2891.1814092018085
4.100847039730276
784.1264382397499
0.9253925651639395
0.1686699562028272
9876.420342195395
3667.4623315745202
73.66198263289455
885.2425329239303
196.16730181353205
4.398637878402317
0.1788483496666764
687.06797024452
64.0320146641628
0.1296800275488711
324.3347618083281
819.1496447840125
9148.283968917007
41.62850327614215
3189.1635185445953
502.86553019659686
6939.83461973235
89.19483687948161
90.32396963215169
4.178139610445211
0.2902756016044138
56.85703020071426
3.9306865504970334
0.6402745153531808
8095.994346303683
5297.614897070847
908.6029861066065
0.35316119609173735
8.932360498364103
888.1257980348335
8.380706525292908
19.104562300642037
968.7637894531365
5096.585065342215
7.8324950221259115
41.654735010934054
859.4824862261879
6020.016901350829
54.0266703756557
0.4163158395156116
6.57010650556261
0.7734618147598384
2770.5371756797435
0.41669722215046245
2719.5374496420345
0.950972158086183
542.4007338186885
8.83820847477535
7.165172571186186
0.23662305737101752
0.8559538257701249
671.4493388379109
1105.3897231418318
0.6852093813236707
76.32264402412638
7.628024912248074
39.34446289433872
662.7778291549238
573.0619989132832
5.300191764962764
4.562734613040375
8610.412071887917
0.8734899514754944
4086.943226112235
5456.372278242253
21.964993407302515
0.9959254080399915
3624.90292635808
0.7920528593147593
8856.969964296404
29.847642881311785
534.8511764909769
6443.2278091241715
0.1851813248303803
8.443185788054693
0.8682550857618867
356.9925699831481
2346.3138267555983
99.38400018833514
34.63707397350754
1.6690210411384288
44.850351290532274
7.2813347682182386
948.6575708555
1.293838917979061
52.83071349736394
48.62634898297623
9698.148552160985
196.10121146464553
24.112380547534606
9099.458308056051
8557.331384858335
13.540726332955888
1.2151167133537144
93.12009973275372
0.01993206847589102
0.7734815945269279
9586.58458283654
0.7188236440298483
43.779692220065726
4523.944837032763
6.074845172960886
0.39796438094625186
918.0476596627506
0.9280630090032211
2658.9407662228627
51.31363111605792
584.2614674287119
4.777402213864132
0.44752932969664405
16.654919523464418
0.6455000739931491
0.6648122608489629
8795.021948507598
2.6604629270940228
59.68190674822923
72.11240964964179
0.08743476279316986
7.29306084332118
594.0671169823219
1417.9303312344316
0.881784458166972
976.3613965886586
9986.867078379739
3.5290982745704436
14.70555651262664
9.737364395268926
4.050613000511523
3210.5119625883094
0.03217728323282798
0.5112814629027859
779.5796047719776
0.30600706448271964
7.8419168701715325
94.00769316820701
95.7816892969858
4388.245180191991
8.040297922568481
9010.465992823954
4.7034832839559195
0.35360738613685716
7.4414137103685105
7.005145904188865
5.296270223645488
8.097579965298427
0.7742160364560239
29.080205387039072
0.6957026479610484
4.852868007830457
0.6183364646986582
7.679717498668122
6.2213194271267
0.6889736484497109
0.6503531632116867
0.4984532664509955
4.520868831895397
2.4454112917994486
940.3689995042757
0.36374670705819045
69.93286684750076
5913.819447547117
942.1532266116349
0.45609205322392
9.446772646806421
13.169688740249164
573.0581849347707
8.368154550173537
51.73084904895566
44.119455269431555
0.2565219358503278
0.6368964479991157
2.6271582653568593
67.09526038555367
878.930623331856
0.7167836106635905
0.4967638414299069
35.005622371280765
7065.348112947513
5.755848813567166
58.616059317691736
60.10069062989063
245.34086626663876
6.374784099448916
147.9507512442564
3198.9517268015466
1.9128618379933537
64.2164393950585
868.0346427257001
9.393954657374225
0.8270249769202815
4683.893225161348
0.5955389836800162
0.6936926205924456
14.505270434089635
5946.099116020905
0.07647241283600337
1.6637775975974045
877.7889233921338
57.96465591347896
8317.056975460417
615.6580062264574
1609.613856083295
301.30939997041963
3.638440603819759
0.9587510756131817
93.55907887327953
83.43496468561318
0.49993044928477337
8300.132733128657
43.82513421542789
167.34689555977755
5.693743776570123
0.46325037149560533
9.751091762748011
5.194317876123192
32.81777833564669
33.169207944718316
9026.58800581058
452.62533387336447
43.959279040741926
49.47616737365957
137.30654076314042
77.6373973638284
0.27658023793584186
8051.377878385929
0.8509716293292453
5.9962325385424915
17.3708606315627
86.16143321565768
405.70927940123704
6610.547933508639
0.3169102444200864
3.364564222468558
0.672480116258772
0.6568500180767438
0.6872599783651867
0.32463668353382147
687.8715889404413
0.8943496653537131
7817.63206479844
0.8458074049685249
8.237891260457955
0.9427344102911794
72.00639964205158
87.5360223903568
79.47798700919776
0.5856387023050285
7.037740115565595
9.74870376532712
330.6663125869638
3.148100763514521
772.3754074630649
900.0060644058123
7.474004201872544
903.089230301974
1.3005525384357608
4360.751515379786
0.14632314942296554
33.732068059165485
7.5408059208288005
896.9999170870913
0.8815188222702961
9339.775345312592
0.3899879686344836
0.22855150430022864
5606.291050539727
0.3209674006328852
84.61718425131735
531.506406803494
835.3839261337678
536.1070789705159
0.25862257986258064
0.558746386860257
67.16346229173227
488.95014503977154
934.5648225479582
2.251935988459859
8.07297409133564
493.0440447218605
32.82287145078525
201.46133786480704
6030.425151985503
0.6592178157509992
7732.61547804927
91.70896752622552
86.64238066639935
0.1602342353979901
29.727435649928722
6.018767202383155
8482.061929473
0.2240628433732278
99.90144135673464
812.1783636460476
649.9077812299336
0.4564682853892874
83.30289654998572
99.00452934017436
23.95778628602767
0.9542405762959544
0.8925945797431178
2022.4612316912794
534.2184981015616
47.21522193941835
72.08859376997016
0.844367137102392
8.41658921407354
0.16590883475487817
907.9112306421144
0.589787790462201
0.933545459288565
16.765623274651652
96.61069777289565
444.22579769341576
2.5193278545340525
19.362357544896504
112.21223314050644
24.137115111651365
57.14852979006035
32.12915077188475
0.8951004939572471
36.04263729081924
4.670102212414493
0.9082606292752654
96.16539492930119
0.48545555132738705
0.9708744096424304
0.7959109433449352
732.1399023454696
0.5978150182771785
3041.9878875206573
0.25875333407780254
2866.5526492136196
347.34815364170714
2.836296670546953
31.73860254198557
5.099600667047067
0.44795468397469373
55.98073010253295
63.595398582894056
4.697167497644692
5.669719756190549
741.1900927991078
7239.5093059549745
3.0918464847399907
32.23882503937524
31.421339811161797
260.94766379959157
0.4454371720561663
876.2250185786413
874.8704599816998
5973.484838812085
8898.463951127424
0.12070414466468138
7.911463223676083
0.34057589559071644
247.14804211950712
0.5549857110258495
1235.2751929207318
5.956988052672067
5.248457081955263
291.3159689791789
9930.597812967435
6.786186998444484
6.095855601990445
7441.609002765493
0.13435640441549335
7.117489956861585
9125.08331713807
21.54525109623371
379.7467133951684
28.06396447305537
27.166608681131834
400.1675556355584
3794.412326637332
5284.006007131965
0.28924627602854147
7.1014066552800825
0.5411862830891271
6562.8036371373255
7.329535058791372
8.962156577970584
3749.9286605457637
3.8525908707637946
51.90481873745875
704.9104043534732
37.07303472161312
9.607003848352475
93.00961942961555
625.9593148620145
3.990274404980326
1242.344083988529
21.85737438090729
505.44010546624963
2.3459300909928804
840.3456623884133
5.353722696301432
617.942212487165
717.5019450071965
7.2129574100487135
315.18512067712413
1.93237623010297
0.3899328098582886
723.1094726327534
70.37730717731367
4180.461559500268
0.14639788774411566
9318.103511027111
0.4542314431979292
0.4594000956203228
64.71466878930899
657.5234833381156
2659.9890480435306
55.55952767262931
5.564438105102548
264.16936787756094
4.223093571009349
0.7631928309446157
0.7765019490940078
0.1263983597046714
2.0277614546073295
0.9015849521292961
0.15529962448203793
337.26639475986195
55.11062945748558
39.602971737576475
72.3013891281607
0.5892920370583566
6981.955773817912
8559.330002208382
881.2747180789372
260.71182232073966
68.68386206787869
207.43451933110302
781.6078932401249
0.9359247894454314
9385.787356180903
1726.7477479621318
94.63021959566586
0.5965566092999861
3.601972896439527
8754.172984214702
97.72314523265044
0.49253473280122784
0.9443452454124855
671.5354215561125
47.290759335803024
4514.102179684519
866.3691657456288
5.9667331961942205
530.099122818563
5.703267366158158
0.7911768715787958
861.6292210613486
0.6726285045902242
31.95174727075678
411.8623183943915
949.5542593948711
0.7600497518606837
23.827677867516773
0.4608917054685764
681.26605486472
1715.476141228176
143.70083643965538
140.7522171647001
4209.3215802729765
57.99271960207098
0.5039999793008743
0.5673459419413022
96.62171010473223
2.547464050790568
67.71141950646623
0.3804367854183529
640.2281904160562
0.2582188854899451
4.958106652668514
20.288141562185015
0.698449888725829
651.1203205561358
0.13257206067487126
2.937875117693012
60.745699577700705
0.3330166910145208
9.504000480006635
5.6033877686938025
30.105204871745993
45.28578867212306
313.4045659829825
564.8131908267877
0.3039453537259277
0.40662027999200867
6575.347111737161
3926.6493950032955
0.07348870613171798
8.785635411838145
8.407012859575104
5461.812919246974
0.855296986368893
8.26081208967581
5498.677895206686
532.5565529929524
0.13482703670888407
6130.409932301926
837.7485989869022
94.10115653671835
0.5178452343175965
0.8121533773934593
65.19908876461294
3.265117550601894
3.3967717547408016
8805.979096625168
0.17267323855295524
0.916988792408334
1810.2639164133727
1975.612527607631
5.620360139540775
31.35518266869537
55.24196346293107
0.6795431394642859
0.763462943152753
4.986035235067191
0.4543935491651787
7533.761793564304
490.8439632644721
6.18798487259161
33.240347865342315
9527.169866451488
44.14436399242005
1792.7874799174015
0.8906294660663836
71.30853344485527
30.253310858504157
4.87595872561961
6839.588698340673
38.90432909642527
0.8424848987483969
5788.258792731354
6.079807984931139
0.8594959277574536
0.15385021021905576
8085.3560213050205
8.373020313584377
744.0217350072113
17.184763916594115
0.1805653930077309
420.6438294256817
47.71845499887406
7433.244290232737
8488.874407229525
1.1916773239558776
41.12566798114584
1466.5606637308015
380.03251504141645
9.870348822433922
0.01711330024268931
9.971671525008778
6533.398210621567
6997.4167080842735
0.8333731372729255
5.780520353142879
4.093272227840917
7149.681450114174
923.2168980710255
2480.032299660596
9385.671075322787
7100.932728974236
0.8387031101092829
486.49963889233993
8447.13827463575
0.8513698272680867
9.660030072404838
16.474611198568525
375.75366545755094
0.8627793776423016
1020.8713430295325
7609.6477380778415
37.395980002844084
10.508997614701643
0.1781743251344139
7335.232670106564
866.3253624163963
681.4911282563693
0.8284702596331474
296.5064720907189
0.1662232809053693
38.28941492677651
360.51411372943323
6.86835057232646
0.5269509071666855
1484.6643561152573
68.21636545971263
1113.759441785056
395.95349275393
143.37067092826183
5.537000598226175
3.9333306750686448
0.42580818211809657
674.4379268794937
103.99093935518
116.13955117786956
4277.515386220698
786.1320313642873
3127.6792222937743
0.06028041515526772
46.928292777067426
757.47597238244
3254.628296733123
4295.728427981673
9.04853595939718
0.5955186643131243
0.050188206089083476
58.743361859019785
956.6210728781549
33.90571693681878
804.4748446540234
0.6912278426371354
366.055068000706
8.784635004290397
597.9905114390943
9224.484362050109
2.3124751782418507
729.8818481637404
2415.626900753285
79.2607060652572
0.163341325069007
73.75682397139288
6.203833518465915
2.2904113287450736
2440.400326162665
1.2124340307745518
9.782207630057439
38.90548965099415
0.1133481408002508
5.373531626856204
2958.25404558847
2.8229754675866525
0.9924596706337683
1690.3137197945596
39.19428141977638
0.6228573750710391
4890.77467761798
9.999741490846215
0.34876098338828476
3961.787207841535
0.04722737607134797
5.493716578129483
766.2505072246563
1.8243307332025471
0.7700973547763812
0.23520552823902685
832.0579456106789
0.049102194565659674
14.133158052866445
3.8762332300092495
88.89508342875509
0.19101467005791806
892.9311297329461
216.71029446918433
29.85774538616941
566.3275118845683
4.707808637732132
3.870920529838371
829.1620263300337
56.599649949858446
1.620026112617683
0.09476535574928213
4424.138916015748
0.09944329625996307
0.2721160580681993
22.562335347647522
3739.0265253311804
0.6093041504281363
7373.554518289365
366.08030023946304
0.7075310486755539
0.39516185644481805
1.9137961014587224
0.3078271761584529
2591.9390660543095
5906.438310439858
5923.3683790588975
756.4213863852742
5304.108853279205
119.60795065622388
271.7084568991169
14.063646644891282
98.5860981079059
4790.608797254064
0.7203222580591506
0.0375688366186826
3358.979781199958
136.44783338161037
724.0040347283066
6495.971995868644
675.0083470376571
0.7720112335275297
526.9338944373993
3.070243518238136
644.1716259644629
0.48695189015519835
0.38836538113336094
0.8994762151893143
1074.5629452818273
0.8259404577716697
0.21731848742644222
0.7653468059999903
831.736547737483
2.554544837622524
2.1951502983381443
2871.7772093693316
409.81041591268917
8.407758427683747
40.06525344302885
0.5520572927204672
0.11833540943855425
8.117689248279806
94.66442709333866
517.9590683834601
0.38597490608671436
77.37613533488089
5.474758517182199
296.6588381410632
72.43099046172003
2.577888551908786
7826.366097076534
90.01919909322504
8366.528917943551
78.39866492492412
3.6903580324308694
2641.7830865023275
0.277142526617821
40.82192925386953
38.660353215646616
8.517960670887906
0.17944734295772713
297.61872037487814
0.14282735052912188
0.8163295987812558
6635.4204441588645
397.7132593246643
1075.629237595015
90.91427656567805
49.56701989283909
0.5315366242849365
4.551252649199603
57.52114741188715
56.493733906391576
31.422422413368
4.673506661609893
7503.766932967119
2.6158681028929296
7.296464959202396
77.12336966781524
8509.282684947148
274.44694358940814
6664.89795151746
7.733512880438433
2.7924202398594957
139.617983546795
5.138768715810393
93.03609485406506
124.93640713100307
669.2681380561538
869.5125955704317
116.83348462757304
0.3038477535811541
35.98850865767134
0.9109091138680813
2.0285147120766887
4164.407328324438
9163.85149046091
0.9598653139437734
0.9436315093706795
8316.81583326664
139.6195880805976
18.924934162940644
0.6788520039051166
46.67640270321252
7.0930156986287995
9.112657920006326
60.36260235658308
224.9378044877045
373.8899099448676
0.5396831798652779
0.06623881580313462
9.536365736912956
458.2445206838982
5339.1077951921025
7650.414374674251
0.5825525822580014
0.052314440094007875
0.04168543381773915
0.628158395867438
3.956796521554571
0.16394947144174088
954.7063674818398
0.8826232451966922
700.0926508526252
8.719722538821713
4.498190611405874
0.40177032451819306
9144.920481148925
6.360173098230714
99.16225630556477
24.593676706641343
0.8544440981055832
4921.8803849033375
9622.743103709263
509.52793299171697
0.3394117871150787
70.1294021025935
958.1794060077029
0.01602342564667425
0.0036913725871066116
344.18110911511445
9.361957768542206
0.7749858047302473
7.069620145775789
468.90010891372356
40.74121604629746
7298.493565737212
2261.8779051559213
4368.505606394402
21.461474406318317
0.15223528992760826
0.43726534611300205
0.23803354537073895
0.59258433717986
1174.3656933353864
704.0482948601036
7.086161835925973
162.60733576216202
0.6479873894097158
8552.32940040176
922.8220995023806
3.043588342979472
1556.940623038303
278.72068146411675
12.057923254200386
0.5923493466358856
0.6151960214670515
7946.3150289765135
3.7806831649676678
63.20633699303778
0.8317293910633241
4958.110820086244
6116.257582985025
134.89750621660755
0.021215565467301967
693.8987796685492
54.82824666651469
7.217431789219368
206.53231341783908
8893.065526804086
466.9865258000419
301.1641804604496
2257.852544178177
3587.183016131026
135.2285699329958
5681.872619851433
9278.39821212026
8.666702685104315
547.1513892009859
0.7156145496692162
877.3209348104522
8273.322003304404
0.2970037011391946
9584.622052801922
70.21246075604674
8.604980050011356
3595.686698959734
30.440223834545886
7061.160421969176
0.2215304704153791
809.8357904751088
9.816878247213634
262.23621145750866
20.673234358226622
2.8754724683588897
5697.892769843837
9076.609477310696
8122.7359491286925
75.53610955184422
118.33228035665644
98.7322538127402
2069.697181177501
2892.676154101793
0.3957568915352827
8.240412293767926
8.32111824687288
2.269200257048265
158.90968785056882
0.4622670508597676
0.6052836575655927
175.81688807444306
5.801389484070265
0.5670734395016864
2916.827914466844
9.64660715424973
24.10900342489084
6.042885240557996
8774.611991706977
7461.190275242079
456.51304040162944
0.5826580137078885
0.5778162056977214
553.6311184784674
8614.051624718839
645.4086119299755
295.19018008517514
9.58683238614638
92.22872620274546
9473.524260546768
5650.717995196327
8805.04318236569
8.960296898250926
8838.122724272454
6.777077520776964
549.2725484796931
2717.5995040621924
884.8094944481268
4127.812132259721
8528.191602435772
0.044648732719780204
451.9236353027711
60.374769040877176
732.8423605251222
7.590893993907506
119.95512392294872
7.01272619071467
63.62036834887979
912.1108117009187
9495.849605148016
0.48319715337051483
0.9826058948448402
0.8510600490651591
824.4239685873266
1.1945436257820596
542.5663268997569
1999.6093836499729
70.1571811304217
433.8617897677195
6623.108883381087
4.61469305768934
0.3661637995994188
0.33912911745138974
48.28467008567634
0.321508187617769
9.866319681073957
4.706936633326743
3.1769724259372865
985.6488045064723
3.096987797315144
272.49618795799114
8.752662395128695
18.58008876922661
39.020144356955555
0.3419183111145444
2.6825484335330763
77.37148790288595
401.1193372627663
86.61289300446043
247.36784444556892
71.37177830281036
6.053881897102892
0.37019798121621794
774.8991699087023
213.21301625888523
1815.1243340412982
0.3816845487552669
7181.019825361482
641.7205734232065
0.5037970684430295
0.3690571445395783
0.2085854900783033
0.10128211671490062
160.8997110819328
8407.861557497543
3.578245011233394
97.80335858772239
6.6605316632523515
4023.3201289105136
5901.932461029876
0.12813647845537735
0.24312681449970108
880.8562199309785
8.64619822216506
408.02395443592155
3516.4364513758405
122.80204620173019
627.4688674108854
1.137580251821524
7.169669378470989
175.26668578795812
0.2908792551930698
82.57155955845133
5435.903880393944
0.49733389094517755
3.1984559699982205
0.7990992559658824
1746.4423976834653
8.175161165100036
4107.35651583659
1.8047771362019538
4149.031259257895
82.8270896148598
626.6644547980464
59.408573464262595
0.03500633036973033
7602.342107338363
35.656283453689454
4708.310885022984
38.21293431577752
0.25746008449996816
1311.8722200830912
0.37159313128993066
38.06613382212976
1291.1582588278436
0.9133530069034025
4952.068183723061
0.8676461041715018
0.16929875929479987
54.411802499358544
7822.029895029483
7827.8880528131
98.84981473026131
77.34427813663551
38.02855329851541
0.31586841896115136
681.5110709144489
7424.648437482272
0.816340763154914
0.8421184855472611
581.9809669984854
3.47500099246124
86.98891899856879
8.347739558879493
0.9333753066377706
0.036394082400131866
9.582997747248438
7412.752520631834
45.226583539978435
1046.517606136773
0.4993313113516309
1489.220103475204
0.28875247873542753
6.714344032622103
9637.085997141166
454.2461074382479
49.435844642486494
6.914788990320487
1.9081072503631946
44.70607922899062
9683.694032541101
38.11473985982828
0.3177115865103678
66.30692572670111
283.6350844246895
2734.6072150683485
62.30612586432793
7.46503756384903
673.661686483889
252.0549921999582
0.22333104280300176
4.637056429952377
0.17786052023608023
76.2522645121755
6.7586042682592495
9961.502927578005
0.9396193582434447
95.40308353450249
6734.852231923049
7245.503372216092
652.3264616147701
433.4073700448133
0.46191125374249586
3.559810118869092
4.454034546302077
984.9891562070534
10.222734036527402
13.079049809216581
6165.133433412574
4125.509863132989
310.30935655428607
2.170748494036623
0.175918857397936
17.921820242989828
0.9444884581623244
8.33107861035921
3188.9729584104475
4.013555242584479
0.03916907714912887
0.21894822788405233
51.53185910510467
83.84393527690048
7708.213905989993
0.554409581849616
0.11733097288640737
4717.072541333791
3.542996484447347
0.4416581150256611
0.8017891118632849
0.3091041231915115
7000.075826657042
452.5387359054461
841.7530475040791
97.89700157462727
740.9636675685651
2766.150827363999
0.733374958082578
0.8749202705683207
9.979321396812189
367.74726964258355
637.3055607258083
0.8822287147406482
0.030919571058936723
595.9876292390985
3037.55183298988
496.46884471078124
41.748224360133705
64.32812569317598
488.4583782918003
50.16439214277548
63.06501629233915
830.9095375265788
98.51017989609136
8136.92450654311
105.25522354261308
6.1255969750414785
8.476021625040545
83.44669162543609
6.099494269633769
0.8832927785575863
0.6860912752101295
25.995223239840072
780.3182828241628
847.9833042560642
828.7503848086545
1209.9539855416642
1.233769142554919
47.31912826137798
50.9043827172046
10.164609891294962
13.431493071397538
92.65777142300354
0.753849431462264
65.2863378592778
88.48539540665267
38.69650352157146
6679.341087222193
7086.4526638304715
4.630985152746181
29.42097613929414
3.0441227698900883
85.33640442767162
9427.131831446743
53.75483345334404
51.944989137530385
0.19625262439076496
33.63989898561315
906.5099317761161
45.97205996571928
0.8965012544423856
857.0482159389787
529.860122208304
0.07740358763187316
460.3730156839382
5830.536510387936
0.9244227317235176
4531.581088240209
72.48461020549055
9533.320814213817
0.11043328699605448
2.2270892400215994
82.56730225540603
0.9313161114624106
0.34550999979255514
0.7309669874816075
3.5529246059063957
4715.684345018405
78.69739069040908
787.8605014234263
0.0446869899320651
0.9982597476039001
3.152649754007415
6957.4431345614885
727.4843408321876
1157.516828873555
0.8016606647129159
119.7770399984781
97.18226634752162
1.305845913546252
621.5243405929787
712.116777416039
5701.131610460954
30.080266423728077
15.715992276847713
9.44996130211129
8.558221998372392
858.2277561111274
7072.888668817148
4695.440424487985
600.7677723121541
694.4702688729658
8957.893313722076
99.45866699552231
0.15651431034316043
860.7863044103165
0.6704852681580757
1.7054558600293201
3.008432994482775
8.760614172898842
35.5475546897856
353.27855550313603
0.21230463596389393
5643.25297075442
0.10438540626614412
0.9022980856807284
80.00741238566788
0.4500461856646113
4.420763275185797
7.957536298220259
4.0923616837084
3644.621057314074
517.608854130639
821.7201390227902
4.731886871826607
51.05557062147737
56.55272118341419
657.8383602693294
909.7604763389777
3529.984746661666
0.8937354151954781
646.7604364966418
6.716024703953325
8.221298451636427
4.871493464268889
9.183893976249038
0.9390127133922795
3048.956900826846
1590.8750298230757
0.6185439144869278
394.7287557966567
771.0991181369611
0.7730492266309942
0.364523748626176
6.252989063244615
4.7537285805218055
243.25596600229483
0.37591765734632976
2327.897391124101
188.68424616439782
5459.221965996788
8620.146236856017
910.6508176745583
498.6517123630748
3419.684370677266
47.36079438096148
0.5105501934652801
984.0558055939589
404.8415695719596
87.10816810803269
71.35222398658615
0.4096820006776398
4196.486651887088
58.95547392109953
20.976780716944276
96.46714786074628
719.2774185498179
0.1313029911936625
202.07506094268567
0.50207227200412
9.394287810854022
85.80130463711424
0.46842125701196347
0.6317852561235555
15.874810651866689
0.24394843790957
0.45380439106035575
802.5390986906215
0.5103645851595882
145.80497162850247
4958.207943459334
0.27702244199326564
20.711899634075948
0.3424843049647619
49.84402670619217
62.12417916561791
921.0999686784648
21.046085592984486
86.29851053893196
2.526368481671976
31.971284383411756
90.56417688184256
9.71326800637984
8068.611433469819
5701.797604796585
7973.049235228284
86.52037507229848
997.961175445059
0.44990504638535933
0.41184245801250596
22.928620525942765
5274.56298367851
489.08422857117085
353.8338172723581
0.9961133724816358
3793.697098534072
6990.1269906490215
38.08220804345229
7.43802200254674
530.0890017324924
1263.8933164091882
33.48129182844571
9580.659918013542
248.8983616621192
379.23792008560355
5897.250400077573
23.81303766739459
3673.9435665727483
490.1844571651347
0.18464814205661884
8.704666872431886
830.0016700798252
31.84207982688586
7.427110546127778
40.25545126787321
14.514831661023752
2.084685181490209
31.806886911478426
5.096208303758268
2.185059841588047
23.688289683885433
28.364389230295817
8653.578281417507
8.06920772235333
739.168078034624
3.5122732443163907
2674.8726170784344
196.63904160271971
68.7032948766752
970.7600715747297
253.46796187470144
0.35615478275826473
97.90626460196307
5.101358357774975
0.3162268994321018
771.4857032748079
0.5469061810300451
5.791107662324602
69.23580199192594
3387.5207665926423
21.125394453969548
832.6136196158653
579.4096894247004
969.6504012756174
93.06688655609186
4926.385753741964
6.664166000613214
537.7664691315006
76.24466757403026
250.32826989921998
19.357709900125432
3052.2769427574394
95.64885175123483
70.47832757475895
323.2898498403346
0.3108971276692075
723.9083576888388
80.09672697821925
0.7494814124498781
69.0247703061327
493.4928160324381
95.57165125756248
48.318071127597825
2.967186643651659
5.142874830414219
0.008073803811228908
5.172528827662637
4.305539233705275
2841.4281627310856
736.5183133916496
7427.119202068532
4.847708666772408
197.02336912129635
0.2377307164731982
129.3581465009356
201.08090200489315
1.3805386804291764
5.49158186749626
0.5692261942753987
4.785944071438499
764.8671869493743
87.09004384670972
5.608235129635684
30.296378583892004
1.0509275765517623
94.69288849429758
9258.187916748693
691.0405077511064
6.8168371139433415
4592.887595162823
0.440567405550938
39.31908928709647
366.36274156733884
0.03070719816112044
97.11578029750875
10.73574204490031
5.855533154736346
73.51673290415374
0.7563549299609273
5.0620577530415485
966.059653266634
4.561921397116545
474.30799467796015
459.5136482428015
0.06438608214577324
0.22706545044737436
25.500686634939996
45.341945400970815
0.08668045504878641
84.89785101832025
0.9655627344856437
75.50121639164564
27.47878151390718
0.02550866437521304
9.123070840048117
0.6436739108303503
0.8808484456376294
2.8040448065851
0.9834908465869796
8889.09792744118
4.483360244739605
0.23639017674433938
483.63397469464763
3377.761385503624
4.0788811690569835
4078.3225611846374
812.4555719956603
0.7736887542300289
9.429659774224
51.73482551528377
826.6417651809684
32.45985400485375
0.3696877738746237
0.2187832388228267
34.747376018606744
7.72442628347431
211.0990307107349
9329.09906595035
0.6325115032672425
8801.791441339732
0.49716160161449086
5.965669716747092
0.8175822196591752
61.306241427976694
3.8554015120124205
613.6606111552708
0.7039715413863581
387.98579968783486
29.662459488851432
569.397073265403
4790.692002610709
219.08324276587177
2905.4525587577973
161.88850761908225
730.682803738142
0.42869844353072706
0.02884653821512717
5.959089300093448
2888.3154571335845
2.1717166702605875
8.19084795108793
3598.244881402902
98.90857329918384
6440.373586804043
463.9232062261318
0.7461026297250324
0.6698740386067255
27.93324078687912
4.664036448320914
7052.71489852855
0.126298681604753
3245.13323537976
85.59922300795701
720.5845753038413
0.07672949587429756
0.5916774984948243
582.404506472563
77.89477761329312
27.941439794143786
219.1800435649701
0.4976564989659047
4683.489947573747
8205.732933065621
0.6737893111877795
370.1374657869039
145.39030573733402
41.34266617546083
533.3476799312283
22.928253840288626
72.34166468058906
7485.912675077202
60.98175268335561
1.1688932404872276
644.1408218964514
1.0046955843180683
5158.133338112687
39.77488382721142
6749.391584633548
1629.049963662661
1.4424604702970534
3.3406812123987217
410.58586650393005
8319.753224178408
0.2900023366951454
960.2798332167164
0.6284637753820876
5.513655323617014
82.20854770294343
0.8193282309908767
9.16058506741782
74.42547119739059
7.239522937873177
492.07796486076984
187.11339202456145
805.8983610637043
483.4062448674946
3608.783588842863
1113.591230894916
67.22396410090492
587.5360684174699
98.8268437324467
6.979885952764042
7432.06030766359
0.9528768073262106
442.1310386843562
4.780681539822056
83.83524342107046
0.172599442662686
0.6571361103540906
13.544472873606338
1317.7911471308967
4.776103702809077
92.65583171962008
307.14184687110145
531.5773993617099
18.706257807500194
369.81150814143206
0.6356452439479288
570.035657183746
26.97369399782128
4930.975306523891
0.8443330626827606
7881.429442227479
61.29123444416699
0.7372887809871354
4.063115890223575
83.54538529260837
407.334050417987
4644.332756681295
827.5788452158074
2.0994446486043983
0.4695058601244302
0.9999333698277488
9.46826589480693
6.896691676923664
618.5833919021168
0.45297322360852155
0.4489547234086133
232.81142266068477
6.057053987514923
90.69673829660402
7797.006078298222
58.35753701637984
92.99744033070378
66.80418342902021
30.14617577385622
0.36107491821416926
0.10729268195965658
7.940736600249242
63.94841719551607
0.5116671867487939
7.313998912988496
2.3810552392835915
3.255364608214589
806.3648486186853
127.09163866798845
0.7145893736684161
5547.695015692705
0.31391103150558164
7413.041801779612
7011.724984461089
767.1843472560358
32.412589254152444
0.3593378776198386
563.9119292274894
89.66685836001491
1308.689950431301
4.969591236583782
9119.870431169122
5.1766195381461975
8986.191199054752
8.519840497077958
1.9502056523308875
31.91258399918574
3244.584919507997
1.2665752866400204
0.7837560067481285
0.9090529767200414
39.026215463911996
9.802041452767389
27.743276036511798
4.331211473942709
6.3641512514838
24.62742383475759
0.29528819347422186
930.5971148437101
98.68636102189726
23.932310176769313
431.64001045039936
6.236120673075125
1.505639063431884
0.7362380357400469
47.506171266888245
0.48388801623366895
85.7549380720662
994.3887819702824
3858.5290100975735
5.9525436690087075
340.5695173191617
30.587683882388806
21.945832222144755
0.31765332281474734
9605.534702629611
465.1867594923992
82.09272733973795
6.093572279072169
0.6681639601518641
523.2987923710047
0.6639636646535343
362.30594091989985
229.19127710887076
7414.548989239429
0.5891311120696574
0.6747296970215433
9.3377306225595
0.10864909793944844
219.12320913161122
57.47704996325219
89.53323184093453
0.5924553310363055
2.669716651469971
999.2215517494221
1420.4830142927372
0.13188713320822054
2500.116046444757
28.89582623608802
1347.1130703991619
3624.615100799037
40.342850610286405
81.5978510835909
92.60188637522451
1.3700676494047337
3793.538131155165
729.1624489922348
7.397890951624468
3.9449491839853215
94.4536653275753
75.10787744675407
3.1004043910870838
2.668415230864017
65.77639671858198
66.1182420719579
0.9141133064134781
9956.647414641564
0.7504179041049427
3.1084894330032697
0.7868986501799332
15.590084890592815
170.04977830816804
94.59776431547435
93.90599971413451
432.0165670628249
14.13908546896211
70.62171090945179
7.275334035467155
23.58732488820541
74.09857145601978
0.20432599843928212
0.19410456577615987
0.9518209388644177
0.7210384310269907
5.056395267296865
53.20212267023451
483.2395304369794
0.6089798671341096
733.503754105932
3.8466591381580373
964.9533014969526
9225.76483309169
284.0568786140362
0.5569782441169356
14.77127563162034
14.845023667817546
8252.846305961668
59.07154011529603
2.116267652775905
203.8524395239284
2.8838196344115508
0.6277130028476748
2746.3946441111243
712.5006832356528
45.282536692975675
4.563052203708535
4.122392867847031
462.5296987605639
9346.47895562161
0.08671988509423034
9.135951433053618
1215.3735647319143
7.231867870532049
5.285170007106888
96.35452171162278
1917.5501277738804
9055.604888387295
0.8361344302444794
0.7203771667572175
68.25828446583782
7552.392398976223
5352.687763223218
66.52377726335719
4039.3248779521564
852.7279150229176
11.41525135852387
0.4172716288433995
0.35758583379846176
2.3487885403264332
5.380900846614669
0.018849947813417978
6.041556953492777
42.10128657971617
906.8364684061678
0.40055076018258795
7.105811576032458
0.43283056757011207
904.074750960427
0.3885675394382506
8392.108927320238
3473.7375534428647
26.106776180904
310.9731660582934
6.946933547810197
0.383612889587178
5758.129753700644
88.37262228954742
60.78965464627988
7991.345328913562
0.16969251543836705
8846.968235734974
38.26565223367538
0.5624958509634403
746.2589339629762
380.95178050900734
7.344326107547613
0.8908132802387253
583.8997250433064
99.45282203936837
16.983583425269
0.1295480770171049
0.8628958862520184
239.82297200618186
151.72186047690917
162.50329345167737
196.93694449835397
9925.610906980708
6833.796295711368
447.9888787783617
1334.9566066333284
52.39372733281466
0.8836429237982371
0.2611269653725534
310.16350020615755
0.983975783238975
0.5436713879692745
270.70844531894755
28.373748592629155
0.6805425814142685
0.7681573241523043
0.9431625671044495
950.647968290612
72.01397597940603
253.22894994971935
0.598847144348127
9.197248574735553
4.33579400991928
94.28918048178593
735.3331403779371
33.54179140260115
0.9170709998374966
5002.669717675377
924.8522716996532
2144.681033581002
30.892507562411677
469.4583295402244
468.77837219596586
0.9902711213955665
0.6880765250007786
0.48163392436721875
70.04517084749273
834.5429358253593
28.178829245182524
7.155712423747494
34.31063983352545
5901.4497410970835
292.35369600348747
0.49779120752272765
1.6368417195128915
0.8856865709259387
2.691913618440439
59.29648373434176
635.1916577091826
3985.4778828763824
7002.486156648505
8.706244172155008
2181.3799817874733
0.3616512528411847
2313.2582903701636
825.2490121894385
0.08450153780102665
517.6180573095177
3570.5039024161524
6.180601747036479
19.32049335672198
3.9519345355597126
2029.0821311115226
47.46844085591937
53.333499217476124
9.384678277667701
86.88878780555618
9334.28578392982
277.3217753068128
722.2507928895297
0.6204555882000418
67.22263678701742
0.027595384544692236
6.515653187886846
221.7758636630649
4.597032035824804
0.1954042121062043
4.897499326941686
32.79455102971745
0.8788445288775422
5777.868847815165
9.973369157667843
0.9941585492446612
5796.594157618337
73.39512205547682
0.7134793112008647
32.88724420268634
9978.606122298184
0.5284821799722053
200.07985839587027
0.7740691061076929
923.5527431515758
0.7561239113014553
0.08652582013714527
48.35510012159373
0.1854439545751858
7.6910878066416135
71.93776921488305
7.805452713933767
84.16130382018027
6359.718407156034
8.878951643787618
27.904200308068926
8.612982507668146
0.0840733548302881
49.88636871758845
7.881396096161031
4514.615287462284
1.3439539199138728
15.681490937950604
10.949821872385979
439.301210586183
7.8241790322997415
87.0212383912301
0.14376139888216322
8.296377849342356
203.50426334451853
7.572810861448202
9581.112215249248
25.85108467652102
35.742454429740135
875.5134479725575
15.946647188558416
3478.5109005062077
872.5790070321566
62.67219006451368
4580.776610781901
0.7241734582436048
371.61045412219795
3382.7244137920175
0.23433151763826243
572.767225389036
6729.175700620478
82.09787256728576
1.5533852711913931
1.0388163878841172
71.27187016074735
743.888154134732
7.430026356763735
0.3593643797554832
0.023138542610356416
0.9644963272863352
90.57106668049708
0.15597349123525506
4355.727741827807
7.510377332801447
0.34191777012030267
34.68153796205613
916.2924822244833
53.965158106689856
3.8281479455325162
982.5591933183576
658.5325480475375
0.04853330577773041
0.2728353544751372
2328.749938399225
871.292800841403
1.7537624950821962
9938.070109217406
273.83569729145006
1.6857117673189081
0.40078072835024303
7.343466775779649
685.9630729964229
7.832881743209407
4.274357899784745
0.49574042459251877
0.393490263761599
8351.706288238856
851.9886009327535
995.3310753619193
88.99782633137576
1554.1056358361482
41.76486809418645
0.38034027229673484
7.164610968326657
0.3475763476040309
238.97000961302638
4069.694610935036
7.247689606778225
48.99056381194738
250.131005200397
0.8444274816495855
95.28952318348509
0.6699583888282411
17.499120142174917
0.5030539714780952
6456.920380572646
751.8671047135034
59.163168158323955
0.2588960506002802
4.545449036925304
0.6401407570353073
57.057183336825446
4464.66075314607
5832.711020468786
47.22094336412274
5.203767223417932
50.10499984277794
81.66578470102989
40.23509813031229
0.16878284037859514
0.5354582970874994
4.798849515037583
0.2425183529547097
0.9859024017219735
0.8406887130284402
48.49792632834621
2982.867608877652
8.157258551782897
0.5519899564126063
0.754058857508695
48.7770219333718
409.0323375547815
22.91053205083804
5220.280866306295
580.1442425223362
592.2291987766416
2197.8563611045197
572.5345372926213
31.45705196965197
81.40690135192659
1.8342129472914426
754.1037035105924
1.8110028593808625
3065.246290331559
0.6906761033239994
1315.5411456129784
7.931126058449813
892.0368934902267
45.021249970891056
96.7234661544989
0.8699455694353969
3348.3455120442727
0.920324520915698
7.185986120014913
0.06131768767264456
5.049200406620578
4708.609471434688
0.9393275254411736
0.20017481558087635
77.37038073023875
999.6782265977128
127.81837600481715
888.9797989599386
0.8884761527660419
199.02878133349566
5.47765267151097
96.0291540360254
51.96398773341896
67.10590437910245
74.9446220386828
0.3533927786151895
39.85986784227781
8.804602953456692
2.068450245936404
12.701118091478868
0.8641034097346669
270.3148456003141
1.6186621550523572
5.365019226289985
165.6203550650761
60.1894922385861
555.0814384445735
179.5504414820962
0.8471187581160141
3221.0741806922906
6238.540040334612
0.6905145036099869
757.2921695983315
83.85895595674204
7.906802309829408
757.106943503774
70.77463435334492
5197.972630123378
2.2259477838866513
1.461706202807207
51.866056030563314
59.822539999739924
4466.030736890109
80.75330926907272
70.62202682894669
0.690646145609591
875.0440440704225
935.4678227832887
87.946521031255
2.33184421043278
0.37397906087503485
436.61786054675076
0.8780409270052303
717.7820529753204
7560.956998763651
4.684469309661111
4084.5181946008524
4.748058405842361
0.06529315542484293
17.243145196406495
6588.6764424831135
7.781008771836174
0.24166173840927185
2.1058350618033517
4.445521677348645
38.12706565099481
0.9608901831276784
651.5826063582916
39.43990476378422
5214.454727438865
3.7180601738224905
0.19504226414403503
6340.141243166555
0.9340192115432735
32.05615142500488
5900.7598385733
5.006026095195852
2653.1280156533844
99.09226200320013
484.17006398640336
0.01648161578629903
0.1479154514312896
6133.699781808835
0.8392843959550811
0.4102001716750491
0.9379708391570761
0.3177698014219681
6282.869310913142
5678.217600385113
220.38461264725072
679.3381782833508
0.978676795289156
3529.308210343951
5.708565844103913
0.5488287976299259
6883.5803908793205
5453.530703895349
0.5275687771799941
7.785211742161006
7717.942801822775
8.780740990929878
1.761245189056505
91.94353540118898
0.7258924108200051
0.6973259334105684
98.95967249953799
3.0931967387784933
9422.86037348472
2.573302075416617
0.7241104935428934
0.06557745645422575
915.3980882988553
0.13144999182084416
0.7793003960780865
8.791558126662668
809.6628511358176
6044.346705521972
7104.2436278147925
64.07107663107112
399.7381789014691
92.73145321287728
0.322058400535461
498.7178352887216
13.042825397956804
4050.6939491371863
1.7928966363128318
7587.34533847178
0.5885911224849625
575.5830670626885
559.0430792150885
1.9954230735387268
432.52408250606754
37.84550045426908
117.912334538528
3.4045161940886235
597.4985330627886
98.15768325199411
0.6877546369965959
5637.816746776722
0.5707899621534166
0.5621034316249585
82.622241359203
8.848979068303143
75.55203619453559
0.14104069966572352
3.984651087429727
0.9987246138581107
0.5292085727428268
7.763321092684876
0.4413287233422557
5178.384816193448
113.78713994255108
0.4297647632409095
9880.890525984023
0.6937761308600058
347.74332510888183
9761.212424077185
0.8671846173513854
6.973948869835841
516.7076124571523
62.275548863600505
7870.817920947142
110.75570397036071
9.388618431711029
332.7157569974481
9687.438799382735
98.96045186929533
0.6956239084501319
640.463552794931
0.40296925888501967
90.31445737174194
6773.1199398120425
2.5453271634285346
0.20334849777249464
6.394037992412284
0.7735066280294061
439.07813634158975
350.32987373254775
77.97252957173434
0.047245446081898956
3.494245290539608
0.03879783613560728
3.0688222178222047
9.904243185617656
0.8365202349498763
9265.653257730097
5.584701693166878
9.06284311037141
0.05104222761384003
1.3052267181043031
76.71640308727984
0.8309444558604367
1814.5299385884196
143.23915374798247
33.78405731422114
687.0861722959687
2455.640420296933
3915.049054655192
6.710157929720659
0.14208160772820988
38.84437068842509
5.0155819784177265
3.6996522639179585
0.7059699524439225
7.40353180217308
78.15167811112178
72.91428415017467
0.7354902934664875
0.8913050148681345
48.26297332682805
3433.4140797521295
4.881147218827264
79.30838764683034
68.32844576016582
406.25570637862893
89.99741774648852
856.8720324994491
0.13229179650815892
89.34381736043227
652.6063032959366
805.2183336002581
338.3572764154662
0.343512226265561
400.67192857277803
1.2429828729875614
24.48234858342002
4.740234369576282
90.62368102208946
85.25588930680598
0.13051653903316418
0.5723774393747135
15.172529689225966
875.9490967726412
0.5865458584824268
6.595941539166732
9.246563235756462
0.3215941386144926
34.40217430881758
68.67600201156202
2417.531404311113
666.9783539996187
466.12688799615
365.16606598949994
5215.657577508622
0.5093681626091099
376.3721319647637
9214.705701704417
8208.388200432904
5712.554781867155
561.2755242810398
4631.5992418621245
0.20795209027927752
0.8127271445847244
982.9755990273106
0.6617578955794686
0.11061019965883168
4.913155449926654
87.81340354411822
0.4574456428011088
2390.5911620287648
0.15882940613665275
921.143024830481
84.10466801134649
13.570541881737952
967.0694808892346
16.792935561770616
0.8747105396806769
0.2925234635669507
9.20530296931218
0.7949624823356123
6.1871227667432285
801.7176678025842
0.9872279269352688
6.314966733875745
8.408530174639761
895.2960813573818
40.19031570879723
934.4399936792214
7789.121252303379
681.9979813248441
44.36264298854864
76.72704223508482
641.5967995379116
6346.351641726124
8195.404778601169
8073.151615838618
436.78682746958384
89.7234556372197
582.6435203406899
1.2466239689780079
63.06698229323358
636.2709286601392
7.269651175369106
2559.75663577909
9.219015768961684
303.1339791242238
407.030288103303
60.59481449886576
3.0677643542886535
0.6977314654054825
733.3882265111813
68.87535572224299
7.511408305326212
4.0086697249330445
0.4137849585947284
671.4399386579846
7.8822299452725755
2.8976281202994727
93.22444718503198
63.0088329545038
2.6546824783254563
45.80101307876211
2169.1278242350054
9512.334904682912
9843.150063974797
2999.21403747743
16.14596239754088
0.39091595041782057
45.678883539150405
498.05009716729256
4.645949416937022
0.68495375792423
38.79759103965822
331.20277687074815
74.20857152668314
882.9350569024136
0.044593663421111485
6.476136108080803
357.91694049951315
0.12332741225528043
2.956677631502387
8890.022442624973
7.984133708681085
9246.480988400483
0.07709326445528708
84.86498688018244
4901.7820904107175
1528.7860937625264
73.81393606480668
746.411299684508
339.0810245093043
6.950644294191842
88.38492011286304
3413.362676494357
0.5050637491434062
0.051221206886333026
3881.9216545217814
611.7974404979975
2524.848012355452
684.7003889527163
9485.866295862625
27.95638234309856
3.9569072081305046
389.57912628075906
0.7342105117611312
0.11567287192189457
97.64203076367795
993.232895885225
523.8488411499739
54.47046674219003
8247.306356614617
768.2877678505813
2855.532415542601
93.14631803256452
478.7456658996135
2536.1769025111503
89.98381800542734
4.490897610357488
22.54158329256013
67.80482345292054
583.7613004204718
6.1592065028342855
0.2648407867389232
9310.877789319582
4114.630726119327
40.71095851136245
88.37501786452073
807.7084655787974
3.894833254092741
9677.052120493907
380.95941956611256
29.250664112226076
0.9671079559691835
508.4934691825299
8214.684410147436
888.705592999112
839.3339337061476
19.72534566088019
87.33903077590412
0.6112512092587269
0.08022754549608879
635.3481070471775
2.5715180614356803
0.3269062429946279
0.9890945221088862
300.27148312910236
153.35424482347827
29.785174414891824
82.29666015505622
89.9568544691185
149.3728107111625
0.9129463362674497
0.20710650095549898
3.413449356660987
3662.9562668417116
0.4254094779355685
7691.558377179572
0.4721632672634909
7927.984522026616
0.6176271949664708
0.8052860394226794
7.434354991069471
0.7450829040583832
25.215085808941495
21.771777011574144
723.6550064315932
42.17613442010582
80.26658244391187
84.58206680034385
2.3685327264928002
4766.461888040383
38.61103064780643
0.6298569866205045
9874.088555556238
935.3058711049658
0.6604331054643834
5441.897571366026
3.1593473695026653
453.0987742807647
0.9792782681095069
1.6096835766436846
6070.1074414203395
2.7669341489634514
0.39013205171423126
0.4885849559351638
0.5288798955950084
46.93868697369593
0.20671044562214624
472.0173284762935
27.497527741005467
0.37869828516662785
4512.941718044018
7288.82259509144
637.6130401085926
406.8987981926072
0.002194655818445357
2.860341021316196
0.11878215160545813
4303.799935217312
98.03460908164303
85.74510011042071
994.7279858114671
2652.776519498752
6.620661628042761
5.698243816530654
280.0887567679452
27.468377425709846
0.05176310026872155
130.94683722881584
9.431490886071959
0.5641889064016465
0.0728142630631946
6130.707895402604
0.5302832284709431
5.013966106216815
21.705782735646018
0.6193475038784767
4.665884570153299
95.9221212047584
8.60832890729954
0.979018506026978
8.968173907821011
0.40522493610225774
5800.394817965967
61.23075222593434
7.259896997775246
8430.741958877132
0.31619857902129966
8.09538837858906
33.16712810606182
7.838798232215687
564.5339273637424
0.07451826268414974
4745.969995398669
93.48721996719482
5935.485128623408
47.95064989754441
930.8804457345481
0.44793509787654884
85.76187415498117
325.46504485774955
9.48558581389571
4.433077672434349
18.98912981976999
17.514268432841973
647.000773150991
0.3193081008225983
4925.498065758298
0.8267156180453956
9.555322969505593
8894.255634993211
95.5110883372532
416.5362045075793
6.556864988863365
9860.16168479685
3727.2731048966148
140.3029399963429
5.057305430603146
603.7285055335695
709.7280758436555
65.76339660653916
895.4310741530277
9487.46684798908
0.9263984262175339
0.08970906737217033
4232.146545885952
193.1600860068894
0.4259240890595475
0.07331692267389966
0.9963453950107505
0.7728014859230385
569.8020471033183
2282.3985822075597
1.6385185213169995
40.70613479441497
0.6979050812109192
495.32660347183753
4545.38035059316
5.446638169825904
990.3055880706975
0.9623724852087364
0.04859250673256532
3176.6172999776377
897.4358126159865
0.0856582616905236
663.9471594779977
0.26881909106178825
0.23562647456231167
2753.853405196537
340.34951933706645
273.4617300646325
7.103472005520651
9183.310181114035
482.8615863202421
61.482940793049664
5542.416744924352
6199.483827302655
0.580379160063027
989.7937179258909
2.187724994383664
3258.289882795692
9.27728248438121
23.547689093745493
0.36401942691063993
1.1581790748241771
0.8901779594806416
198.0477176141935
13.544107432345708
791.4922707381155
0.4375072245830903
0.24441455516856148
6728.017681392782
6.298928122471526
0.058931756684534986
0.8745466404260885
306.97326679866774
0.815701415792518
4.264099094454487
33.910193749063986
911.0857172506215
0.5712025920724717
0.6015564992003999
0.3131449096153286
129.34014830495033
0.8002429416090415
0.213340684791815
0.27200698221042097
1.1313071420026255
4401.552496205922
539.9973868823657
600.2706286741478
231.51386780438477
5667.575502041465
15.465456862499638
269.9537506711991
0.38146874446970735
2.820208541323016
0.32072026747367033
39.9708277033784
3380.306232765857
221.43750040543853
25.496655563480964
4.804837608734475
6063.740386593175
5.3875396407790666
0.21812811420438905
63.800868221857385
0.2254326554203706
0.09227317152824288
6917.167140025536
444.18957837184956
4.5869095373694915
0.31549724969469684
7013.726904789197
51.75949922956804
0.021401199885339395
0.04783844935733528
736.6940129355115
7193.327698516744
863.1817254476183
599.9811738893129
93.54397302543569
0.6811629747189937
0.1064265067967648
1.6657167941681272
37.08154948916863
7999.067305781886
2030.2239745440177
32.25969943809813
4.76118675277744
0.6558494229577974
54.52748759704998
86.1041594758493
6.7289895704078795
1766.1202397623465
861.6711894071816
0.3713337242410628
94.12845679826034
4.600234525613627
67.40438241687322
7240.200705520859
5.219876964615452
0.13823922326157145
351.3933758163825
6.183475386443411
52.96296508934195
0.26702142234100956
167.94931622785347
0.0550257125830218
6.711293861587353
0.9093967571684968
7394.922444731557
98.3180315256443
5707.806129240121
27.694342233155023
5.830152417349886
530.4125057162429
0.664614647397445
115.94089665816453
0.7736112162239742
6.675872544598515
30.85290554253576
7222.731336505109
862.028652812972
6.470212724557368
217.33925531877318
0.5407864083701677
68.50608992530161
0.5841848277466634
62.96773134999442
5.792812439445133
0.5833479919122021
0.1790736967766391
71.08641470808618
1.2426458928695694
0.4826366429582196
83.3007893700831
1.8990900500830987
83.95695767971742
27.995993536858055
6036.619954060213
9606.320865138197
771.4939714183666
8748.772641064888
210.97402024261814
9694.647964533657
1.2637311329956102
674.471553852549
35.26677643307641
0.755325040024501
2.8328366052164125
493.1416918014672
56.281664880227375
45.424171932890545
0.8008225207140849
9122.577619706039
172.1324754796969
56.26215257079692
0.08781775247247525
0.2713023769679789
8921.567449451348
1.1149508588751866
84.21722275348861
0.8424201572180362
908.2139532814864
9789.788917816246
4878.249494142091
0.6199754386877178
73.58875521654163
7.250802239924891
342.50614707114346
65.72286618655552
1.1896784012368578
174.58062469586432
284.4350838816401
74.27299656725653
8.31992952326641
87.27123450347403
0.667265762120302
9.049497589568
0.9349163116481629
6313.13795925314
2.849418078013495
782.2514235772248
27.849226777985237
5.590987224786667
0.44057042164028926
477.4689114377247
342.2666736949941
9167.314632399459
71.674962584254
0.8058105612761687
0.8186210300044747
579.40470162754
307.5622959253248
56.08935687764719
7290.87197028295
1407.3943780206332
0.08401791283619253
0.6272015484574993
0.5591591346043723
0.49951314718365003
727.2073623433505
0.8224689648811041
6328.681039492199
0.10979996478752474
0.1685678242464269
15.418196454273335
528.0473780975735
121.42073509352514
99.16636936749723
0.7883730060656974
1.6134101444607984
7682.049817238991
5762.232555279998
4.5068769588904845
0.7184169079143988
0.7122346720553109
612.2850086716743
50.30187951614374
22.434466790163388
99.10377150212611
6996.291997980284
4429.55616462195
0.9300125080778041
6.601597633563988
0.6013760857428967
0.6916862877208836
4776.515989978831
6314.074837563087
7972.465838810482
616.8126612104592
68.61044708647273
405.9049633065347
612.3169797009207
638.7224126119816
92.09714400981326
4.548697779220622
571.4755198368448
1.3802285661503277
9902.243558633832
811.4687866547727
5.7768888434233245
405.93825037881993
0.02166205867499882
34.993704886069565
0.1095169499223646
8.631080491835863
0.7952153702953775
0.2678264558603871
0.1515314899741973
2.607837095362017
678.0844326627373
0.7026255332183001
6.290655892526144
12.022393555823395
5536.220043343085
13.543663118544702
38.14130452328238
354.08407856365477
899.2026660736374
2.426670685212302
9622.983175385343
536.9080526543565
0.892522953089184
110.93254362468208
0.33726452715136135
8978.987079893439
609.6738604445416
57.73196975103105
83.901008689934
0.060456369162143475
7593.69216100532
1.7195128091394474
763.7802326289109
52.580171201387735
8161.736798964221
26.377462124478612
0.883008206571675
890.4760762739533
143.87820227232507
77.14144891909159
0.3737640812936437
0.2284932742525584
0.510151149904925
5.738716129123907
0.8989729136406502
819.9421918261384
0.9022180642354618
3808.6770275722915
0.3617865724865772
709.490756156016
170.52566245377542
43.70899527468948
61.77699623393428
94.45386603607497
70.83176217191806
3.0494145222770266
5.703167448477775
0.21452133124947115
8.642769368700234
13.915574919912178
798.8610391654062
582.6367412499343
93.13031770099005
37.502845209587896
686.6565238083077
797.6652757154272
329.5680334664042
3372.7675045456863
7365.568007396728
306.5687582551189
0.8801357816086057
510.1222913239229
14.529761717604917
0.8833597276786939
9385.230357466024
9.224031586505344
2263.09427187407
5.6580510050379225
5.9874572727405875
9.95112483427535
311.2976430534566
80.97775566592024
2977.8431119648762
9.666816796382605
3.569085351079282
4753.297342013481
0.12718250687447696
9777.688353592046
901.2897329395593
11.903504235664364
2.2088595944038647
9.235023313046401
0.02589731201155243
0.5509382472599008
6.680300692448786
34.01865156468366
3.945423097020815
840.5280960090736
4664.528620937478
49.11073727852266
0.17043441022323913
893.2593575630619
0.9103395835818524
316.33759123307505
82.7528404966453
927.3738542902818
22.958776886506715
0.9142989772363301
762.0358835387171
0.7485537019165152
332.39517393891117
3483.87573532193
9134.703371474518
0.5362841618046914
4.748032462485538
0.09775304955305719
2022.489291709826
0.5206428635273548
27.363312833543908
7182.937364334742
0.09793661432962342
2019.1611762867624
7.337846986086878
7784.449411622465
6779.709230668245
624.3240069986405
187.2593368601828
387.6549438150878
899.9738233303464
0.42762725708626603
0.15778639321556764
323.37782430075447
9.08767847097151
1.0256196936374995
770.8603555065218
1497.060124445323
0.6619475868773327
0.3390821388518317
729.6778839097087
427.4017445649866
620.7369498237986
1913.654717529214
836.3359633603368
766.5540995224418
497.5682534697695
2.1211215263338246
6.268254293708543
15.217224989246924
6.551942785305322
5622.238710001506
3897.6236368719096
2052.568527213479
581.8924848551044
0.10604479741757045
8.366391367817428
0.21252283777756942
329.25841591561965
0.7643873920166426
0.5379066751897142
0.3271874018845303
348.8786371216628
435.1953331020897
275.6624914337532
832.9755596018721
0.4110601831684373
473.65498766598245
5.802395768084043
74.3278581460659
7211.048335114181
13.39224021062292
8292.210250140613
3.253303723637625
6.1109722079253075
0.2017802218133945
408.79235811439986
3488.4421567188538
470.1880020059752
0.25474676981178235
182.77814205480757
6977.005187397241
8356.011903296378
897.4624719980637
1869.55509468393
2.191509525117837
0.5056116843244913
224.88200500707555
991.9717815020587
8.110395919976428
34.37405870725462
734.973040141099
0.8009700357909209
53.913417956531596
9153.871990549173
762.7531362390943
7.754307333865917
0.21187396192597918
37.440147858344154
4.776128106877207
372.1777461574478
132.54748995933707
933.5111316447019
7659.547849079951
8221.011927332687
39.956501837333036
4123.718980149843
0.23396321078886784
5.740601234703206
0.8578590255707916
0.045741356765728325
79.59327238331178
551.197735390396
55.92987293006235
3.1360550909404603
723.0329037966984
8303.65551255432
36.690514280099194
8731.100055716715
0.27406601310065737
0.47828776155856356
885.6246860308547
8.759965075694025
954.9134930162096
50.568896026415175
0.8676640687319264
3.0488602495347483
0.30256201315920406
8.249293292417885
0.47370350903261715
574.6046439143021
6.849229508241763
5305.389990874917
5170.357005753923
0.6431738141803885
55.40730026296653
6758.353767448183
0.8153833684912591
95.49219894366662
4.73363415113369
7.568262085405774
886.4630058351668
6.716270527040045
0.5602276310261157
0.7831145380544452
10.840271810462454
840.9929174390184
67.89804651645727
3.389094196210505
0.6677778191207959
263.16770865393613
201.83729701429155
6.771774125754709
84.81574202517415
6.130724424439206
3.086027106611432
587.1326638508099
18.38540789239729
17.387096242376852
4295.976085617113
1233.9005297258432
724.3210076075035
5.4495562490587925
7490.189914693294
5.812259908585791
7559.828476935811
0.9508513467241373
19.59402237610959
1.1751015009617727
1997.7404524439391
6.870001196790562
965.4509624807498
2.6503439980090593
0.3848808993986519
77.53439606636438
9.095686335293928
768.3229618109496
7.272105573251154
6.092639533102787
56.76967351929443
4.665749861335161
0.23878162772279898
859.2895315675642
362.0752730405875
1.2799024987258234
8760.868608024286
6728.610377766719
9.330672526512473
55.948991608770335
959.8432561006429
646.5101395005146
88.91088989134464
0.8799762184430056
54.05724776498467
0.7149341656992414
81.42822543470258
421.7025822420992
5261.677985013914
2.4881838690670897
0.8819791873563845
9828.839638655592
2864.3136737987707
3873.116904547013
0.8656520367963334
9.066847395222867
5180.430345259352
34.72851409195034
0.6964859591241135
0.057634260850391916
88.39523800417363
0.6510223551060659
98.47303473509939
0.46383372320764216
8072.250931237416
0.7889738419771706
6749.487419553819
878.0539810167421
9493.348888681729
1.0500383027545557
2551.2896577329
7.099696605348383
3400.7237815688695
46.23334329880091
54.23514384254794
1.3409020640519487
49.01315590300959
0.6909437390342539
5.839287670400905
8.516416950574989
27.815723638440947
402.9102495538961
74.6943672000347
2.0423607214773796
77.27810781727645
5.902675517102818
719.974216993815
8.724242928108401
46.7393391627969
0.8000334802584455
0.4748192912547552
0.19163583314675725
11.110885677711313
7.772885762412286
0.6381051923682185
1014.3577374756585
6.78893892648174
756.272050186797
0.07568453229293637
35.22567232834817
11.96593481380772
598.5873785022592
8.0868219954601
2426.854895370829
4.812995701564905
1264.4826028709444
5709.0879795365645
0.30212972291243645
30.267737358915348
0.24189556404313572
766.272855409947
256.9120852557616
7.04865267159212
0.10311691523770206
6.728650261746587
0.4297271442423358
0.6037159686609583
6256.17642953222
19.592665660350704
757.5786711667657
5055.878988237576
0.9604975709315993
8.343435268504862
9.770441030334121
1941.1884214249487
65.97826694099102
67.86714021304144
0.970723543686943
6.958637640510716
7983.568736735844
0.9942952347877761
434.30731484134066
8.384261853030166
86.79160057668093
5363.9477529793985
8202.303084124887
0.9739192693594034
253.58279845688725
5063.58922139139
6691.042061756434
58.065417808696516
42.29175395149195
3.118074434296086
2242.3511398402084
850.5636201066285
0.6046020531558196
4.159711350445805
8123.5531676753535
0.9030643681685618
323.10538763452234
6.866877156160167
5.623783747887058
0.7304904563398396
4.07293622198075
0.23696105750986352
34.876760729167344
1233.8885568735059
0.022212139962729527
406.47688104094357
0.905772430996794
1.294615721420097
5761.186417202975
17.993708110529738
704.2647164415483
5.550717640434942
3040.446561959361
383.1900029811138
27.717978385685182
231.57401116788222
93.14447790381296
83.22750792231443
7.363104960999941
9.273542344709565
0.6653783232552837
95.50634324476621
540.1272569563555
5.162116309857478
34.151362430726884
438.1125084645876
870.8843192590563
3154.1950814077913
0.07805664928020406
0.03383900429897446
8.406313352025352
0.5880945172152364
0.9738802851388879
0.47134924273217393
32.85543333513324
61.89135903473865
6442.364725836324
0.6442668481111592
1.8288481907013232
0.24314447079612733
89.12542787844433
7442.528912164285
59.46202243886546
7916.596234678791
3.740085171164944
499.1745978205844
22.633348497987804
1475.033056706969
0.657930973868873
725.087255499608
85.83880065454625
2.9630327983791505
9.980512279705781
5086.834295342473
512.1347264723374
5.502890810925595
2315.657649117512
89.56472651185327
0.7843744065391194
613.2520601143909
7.046417563544173
3.82866770032142
15.719577031103837
76.37531326462602
0.44406083119588047
72.18866474285576
90.39849626757
0.9675212502839144
68.06181851950998
243.8311252883688
59.47234135389915
255.35567662340185
28.424698654031644
822.0903503973603
809.9094280946975
61.66991428762959
4.614750049335738
0.8775430119162836
84.25694575675561
34.008171622186524
3.3269992647535274
8.334167076800568
182.70148910565663
91.23723403472579
668.6981706537316
284.79214922280414
144.01084444882162
5.579326313460957
9477.259600204228
55.36816318890999
3.80152467066036
6.713700146250506
38.862311898713074
4.1018736189002505
235.02592098953656
74.93427053461342
464.44105089745
81.36146055110865
6009.250618517655
0.77846445886204
2367.9925759207254
739.6816679733171
2227.0281216279254
242.1867226865344
481.66523395793956
2.057657721927079
59.96679194568505
984.0389493390976
3.5429712558438653
9303.34444106231
3182.183999255621
0.1000590824406381
0.7620214385160266
58.72901745236403
2.5247140378338906
955.7506971933
151.65841669757452
383.6054729764342
38.516183502715286
3.017044940567224
74.35463379858675
407.1418967936934
989.4937204260582
0.9926244507049801
58.15552507571034
0.39430287021800803
10.223896376629016
57.43280229389307
4788.444220794558
6.224730768564779
986.4573810098805
1678.9124318440506
0.7557226618199662
0.8281078785728914
0.5019621225364826
663.2931533018176
31.910798447256163
24.621365467866095
19.283937161120456
223.2885746634965
0.47937637149237
1980.7415775048253
28.599095259109085
34.23611793963297
0.3918802198005522
5.3625666746273115
791.3592640426473
4.604180419811398
64.22478774933565
16.621569933508272
5643.1771155896295
57.90229674371356
492.3492416941219
3020.8242703151
830.579779282087
0.3779817367771443
348.3021532431264
0.5185569437023051
0.5478735241962873
79.62735607990349
8.970450413431012
844.9748088907089
6156.7461947758975
5067.386339667554
912.7022840772854
0.14283516218598546
15.043116535866996
5.913448314660844
781.8861965784348
30.382042495955407
29.669028329453727
86.98561058269335
77.72083716432836
592.5418988752382
0.6964374547627292
0.6730507217972638
0.15520361770277624
2.359497206662984
45.560499745304305
9409.845305149442
5.754890647862271
571.7156496090287
111.02998426695221
5518.471454476572
7.864824459637404
4.022279257876338
0.8882661525761186
9.441289030860512
0.8343777291404586
954.7167671939573
984.4368672037436
47.7158712723725
8685.704154245212
0.6744871473358447
0.04330924132792924
0.6821424321134704
2.7471139115176957
0.48226237611953693
7.10792469538279
0.4136075269757219
288.12650632425095
0.9755259576869857
1500.6099304124787
380.75615817390553
4173.189574287652
605.6378865438783
82.13999067710213
25.41345694856425
882.4922861781629
0.5835335164895659
662.2999316176066
17.201860427936
5.678020265094056
719.5138117873103
3.2972033266290026
325.9755910394969
5277.73275596961
117.8640943026137
23.907087063569488
841.1718909644878
6462.140252600166
0.7652115942976048
8.628601837911043
0.769688967277716
5.389344576288602
529.2361841011308
7.757542218903584
2307.567732995929
0.5044669597220566
9.38603074516
2.0000313743431395
833.0952206360088
88.5916454636215
7064.269110164857
7399.925588428518
8.88571731695524
3541.915185380541
0.7746814828877632
8.420347387540817
56.20873818654065
33.685587131293616
5.332373013462151
0.4882837558463322
7.4295302690149505
76.35784052115547
1.4296556133254024
6.136394626952807
0.03549742354698848
7.29554696926733
83.53731774351587
3.9672275405718818
97.39316298010647
0.21854890381650005
9174.316733231153
366.00920689825745
1.2121831966603147
3547.7678994941366
42.15453777176826
79.89210092105594
115.3231215438294
1.190668132518371
5761.164890664237
907.3946505003547
0.41901982773804725
897.157612421896
0.9620210950806988
50.13598215601009
0.42593178699541734
65.63416767267957
3144.625751675518
2391.981988865419
27.035128366894888
1641.6396615626604
601.4568573187499
86.84738474365766
900.8199466310433
6377.366909284158
61.736227916338784
39.70092590576686
46.20818065527226
0.6958876774194032
800.3404587501524
883.0778246011041
7.474914245317743
88.36812783333262
517.0399017877944
9.13203328768357
5568.629717772745
0.6495922978089266
26.530914211176636
175.63353335114863
0.32228206929028047
2214.3497479543926
0.8389820753010325
4.609813879725269
5.498223286851559
737.3934418313432
31.054473675007888
2.6850786232148782
0.6819531242096257
0.7051211155254601
1821.963955920536
6764.614812234643
7243.182770173774
0.11140918146416579
2.0978068338388667
4005.8862169514164
0.3610974071191564
43.33692936142653
6276.791122339873
74.2250534654225
572.1278968340641
5.535769608154613
5.243764587535617
3359.802538588208
0.21859765430756806
0.6819917217926865
544.841112993418
3.875264927811133
0.5023692528632806
83.53668170153871
1.5089248411068368
8.863434404334082
1.5088057121409948
79.28179297616047
0.28109436036538826
0.1673218401398946
6601.505354368093
1.4305037315005487
502.0904860395452
0.8503956178110246
847.2641901231906
76.65754642087941
0.037419694101390455
9867.78151436806
571.8621545445434
694.9753247156792
0.975310107699032
6847.539095890636
95.52452159574723
372.1937223509142
64.57442881587903
14.778579354177701
5.213018552302529
1048.7951152289954
89.85298264701188
0.9801540583316004
0.10393903708690899
3.3415843703832895
6.789547280387421
0.21614729307218616
8.920068056257247
1831.5890942354317
3.212413602658591
95.07481673645951
49.5799764038294
65.93858386542664
8691.215665262207
66.2403046572999
75.65575756174918
0.07849652997926315
3640.326691875635
0.7245229002782496
451.63187949794934
18.860390878246513
0.08714782001359611
9.652855722520032
634.0747666020746
48.08461900928973
0.2800988717278381
9.744619836891644
0.9057973627705618
0.6914748403274741
0.014092489678463549
0.642673030518659
5033.5357045408455
0.5102039967609127
23.55810377473465
8.84920097874794
740.4303600371429
1023.8974303788917
340.0256068274057
1892.5859426175052
984.8488277849802
96.53684845810797
251.30234283221031
5.9245118341594205
0.7911391446356524
6.174219555212633
45.222179582416935
0.068897483047211
668.1126500433538
0.06130394341914702
4183.711790050593
12.25765203707141
2.068103747085732
51.13584706229636
580.7730187001147
3234.854898369096
1.8636962061947726
35.19076631079587
8558.398906375269
6699.320657026674
3.6976446793861317
649.1503710983656
0.5546935635663086
0.3714758722174992
9678.493983792656
20.095174089137192
0.38358782390438484
6864.243141070498
0.9832729663125521
436.8358973187365
92.37031788212997
0.047900674146051814
0.5434310996668135
325.1601983128047
4.890877604817937
45.38312989978124
1.8715455749677534
731.2934578018821
0.5592992677253289
575.4971872507796
36.01507176189421
15.892154730843943
902.3313764923147
1.5477656950269303
2914.822683430349
266.37263060588424
78.99950725482206
847.0179178151814
0.09648845415891771
29.629041936182375
55.40592473478265
5.439830430885814
0.8200757341625279
9.539649673368602
0.13110591440385588
9.283417651897159
6221.408985324787
4.513151995934982
6.845078703360623
3.9612100586644914
5.111537473434165
3408.4917045645334
0.3044795466140876
0.6696632914414266
852.9352451246574
6.567669730842052
73.1064487618153
46.37989932124934
9259.785399844397
5.8433505160864545
3.3002975690627343
951.1833889830998
40.59222637502644
943.3661229896251
90.06796331646754
7.191421834078582
7714.365811421724
6.130126692846282
47.37809194424981
53.39172366965338
45.9838427803265
741.298864953411
205.53083614963808
646.0926539555032
4018.970548487004
4275.378729785204
19.759971412846244
9.398912150522323
382.2865603806269
6.754766529910158
4512.707209585756
0.6936302110943652
9105.142561048131
46.542161225995194
2700.9147541055167
438.6671651507427
5.5554684949159014
2.6316909166817504
6764.466910241051
2.17544682375752
0.41191922922666235
47.48608506629378
5501.064852764586
5769.795224442769
11.47301670450852
593.4776804097661
4990.697939157648
8792.13140114925
42.69247475695844
970.2044875400826
5839.143726089349
681.4434151184537
3373.0492387319186
5.947072683370774
5353.378622685782
5.103257958340234
0.06533126427258895
3572.86505917658
2.8262746945369432
23.130706377825284
3118.49392563434
383.21696614155854
461.2067600755272
88.62256607004429
1.8512041281769442
2.686086152291681
625.4543516272234
13.381780542075072
12.83693632998344
9.328296176999155
0.3465315566982322
99.00011832058266
465.16275114946734
74.7621404068319
85.7649912933696
9.137711977165763
66.18876998735563
1.6749011319125306
0.06281241687169947
580.0002633096561
0.3258817321153117
0.3414666502835878
92.66204561716339
96.28424578597966
6006.91559029836
57.676344355428675
2974.6461422181915
6.568627384059502
3063.985991780095
970.9928167038728
96.74927523284438
74.69560037883085
54.40340870153025
747.2780986119853
552.4586211607873
78.19847078071109
9877.572633814052
53.057193613530984
88.43959592963907
6.397072235866519
1958.3832753259412
6607.024817296282
1.2143949994197978
6.264958502299404
9.094962692866469
20.909731800459873
0.07909806387994556
62.93231396556099
6303.6899593825
0.7994782453484185
90.91919385529272
258.66489822727124
48.31521897230262
2.534514056196815
71.34619758321193
786.8504522656177
31.362945782658315
360.2475098113532
65.8467781849566
27.175129715479727
5.858248076062943
8406.507899724314
29.840529442986885
70.3781247308227
0.025321033329745557
84.98607224241461
1205.5867558475252
64.40736335209164
5.764019508715181
0.4548423061282557
1924.4374287158128
51.686774597827664
421.9919150147481
5567.823107016508
0.5681668059684223
0.20176408252705735
7140.906385636207
92.74078659109996
63.91821772309125
747.6803351570227
0.7767712851656314
0.32017545439342543
5.29102281273466
3.0647507535989704
1.9590696053300938
6744.3497928744455
2099.97168924575
4.134125436347722
0.30701250581013695
5994.930349327212
9.144990270350652
7523.763057016156
466.3735370058556
610.0782605898656
2660.5905655855154
3212.1604925773763
35.57466042804428
545.18256547114
6.317330327368954
6152.721936041198
1.474620799583648
7934.0232486792775
4.304783160241444
9.84126524363258
0.27574646151736304
837.2459284751052
19.913414029584796
349.93165359532554
0.07963189772250046
539.3747434180748
5328.525762454188
63.52549458214219
723.3271822575612
0.5697213588068639
770.9113830011853
8.383998952982905
25.346720552257995
39.4399234502371
0.9212499590196855
576.6137866923812
22.57444768825845
6.522813379315174
609.7050073409208
1.2469675474648068
0.6404008457297405
0.7019742349843096
88.95114830243722
93.4832768202637
2998.3892166019186
8.03450374333264
75.22447942672166
0.6803830340633965
15.850893798718035
42.490467312584
215.5711868372756
51.234624712929154
34.38294591380551
323.25763635516
6.719233725684322
51.4081228509127
419.4962921272659
23.511342290171278
8861.02682802545
0.8132170917632848
2.772209796378955
0.9050307709696823
9466.584584789718
8.51558031582643
8455.18318667411
2108.805647308387
7.9504739465575955
32.26177239291754
82.63876623619011
22.98947444699857
8.671620058910381
0.8076226305512825
456.1885709405479
81.29275517202603
389.3079006489707
4766.445572112363
7943.566711739109
0.6411859390313598
8.932564170996152
0.334352424326833
948.2074636543405
7.165442363701312
1.8489732111055202
887.3991675353137
0.8256213537105127
3.7397981699429694
1005.4768135491155
9773.34814969425
954.3622941050462
56.14195370068805
21.59900300091081
978.3698153769578
135.2217606913786
5.25907809456629
0.4525962167329439
9.951949294005884
233.1392921042056
0.9293015086171527
9843.569043563626
22.043839446348855
0.571698106648064
4.163067460204375
276.1276057092907
0.3386440431699932
7.587582985483314
5.17449771347264
0.6945035905686339
3.3839712184095494
72.80841468995668
5921.93196740397
259.960161589078
717.3909631256531
0.7606121920778823
0.5409467864849138
414.4932280660527
2961.2300249733635
1.7566050284470036
0.5738513439863613
8.10353769705549
7.384554637269929
2729.739473103837
3272.778266900038
89.30228442349285
0.5780591851899155
0.25065439466339434
197.67420050710328
857.3158576638311
0.1941055553094415
34.47747587696014
14.248319586892533
7.104086588911509
20.066909357230934
350.054190991834
4772.057329517736
25.83792267060011
0.7935523529238843
0.3308016285427696
5.110219743062182
2.5349366240294344
925.1243386974098
778.3079981589394
7708.02330605531
21.34225318203259
8.118498121119575
9.459180875060074
8603.828611226441
969.7491643205113
75.42146496030054
0.8078531757165941
37.96777406130113
37.46128518312305
50.95459278791187
9714.693769465544
291.83724300363923
6.760098941442694
28.648291326342957
933.3336118639861
0.2787242289497187
9970.584295358687
32.40890915334344
3.7253168312256446
61.12037698041875
2388.080762165553
2.656565229107375
3810.067560633428
5103.010295512314
0.053434055581033535
93.92903319578504
803.165368704265
8.737929630165272
33.070172666531406
4.801736421170925
0.5631744370120315
49.667239229811734
36.78888614410506
4.878580934791527
0.0640558264563742
39.40559300561992
0.6792729317832186
451.96415776944565
344.9212550773053
76.20005496124254
4.437977567721585
1.6310182336917445
836.4249090310045
0.9951896164694999
0.37827568043989146
0.765707090068638
7474.431828936944
882.3186916623904
2844.8696123258364
2.1589002357385976
5629.1517911386345
29.44955781162918
9.436511263456659
3140.403340839943
227.4900262880567
0.9977100177582232
0.028022873746027188
0.09141068899153382
8263.78426659738
0.9310528931031204
4044.454896061621
36.28406143990739
7813.350810368538
15.719994361718593
0.2704661755279535
0.19128132618165106
74.58081335453052
0.3384108930310381
3857.993499139867
0.3775691116531146
0.09974105136255007
397.5133038939347
19.775245432849587
42.39070253677245
667.4680489084807
14.21600458408534
411.35690391497616
69.10746060820215
2500.0288259444683
8.280576481446646
7.872416342739238
4.206797414249294
6430.824845003927
7065.592449319467
307.2007459761172
4610.191316760349
7296.210269451481
9.517660410174091
0.15744927944956078
0.8188092470108566
50.693719123644144
17.414676049604306
89.86563146467766
767.1259460362539
88.62668227247616
753.1368941462098
6.373765042213048
49.56706405089505
0.9107461500172245
6.269324516284658
50.129066169959025
96.30550086191325
0.5507965298620631
0.43299380842099644
1.8868844426070674
698.0674842836376
0.4776371584820106
0.8748215801972304
15.229786874615813
49.72714547041734
0.1574773946116793
0.8288259764070333
0.6015590878744076
126.30587284432492
672.5413154647479
3.9626559908869554
0.26019283064142906
0.6809641279841367
8844.856970206438
0.19167419988706202
9.27143328220534
22.957458124243036
0.0486694649118935
24.64117955989279
7406.004579118629
0.6318733136453517
0.849015803110221
524.5595934856162
580.3168195028425
747.8499362206277
901.9844162203832
0.2406386248895871
246.07834594020295
46.956594329278026
0.96875183734315
0.5007635933633272
2.790006690477057
0.6881088452798453
0.05544502386152139
6.323394393279721
0.4984558573062119
9458.94706681352
60.30292694366861
522.2359563618143
68.07026113889172
2908.093299441573
2.765253938222992
62.10704841084701
4.117136122256677
0.7547553488171551
1165.5426662317236
1.1605970668614385
0.7682736234556307
0.44270790388547554
0.8217666703188786
0.4921572941012361
5.471163292612454
7.348997137852039
0.47508226475288484
0.3447769239535996
0.4826925512382533
42.98229218887204
545.058307270041
1440.7228583632482
0.33858846147788346
7.301437239961902
45.635488761500135
4237.423141877387
2.0606264552375366
1193.077607526546
0.8294378048885498
6035.148549692963
0.3962046239301331
0.9977583711097257
74.53462726136124
0.34044880980761183
1.441144361563551
810.0535659371311
0.8345671673332059
3981.3690674324885
8.953059208486913
5203.56555493087
216.6937167628612
1318.3946745016651
677.4281994224943
36.07513949198904
38.77497225931732
728.2531852257634
600.7640427967633
1028.4160664538267
7.739498241504669
4.822561116224375
840.6042350106676
8.823342956257969
8.176290541065963
0.7484629396336224
536.0798173942009
3.337967258193175
4.591011591957724
0.8203787048563119
59.68521869518906
58.452077966505314
899.5992143797805
0.30567910314244184
0.4942401218111472
4.064244840332219
4993.239454349369
5500.954440173512
300.12020569637923
1.0117607426941422
9579.363470806638
0.8564877311670399
0.5562371307709314
0.8526251731014527
302.43340012380384
7.556362346301867
4378.77241023716
0.9630779760441252
0.010081647353009981
0.9329715135895335
18.057738008620838
1.4548734468399593
7.819141837939554
2.0164138980004553
8024.212559505907
0.5937586246598124
5718.582493889617
2.1915309040923026
3.195175348530795
4701.546589811327
5.153792751644801
9507.13599551157
7.070089918631527
4.232376886520589
680.3065153674792
0.2051963634992945
2.0690555771413646
0.4760773158484166
0.8493037655727618
10.699579617785538
0.17633601872347393
2.8581404336399565
96.07423954882628
579.1290337038424
5.570460827744661
0.6409482900276345
185.81826128417745
0.8193030715836249
34.15870242282484
0.08859241804841067
0.6264578845519797
5.764685566071025
156.99149435880477
4892.770539690726
684.3389401139
52.63528740318619
9.521097540997598
117.74404953625705
526.3610539522365
8445.007523017763
7171.272540989962
6601.824927820924
57.44248428365842
6801.156048781973
6.968307854853784
0.3200490244042775
9416.827679098697
7.25301252728249
6.5309439123593735
2267.905363780841
9374.773586716214
1.7186311642233087
3.4149527640599295
2.788147536456791
4719.120400951328
0.49045720196740705
0.42355943335887647
7309.411992082114
6.105186168243052
392.23968227637664
79.77834390381666
135.26049561187568
27.81123856773028
9.683496763696052
6.638261451512517
0.2696243101753395
0.3343464242687797
0.3777071410918107
4.482615468859764
803.6089116183871
4849.799438322744
164.69952675698764
31.655188795763735
0.8819436112494259
0.8826366686984628
0.6995690364036022
0.5445027858954054
9116.96815363125
82.67934988516356
30.148605205889844
993.6840162140145
0.11707102390085455
0.036499211327724934
9.182692978535247
0.2721307856228814
37.98294685042817
8887.713649767325
80.13737062936521
0.6761812320585292
0.40759275880948387
7.616607726225075
0.9989028000701228
8309.793106560628
4511.688227436353
8.803844499507498
4.263809852288338
791.6065707622239
6.068039909812023
1.1141248612384846
1385.7835520736382
343.44654882928916
0.35513462461333
0.46434692437747105
79.9924734130495
73.07606645844228
0.0657526444772858
0.9055370246811683
9410.77466412931
0.39709592316794595
51.7787232561456
2.4198098806366874
0.7171693637756992
436.7232650156782
679.1905112197045
0.5277808649304854
0.32116335693275966
87.26351494819093
25.22290173439643
28.579897887870366
974.1961232120464
3.401046051162533
2123.9010201866504
0.7819942031558932
34.261933444545825
8422.59428880845
813.584410935418
3.2410637271811082
6.800504733347196
743.8836837765202
3.4606348700670253
9.846630233337809
91.4271445671676
327.7031191612028
9.711942164421469
487.5051040843168
0.24457120507386687
516.9521461530322
0.9546788304682109
0.15446818688294994
9.587564317021899
0.14774424387714935
0.38991977650822596
15.446540823246323
344.92525163851474
8.732131566786055
26.42419129111523
920.6285217303597
8621.559813438615
88.34215129625103
0.8208622055536242
9096.467853437367
3.6239266913546677
70.89859525126133
3.656461631797383
0.05922247945604697
844.7197546619302
3917.0421392607536
8040.194866148159
0.1622060838875201
27.36843140160923
891.2261991298777
0.45249034565333535
8197.842207464231
6.114127289338213
8134.3024704857835
27.97256978167333
647.2662169365778
3.3148763624678548
637.8723066671644
87.84056881643033
9.756966334775115
9.180376607533017
622.2782313869
5.956994383081382
0.2698812971413119
112.99361085182235
0.8608953776102811
0.40836597084432025
0.49941372115132465
1.7282077233731552
27.821898469335306
3.6372940460082925
5.871326795398196
918.7857309161418
0.49464897785167916
82.77031455479984
1.4565298517806402
0.8314397575340544
0.07821811082822072
1.336400100792129
612.432160173837
9.841358052760556
66.51420849858336
3.3221908653069034
4.766891737951646
86.1319263980659
0.5290097334272926
0.6303295841941898
7628.596288069257
36.75350433734101
0.4535175539352698
5918.762111600512
6855.448304014579
75.82146345056209
1312.2239264450586
503.77962547883624
40.46228613804509
0.10525612346239765
77.12389887876618
94.47501162457202
656.7831956630491
0.7270215659654075
3613.32724728748
408.26565984583675
2662.817574002686
67.70580843018068
7451.538606109757
54.04551618802059
663.7638123985187
3.027291120328667
8550.365088489232
0.04377684821917993
75.23701042796634
780.3527994947789
5343.927870513833
0.6931658958377996
6203.881517259715
785.4625943754824
42.14137103935235
770.1727172422516
11.13902194972477
0.7246893860142625
697.101135628158
185.74500631077274
0.10973712512105371
6.617602218976161
151.5932047631039
8036.205482535671
3.0079757204188873
61.7429927092401
1637.78124829406
76.67518253558282
787.9783217110822
0.15788775322546356
81.67120007443546
193.39581295943188
5376.96976196308
224.86765606838566
3.753245751580071
904.0932508854214
717.8332957357325
0.507817281006615
86.89239776512112
906.6247186271443
5157.076474783179
64.01457655368073
9401.01119516367
938.9011344426871
3013.5875960637627
0.16131191854502747
0.8098271247583397
1429.150655785373
3735.1250984402827
58.24805543820022
90.46511971913486
745.9474069783208
0.40267868180975885
1.0810053198978908
3631.834469549137
222.9812683713701
935.0923365114759
8.222009569327657
4.597436384985556
50.81338737107496
8.16257146952161
8881.460692217232
0.594289682306734
34.084510284323656
77.23873647062663
287.10077245118606
84.25598080446159
870.9117895365662
0.17087609778366886
54.41571983908736
9142.54107409801
77.93746235694165
328.98301232204943
359.10248430032567
5214.80440615608
527.0442396943901
0.3027513708928842
0.38470767758970514
0.32607894815085414
916.8294160374091
871.7089852657547
79.6767077003565
5.187274554146011
4.7130481189022335
7.554793129186315
4149.1477070359915
5391.508630687867
0.39220311063052926
1048.583940340485
98.5951574101301
4039.6136132362694
88.16873319780294
0.12129365071390685
0.8293154922183829
305.06851542563095
22.753474253629037
528.0631955947973
9.635481778080017
3616.189012367481
919.4765473009811
1.8771932507092615
6.5550290773311035
8.795117380168652
4229.761936656986
81.90177281736788
0.5909113261939264
1055.9886706788445
594.672562228337
0.058560327014749225
2.6689851574157575
0.8806831402790152
3.137132495207134
2706.3524864136857
2.4257101841335382
3.989189263134294
6.623626137073897
296.71024894878616
0.7429075986219891
0.7185421212066445
0.0450160103709496
53.21796187938326
7583.10908349164
45.30206058472432
1009.5181918404228
6.633295679210938
0.8855088468762329
276.1492308500553
30.304855135207987
0.41286123624331883
5249.064923147169
781.0496142944345
0.8628299081048784
895.1902232551405
89.54523888006271
0.3505730179129647
0.9892431035811193
393.40971941212774
0.5970761187526529
28.36656636612457
418.5912190267271
0.17308945120789265
557.3546628724088
313.0700355105076
9.631344179137258
0.2951578546098357
1288.0724817419853
211.65306053881716
6086.964261472044
0.6650834620600726
296.5750594619343
0.6245125093999768
5738.98854254932
0.2625938840002855
19.62241329378034
9.7353137462363
821.2170921253933
32.98882844274935
8934.344828393814
8168.975296852072
54.15969387999717
1.2642656130313301
2101.3350487621583
3.800615052798595
95.45186886230262
128.85637289635378
72.81911083281969
81.72915139422845
2021.0051419539066
3330.151189350381
901.1129841624495
4.07058160695736
7098.354722709366
39.902173617227696
0.4031033486281925
0.29960244231977495
6195.335168511805
9.929642725954851
536.8758093698632
0.542661182222574
276.9584226875893
12.83656098733551
0.1550150291148128
6.702364970660103
81.54547859767402
4946.534038779459
72.69060234334937
3468.75407758251
76.77690727940157
37.66904707760553
3.3228321207492972
2143.7500303914258
47.281092767586365
697.3544169169024
47.22738172930114
9.373441621856925
0.2020871562406038
1.2612211709303267
2.7727631103645622
6.4495062734895665
4.9672382829560195
87.87959601942474
0.11191611001923929
0.38851139615896924
2.421739178257649
0.039529778229663526
5064.906305513978
0.21487581452336424
2496.165473174475
314.12450086938793
916.2693966545293
705.9702136344619
6.710462019392502
604.6704747311758
0.3090750603338024
3268.4714540343516
480.9402719466445
0.8685200170722623
35.12271504791652
9.085091639958964
0.2666018902692979
868.4923372388914
7.728597720854324
11.855516238739972
9.471541959017987
0.21815763808197497
10.833661736299927
0.9926679433596962
978.9844726122068
0.40236222685026013
0.37999080272881947
797.0607969608867
1.002146289127196
58.803490923372635
4.8705172439088384
93.03520018026701
21.67284972958605
9.418500460398402
380.3289334651075
8764.109847474423
1.002766225414773
14.133475741098088
4.081237643654678
7.054087062860527
7.893486796354026
204.35460399473325
7.973719246811022
716.7468880573388
0.9802995500353634
0.5300173290007774
22.138545920709298
30.544696064847223
9.443595253352088
5911.998138647972
53.355535041583416
57.01611496659458
6.025908739412658
87.70678311863041
0.8619073622855252
6.877820204864448
0.8983133281041458
4013.6153490280467
6.230198238076845
916.800483460536
0.2583811389765259
0.5742938516026656
7.835865696094112
0.19089805703101337
7.3948285564671545
435.6888109479999
0.6783551448421793
19.64026463538695
521.3577010361282
117.22337833505681
136.0387284543021
9.08601539178149
314.0062671659929
0.08090886932176489
124.8901317324087
0.533697680797749
532.4319384431464
0.5742321564477144
8.93977338445361
428.51469912631524
0.4289804534800178
2.8600024766329515
0.7196786817874445
1.4955367711997258
3.0965044788370033
110.82922274845286
5957.845376087151
385.9497866599879
9949.30149451067
55.433288111739245
66.47739907647737
4229.10621110056
6935.182915002968
2.6536048413084656
71.47498118413968
78.71590145016839
0.05865866798462138
19.588516532902833
75.0721521879255
872.6097814445155
0.33741312685389535
912.745932933358
4.340133138142384
0.38694374381582086
398.84744817723185
2.1075338065655016
0.2237262833237027
78.73086316646341
1.675450628923485
2548.108131952984
0.982920163312419
3.253068901203804
42.71446829831773
0.3874380890421528
424.01792737852526
1309.0907658811923
5200.466667517242
0.19370850402795026
811.6371576864035
28.14077549090207
0.1647301101980193
5.026252299033046
54.070417968702436
74.10079724859825
4.542747655619305
8.056696690289103
660.4976099028776
66.59333458148964
0.7379291633130075
3086.088841349155
3038.4516819555784
7.111534668114689
9439.225533016723
0.4226115055731017
5.276403183609284
0.24101769440656617
4.228497822453241
3.9459711629739127
3402.708832220289
83.72640393389726
9.18795239123487
78.15724434357158
511.014783801974
0.05431646391816125
1.4853874777686515
349.4687159561368
0.3932605973359743
4929.226522139637
51.06240817768718
11.077100734821155
566.5509592497923
7025.903327284486
68.49369024157026
73.07943409086329
0.01965088745784238
0.336390998209669
62.012577606485266
0.06297564972349279
0.7917886419814135
1.748964097547342
394.77172165368944
1.5851893291200758
9.255573238878231
81.30271661489869
336.3962941599626
0.9953319410838715
50.8781476925102
1.2250865463037175
51.217334575759054
5.56310621403121
5147.010400908266
3.8515715843835086
2044.900310788309
995.6606656083369
93.0187368781841
732.3332424978269
23.91406566241828
431.32066023452984
8166.520618853795
968.0290870617226
75.40162468174856
0.7134773532446912
0.8485577101176616
2.7864355068461357
0.5935575464019802
39.0671401699619
1989.132314752241
0.47577448423685065
9.270781257501987
383.48198005955527
0.182506844432202
757.2643523990008
44.57329510358531
0.4119645921774129
63.64412561907271
8.875988432104233
27.597455499310453
0.3804907280021308
3993.2141676836295
7.593515055387236
12.670855312131213
248.45019498275155
0.743885425464769
268.526182332637
9.085081508438698
649.6372892062212
3.313665323145126
9.225357240623106
3.243114033912856
637.2425798453907
8.757827712885552
850.2188394577838
2.865148251653926
6006.607071321103
1576.6057987663773
861.4881935455398
0.401066291857032
453.33571454389863
0.047501742603252906
70.93954374882371
424.5631061275018
0.19120989535139699
76.07514983333223
15.898824065063156
3.608578421849795
0.16607431902285374
7.902875680812142
0.7011993738114488
0.47380030606067836
0.52352126114441
474.4927812330604
99.52917909500198
1096.3077264471942
0.15005333836088885
54.507330411480346
1.8056049538841568
0.7927304317480462
9.116029789849856
0.5405391539017126
94.30600808810193
0.5018537638129439
261.1940023412829
3772.220236093181
0.6653152738119871
0.4787681750325341
0.21930557042988053
2710.9901812617222
1.5765339564688463
0.18055780341820205
185.21580748865395
248.86495982890133
474.5890746676561
878.4097086187769
0.18744572475889254
187.79033474306993
1.931246403200939
6.653307961896204
0.3761595288297048
8.018256714506062
0.45727898648742293
138.86477860233592
66.22563832158679
661.4699124571391
0.18975660423696317
841.064342939238
2.0162101239625576
526.1738507537274
406.51027865808896
9377.175450372937
80.08944461749181
0.5253484219513627
6.8346422645854705
5.159764951287506
0.5324706220623958
0.9547192954733923
54.20954730815368
246.5642469636271
0.229607071696183
515.004151009261
0.18440662623664483
0.7318945798672246
3576.1132995553967
195.48829898135966
9.413557219433958
611.146278539475
5.583761205177064
181.6706857556375
9.853432076609758
10.450669343689768
0.6775751059627656
58.935590750046096
4067.5287492726266
6780.376001034316
782.158276881338
1178.7323087741242
25.711663412215536
58.15609131389097
4792.846694048088
0.23802400015227632
79.8679999111414
0.4461837383595135
0.12386646363067566
953.0744648529599
925.667382720384
0.7974322187984711
47.18950327389374
3125.882409185594
0.580358832045101
0.4292570139576436
2077.376908131537
30.63687124029094
7102.592891530726
2323.3651241322696
6440.0559026631245
0.5915706043442563
0.4163310789575463
1.3862199004257492
7667.589067240057
2154.833357946432
8019.305782405202
110.3754784099098
22.746246782389225
0.19788381122645837
2453.117273906097
0.41181016862938735
13.191475846913757
83.9291911251185
8.907636780293338
595.3066921902661
9.1624931826188
0.5707445926702253
0.5813559608089658
33.03243345495619
0.6949731212262726
916.2482928810776
513.7618231088353
446.19689756968063
0.7876483555968694
3536.512673997456
4.498693268271236
0.4530806352657134
144.4265413726623
102.67716884507972
606.1397487475541
34.467493934590635
9.41134115128176
84.18379577546197
948.0956907982163
1843.1835258799679
0.1378589441536181
515.6779634096307
0.12203751653324013
1590.430047651049
89.1984830062297
0.9304983942823472
31.53708489025987
0.7258587973913632
1.0349393865925993
0.3247727787771193
6712.282925541353
1.3328635515068066
2141.550997365268
702.8341849891589
6425.2604994215
356.2614226913359
8866.569650754658
376.52819578229304
208.20496951439372
231.20060909115858
0.038736276712332485
3.109659834166739
929.3070729375065
872.3940331831712
0.9667842912605652
92.75278748095347
5666.715146998596
782.1132950087244
524.1318751681204
6530.790672904924
1.5882061860176389
4573.921275683949
0.5568490719246155
685.2968636649302
511.933281473126
12.355960656616638
71.8504987150968
6478.284843125441
0.12221163468812302
4130.7838165522435
24.29968283764682
4798.129354124922
2125.9046916885814
2.8079751487083096
0.2141653285331866
6.649414678328575
99.49001050789167
734.8457072566039
143.28848579711251
0.9348478623197666
0.016243594920035687
588.1086978452754
778.2371220643918
4220.375590780804
3.5296254869012325
8.980164967769188
0.010512087283944704
32.08646818966111
677.5114798594993
61.43198844029551
0.8020772753861183
231.836341987231
0.3419682840998315
35.61946344124003
7682.2512147417165
2.287860583261201
38.24213105448078
5420.847169378562
3296.231800021061
0.6746478473642366
9619.480812635446
16.175119439290853
7.132116507405188
872.6626602292285
0.1784977662916778
6117.896879094339
3.530618913788308
103.29690605433473
913.1014821717848
28.619646076011374
5.5835340089516405
3.420969127051726
0.1280445528167462
8785.680384167059
0.19149320575558149
82.02353426758712
380.58652089589305
3385.2658828451385
0.745665886253958
0.5238066452892504
9815.779347702215
0.7264451163498102
7.790221734365393
0.8605516049246139
6.2044201706107
68.30047816293032
7.337327277627223
66.67182293396851
124.76306275242177
1162.3429206910441
196.6772689294486
3.0493105907254314
612.5832163302896
2.815159498467341
10.676384537829996
9790.552902944468
1.229923606800366
91.41919295779282
2.2101130606583164
0.6443124045240595
0.34418170155068994
77.21934660327231
5.592432651739453
6.167180200559389
0.5665130424099937
0.9674750221747365
0.2399947171147354
0.10568429394276457
0.007540971691597842
4.981459999738458
8.940260543873181
2471.9779652074403
1669.2572594733656
7.8865822913288754
711.0990447705868
16.41862274720657
0.33520764272830517
295.30961715816164
0.12321198243700526
87.80451166406272
70.28395720246701
257.7248877303777
87.6880064426233
4.660813352451503
2810.1439380500938
1.6693977918190384
601.8818104679546
0.7332618046655249
5424.530684070263
6.494009936096497
162.71523866724135
9869.281797622582
5.31980837296453
592.1534498752042
5.36293152181978
82.88315365818515
66.9001040172232
4428.390279795815
279.63800917671557
0.18870649667615946
5522.692638842757
86.85189510205569
3.593568539482913
29.302855935044093
17.02034138483286
4575.954322183683
6927.37353850367
0.8796544032844816
0.9790024073996764
8.705219539428132
461.87488443410274
30.7162761973235
557.436663079387
4.206993454643922
45.05762773614374
13.296918664958868
0.4659307277289735
1.968846278502756
613.2339469075742
86.00387857351816
1947.7322676714725
141.4659587659929
3.4701502950995766
90.96376572611531
4822.903301726899
0.4887925457410297
7083.442332260489
0.18026979035776824
85.97242446544682
9667.370009458478
958.0421298187493
0.5597735270871588
52.872079141003645
995.4531851493783
246.50409647257953
218.1284921885237
0.059358864632155006
40.777099144775995
0.5504475932953196
41.981927090746254
161.37945326432435
3.418161501723238
6.509086077926409
376.02344919640996
812.4222437349428
92.38111693621632
6.1146063631455405
942.9316362962462
5.348850436691861
4149.103549524615
235.51218442234523
484.5610383816371
1109.2810923399854
1.551982671727582
484.79020455002853
6.176020384657168
645.7821387285404
0.6050264721127706
94.71440551445365
78.6514416375891
77.60472389566704
780.6215840684401
24.7509177782263
3381.200016459176
0.18475060082493333
0.04234914468532547
3.5713531842365196
7462.843916321656
4364.098159099365
382.4983404667509
0.2629997706322784
592.8839254122364
0.10303634142134399
94.40066072386975
0.2179268195773275
366.8133181301125
0.8994439074634539
852.1680341046468
5.993801664253877
884.2882490503358
1829.7550427995823
335.2926146979212
0.6290298456039207
1740.1169332382715
1979.266093563734
4.391763919594128
0.13791084817879462
774.1163671142375
0.002698998655981444
2.3610751036087896
0.2782982040091442
0.7089342036591351
65.81170702545892
30.254315798224376
21.667796048994592
0.7190546412098708
9536.10200031216
329.2331432445517
79.69604433191024
71.46952531489947
826.2842097590935
9454.979587191045
643.0412784798211
79.87468814919686
28.629936375313292
21.510567102300847
58.73816134410437
6388.012930556012
8.867894293189027
0.8625909962105652
636.2175759309006
2.9473960939381594
37.84728175654731
3.9747307070687032
510.20720501479656
0.7543897853850134
0.2782726164818927
594.3977366976891
995.0844006384303
89.63528681002407
143.65054278257406
386.2841051517647
10.473318322171076
43.26343360455793
417.3403753200126
14.710015278726074
81.43035003739054
47.412475690529
448.98418938573
2284.260924682039
481.9254125581683
9625.020737227142
3.607046654838346
5219.71134229521
0.8640847574153931
8.082662928093022
88.94957878798115
2.342886458989595
782.365659151922
2.727900601232842
0.19010005946044084
14.419528153965121
552.6014559924678
47.98564497110501
711.6240131851364
0.4608580213653827
4901.299207911911
7523.538988259081
0.8389680309543622
41.082490599151974
0.4301280831416744
86.721517199685
8457.18687060255
115.72815806421843
8.837472458494224
1.4814665043147912
899.6889960728104
470.8711486957259
9.861164571003508
84.51814475744904
921.4158958991703
9.70409104633244
140.4787312066248
1.9471938516729792
5800.052693272124
9.899049754586452
0.8393384253277899
805.3926948048706
9567.920364313319
1.5797025810832566
437.82009294717204
0.19503059232337938
585.579970627821
98.42290536671422
7.231621131895566
0.563304630297693
64.18734314406265
6410.2545238938865
0.8579292373293341
557.8837181374711
9995.740553226347
0.43969761861079315
0.9310423641275639
418.15407218720634
0.04690906462474098
0.7783890348477791
86.81313015531023
7068.594253965455
20.43279016304922
47.00333403668614
0.8112977516781922
56.62563940284273
1096.5336699568861
15.515399205208524
267.74154420168384
24.107305015841906
3.5388623628033313
248.7574591675782
0.9103954221979352
9.020361609925676
1444.9998203013126
0.5027018639448477
0.8720363574778089
5879.227238822673
0.7575063657373059
308.8329540876427
83.03543712395033
9471.629986073569
8894.79382432958
1230.2886218896924
94.64447437455917
5.160762185365728
0.23748731694362124
45.696912348557895
0.152044139339359
73.34100654702047
41.4145459078737
300.34044112680937
41.989096345175284
3.7023955110748163
401.27621529421685
57.96389222883457
601.1764293503074
8.013700055676566
4.087610786530043
86.56733561639129
18.414547345364884
29.0573223933132
18.0612127513196
0.5528623129542845
0.1368547943917413
1.1504941391780288
80.23351362328195
377.6250080724558
179.0401935700645
0.4590056031184607
13.073276835397019
0.9235938395376775
6.695868966461715
738.4834256701396
375.6107134807033
9.169892364732133
758.5779608232168
0.9500338843347574
6.3599250805198215
153.7699580470744
644.419543298502
767.9332268290807
5.712536202034738
8678.706847397409
2.3785507405074924
9395.302280797205
74.98799786641983
4920.186277878515
716.2819814621812
9.18958028068915
0.1007417295470282
416.6300116807911
0.567628345824273
9.297141413486411
9.986308310512037
9.750531358535294
0.31382424505631423
7.495964539568342
0.26714400054828435
0.43979978233628936
6515.840958206486
6195.003303992212
9007.391987451669
99.51214764421479
670.6151161175574
984.9466623238388
46.95116623299693
21.085083710592436
3202.0502785633375
375.697448020039
0.4242206005310807
243.04605478135244
6.76505890528646
142.84290130653687
5.796779152180735
7.053645534506896
260.55441013519544
7.554241212838672
82.03343078958605
9449.138800386196
6208.284614231491
8.813274711239071
3245.9171146002273
6.774286730790978
688.5271233976767
0.33079967978813496
7.475646982300747
707.9450758086953
8618.272547232811
0.013016252034843911
0.6509827483712782
1927.0338505429863
5449.407290422075
874.876861708973
623.5229571374139
677.3495462906714
301.95000947402883
6.037432312046279
95.11219057113848
1.454221384084392
0.8189574480569601
0.37688648783570056
55.46070556871967
743.7979305301433
72.77079555631005
6.93139454257664
4.689705768821163
534.1635546956559
28.47690395711694
0.620192239534898
4.119288105662145
8249.194666880232
91.46396620240614
821.2575163473359
4.235669017218504
632.2256576406809
6535.752511632349
5.4074787852020645
957.7463541684839
0.13256698975202863
64.54699608669958
4413.244243438316
0.7175996669417508
724.6221576087562
3.5126150152835587
65.22751773046127
678.3551909135138
712.9900146680058
7168.183758410338
3.3658119759659675
366.8171644892406
9.929899401178574
0.8776931034905426
0.33076404748965116
6.003349421908304
7.752485020447633
4.636239268459704
2.290166877545441
5.148668949065266
7926.77000712236
75.80522953169464
804.753353089827
8.977306211399847
610.6853686951057
7.9550141460298285
5233.367409083352
6.452211191888386
7.683320066096309
5.244015850796301
343.27403185644965
6.616452418878067
6562.838890372168
283.04672524474483
0.037362324758744125
0.4743289987917968
0.7979078484107356
0.1027048804542382
6.582649348201613
688.7277431245225
72.96599926187713
766.4959084042166
538.0620073835427
7542.786546862174
3513.9712599562013
383.9510047244967
0.6360528307763135
9683.048771330856
0.4906624256672524
9.230311026317002
9.67084563170016
3.4586321056963576
4.846182822887856
0.6300606721411561
932.8431231960946
4275.807232920262
5.234947768057351
585.6185126641197
591.0157603003656
9.097832245702598
0.9755292189314759
946.7775728534041
788.8247667229418
3564.4106628938234
2.4008877248603966
1.7994473514310938
6.863620463227294
0.4302971597258848
75.83079120379811
2355.445302732285
6.811100570335794
3.1183801274134595
698.8676925241218
3.469864325437505
848.4643202983616
5312.839917150934
62.594311903367284
45.89239131908067
7.026026593438173
1.4869658358362559
18.881222886320217
0.040187684833898785
29.50194584294994
0.877285317987533
993.0075747966127
9802.915995344309
8029.890393170133
21.417232880593573
9.183619878540409
120.78500068679188
52.93262569846554
2483.7496450167664
836.5831270237366
9.495930667385547
4954.17584451603
0.4436829319324179
5870.084899937261
7559.273775816046
0.5915076069906171
19.69795320853719
6759.079147509387
0.6579189435420414
325.0177066826547
24.74449523563379
48.558954712587756
27.590852370868525
3629.1127973368266
7475.290015001211
0.24790457381049513
3.081623816207478
0.8429041526731561
15.655002482763846
1597.8255648388529
2.7404082966792895
0.1904664055834061
5.691651775430154
385.3001952801893
86.95023410137952
3.4513662700572665
3409.5157067444147
4574.611987766234
4.314438939486998
6961.193095085838
0.8667412388229174
5.8032388455114345
3.3078807951315903
657.0218418161272
309.82296993352355
922.2092165659486
0.8099918873594291
45.35706114147979
6.870769662923726
7.446275772723013
0.358145649621161
480.3826953349659
9918.508549269622
2.8813487540234597
9090.193892887242
530.0182044173396
4634.223686446456
69.61662399753557
784.2336838090284
8.017961915912768
6.8390579202916415
139.92123593369453
73.92998199404958
4269.374975670932
7.246175175124688
0.7225888308774118
0.8212215003954922
0.6213428850779578
0.18615239556035523
7.866316693004158
49.7152778623402
0.9803330267538666
4.013847167181339
0.31834535617200466
949.6704999099148
0.46052474343134364
3.1667615234543813
8540.406725451827
969.5226420609516
9.588398991366027
0.15234413798751667
5291.564643537054
757.9802097470078
2419.625329716786
8822.192349965657
1351.265831410663
168.94087734557382
333.76955728518743
0.18823456691895657
2940.2905060108087
6.777518833162831
1.5588882991644448
43.44588821913494
0.858890047330059
9.759700628363
183.52313623174766
47.426583082663484
0.5042077900716657
5201.487522453628
3814.895844334264
955.3406129205522
37.89640314608993
8284.000828293032
681.6896464684489
78.30121730934394
964.3895730039811
76.79287781911331
0.20693645733991484
43.07486163854664
42.926284765596115
394.89842038831455
80.19353713675747
32.3412711612448
8.914806793011508
50.790208930172795
288.62765327413587
8703.416654862887
26.108292936663304
6.686671266928963
5.112994291212207
650.9676276421969
968.3049265437646
1259.868526321346
416.9366067036051
71.26116115317294
84.53643641505364
7261.42151351286
0.5820431657489804
0.2726544843928935
151.9345608030426
893.4657313671845
3762.2316778161357
27.88627850234956
6.560578680701152
7688.981925805751
20.23912471759466
4986.239849142572
676.607193509688
28.083013781160172
36.41603732500456
97.66946782780234
9466.61506003674
8.3679679953117
98.5894346035735
120.51068817714683
30.789763807947335
2537.8999292648928
33.95765747075541
757.1467936771427
3655.70692392837
1.3079204420983936
5.068458716589656
4.39014128868909
80.15305439692749
10.751605548536292
3851.242899675488
4.639339554573967
900.8107429831998
343.8927659850669
3825.2262263491775
166.86235876148848
24.412491030129104
2247.6257224165697
7700.086857512949
0.4386899306676356
2448.1828748525804
4628.16005529523
783.1706938619907
2.231151995794024
48.365749227874176
82.56605980318011
148.46424903567913
605.1474921443522
2.9596489636473167
18.302033312753107
0.1437904589938659
0.07064876253365593
3.7353048939178235
7824.60935328369
5053.5158645476995
0.936068947005575
668.8307960684116
8.168169532406845
1.9607789692883093
4.542753772119978
51.492447536634145
945.6284755258112
0.1448385754727758
8.686234397263682
4.542423594391183
950.5716419176485
26.967899029366226
0.586834587192614
76.56533974634351
713.2141705410564
5791.331460214092
738.5061935151223
7790.7425251871955
1862.9353882204114
831.6711464615046
6563.1318792568645
0.1532470430880697
0.7682562321976519
2930.955746861382
0.6579280275729378
0.5006200917491632
1.6673442794327342
2041.533524922564
2848.1544099033927
6.590101348200151
315.6413912890317
7.802274477515247
37.49631418481456
1675.761859886089
450.7516882752265
7.184499786252429
0.804596382952521
6.287726653479064
4.313126593025407
81.38802753783068
28.118929271956716
22.811570060753017
55.63093228899084
60.843952366995865
0.5365934541948008
560.3325736649217
232.23581115374225
629.2607568401882
9.274121573007882
6.866571464559678
824.256944342585
25.56166312590914
54.3485620423864
0.36780192720839555
641.5908259969739
0.5336480080547478
38.42891378549219
31.802686371102094
0.9848674987277394
0.6834933084207473
0.5230360750226577
87.14080870972137
2.5530647699808116
374.5313652938508
7.113030219996733
0.1251773055611437
6965.888421748721
2583.57422700501
0.8199205409400766
2.7927249988420524
2846.3336184261066
61.44998018867462
0.15848253921424338
68.39067012613043
56.100113751707106
968.8197233478743
0.5363892604525945
0.41686005670236415
608.5945896463819
2771.174732620196
165.67998421399844
6.415731021964009
0.5416360773823292
330.7256241365719
8439.503884631966
7664.608854971232
688.4162112703931
1644.0811279892887
745.4352843600915
519.4311586086918
0.8229797473068047
3846.5424899252266
0.6663774973585522
2.993375056548749
4.304736480311698
629.6535593496606
6291.672185364523
6442.658372344758
6.522463153777737
0.5355517113971522
68.82909584599106
0.9313935173365175
7.734362256278612
899.3323942859427
3.1363140822897773
0.060203285566724385
27.79331735267415
2.9550787858993157
0.815619091819545
0.6917681005487445
51.8510078546307
0.9375737198489793
0.6518020885669281
11.682284897000915
183.21886584482027
3.4786691743093123
77.54023008373395
2486.264172535323
0.1869359498355534
32.993488593633366
16.78653012443222
0.9467918975862746
271.1983285121881
93.98745266102634
2939.336663313894
5290.154271279725
30.76978112370665
0.2962030439256481
35.10802888174154
1.3405451292178872
69.50479589821158
2.9553054338420734
85.94473768919977
7279.559989273369
87.44033066271206
169.15399376851292
0.1748155307858794
835.3501304509048
293.62013493906625
0.7551682873663425
279.7929259434084
854.6293132081064
113.97942719139742
0.7698497681076374
0.9780860046347261
21.67726672365644
0.46223271017880196
0.9931952057369878
6.151367831592983
57.72173788158261
8248.56823339559
0.26144290001167325
2.476925826442108
596.8716348903738
0.72302943767636
353.22865163981754
52.84323796937993
9333.940126553736
0.16701646784043156
1523.7981576570148
29.505601518674407
1.8457068391579834
14.215080985575689
404.74938060802026
753.4955977442181
523.6287853497666
53.58052118919916
72.73318903549149
4.430398394737262
0.9819886504254767
0.9248850266529259
0.3592536344927928
20.860411497212972
987.0730527643423
460.3069949003846
0.6602599006052667
67.53814571745393
27.979088878681623
61.066637948327404
83.97319993308047
4.956316758615004
58.91070989653555
1599.0541878662777
4297.340313589799
70.88957378344455
1373.1841522253685
4666.04555218563
7.447909262986481
879.7768931312174
3.4910067816759094
7880.269259816148
0.9696833145922336
1.9001773562647672
6507.558700990125
243.99280812029954
0.996943773479888
84.65606918245567
1.57984004482005
7.042627542726331
364.6850741186932
2.1746838626529708
68.11928404247887
5387.940407042683
2445.151865915799
282.27916670318484
49.4840346458588
518.9730036514986
0.7624415631822421
91.81975480017124
0.3943345136158307
9132.404957395185
27.225411938635602
0.3278324761320274
0.7860439976891523
202.75864052093283
371.8387227690966
26.925381736805733
7.33195725725448
547.8168069361557
61.30974132437411
221.17504410382506
0.12058030238738682
172.43285321802858
50.87956636084693
926.2735599638457
0.20234461806820137
14.621092816457681
9.281883725761146
9447.777539483826
12.66906684615632
3747.4631000680015
282.42850036617807
41.50730517450749
0.2027007776424592
705.0397670082747
72.63914267378418
801.3475433415422
0.48224316768236974
5.768210515651609
8.907497282508126
0.24745502880226422
0.682957953216088
913.6489009024684
409.8528995502899
0.7710455971179003
420.5640074902474
4893.939706588712
752.1599186518662
935.5471553263643
60.00156854446925
944.9898428477111
2430.1494567444747
638.9585754605329
0.6393809891806382
0.9333532500577191
76.97378465208712
0.08072024681051193
4.614765214091964
5984.851292426008
9.07080133638689
3938.557434983412
507.02173453349076
49.241533738544504
776.8770439036228
37.986438241033426
7841.38512892812
8514.774324381016
877.391619440241
2232.604277920093
0.36044819165535247
26.442814950510485
0.29558193199162575
7.24317838621256
530.6365671428273
396.65059104042166
0.6353604845974209
0.9483633910117036
7476.05411237688
7506.198447788493
0.8281094618583211
2172.373837521641
196.69152488033004
0.8736186210780184
587.324492772316
0.33256982878171915
0.9799910094832366
0.1467719634522422
4544.470300831684
9.071496396714538
5.818072032710385
952.7689519931888
2368.4773716121044
94.16581016852808
49.24919594971183
6.854062234660341
0.7316810110110761
107.69274875338941
1.6665828168542118
2.409292625718582
448.7522270340197
0.826559055815408
0.580144959574534
7.392998409497235
2.9947060866403086
822.9566611298604
4421.334315042599
0.7752596972416258
50.107699269366634
5.88911725905818
274.3667311734267
2.8633016297520255
6.989627113170282
33.99724083982959
9260.586650657042
7.511487807591043
0.9854210116817885
6075.170830431362
0.4672003789820568
295.31920992132075
75.52917801885785
525.4670473103536
5755.312527463997
53.81239005172267
825.0353828878182
61.0418890249978
217.6163498599315
2.7783497017647276
0.09782680376424047
5.455099572855799
58.870109370260536
9.888315173108428
23.419871152114446
0.5505968786639832
0.9235940168968688
7297.054250313553
6498.319743860434
35.892303610487296
612.4124833254677
7.3994394517091155
0.9877693506545432
2234.380196099892
885.8662299430698
546.4644106951733
89.2287931400586
57.91688282988261
19.67265289667074
0.1197694452056195
2805.861033530892
0.9361719238994493
18.03688922019634
12.898778926557119
89.06586363246734
4.231904297734568
5077.156870895676
1860.873922789945
74.05360150327466
8.792202072315368
6.21334949814245
2.6469012290605285
121.18544070070725
87.66659492649212
61.75943404785812
9.502553466850872
0.8706518091425922
65.85338643564353
3989.1950837318777
0.0873704761473959
15.961013789664191
707.7880917523163
73.02486399739857
22.015067100793583
278.29279611545786
0.8278045151720589
26.366882446331374
1.707171867038726
18.367462667103506
9734.201957337322
30.998733908884812
23.93601708722155
6773.417940627468
9.24788299603486
35.834179636005544
9155.42375382748
0.28253793212223566
0.003441391764349988
22.623112940294288
89.35633731214516
679.7459233668167
24.96486219637063
21.57192876459404
354.3339541597209
77.49240984267617
9727.086073320192
236.0860724912034
7.350064768986164
34.26240047590243
1.8327730361954186
3.7506322745413456
0.09000375426891938
462.07058872260063
7.666665803328491
0.8583215325571395
4269.796937930302
151.222340233517
0.6703147755059937
0.8583884514055091
0.6584468341115167
399.87132327917266
3257.124698713301
481.32023244304145
9473.98550741487
0.24827713157635212
0.28411191976972194
9.335845294497396
4545.735604224619
8801.049504372239
5176.637598583605
88.46896641909716
83.51326803507553
758.4248190325504
0.256131619614292
384.5961530729829
2.926345902920928
8240.790090711474
5.41110363072748
7113.530810537683
0.20667867687115926
5.6040451792831085
2.557385118086443
5.000732303790592
147.0860573819436
5.606732226085798
688.6790221693684
449.3533203097758
79.29685745867552
7.28998771714362
87.45311625839975
1506.9973599786524
0.9121900519920882
38.81864167190289
3591.3224017677526
110.1400018338683
0.2901214167372351
3451.1964819438945
0.43690345246397455
77.89366797004556
2.1243639538666983
7523.634820755075
927.8950161600127
0.2696950466862813
7334.610878893944
5701.432024756069
5.527254072171678
9097.632516232092
799.0572307019949
44.300303057885145
124.73417706069223
3.4346630429819482
391.44539014546984
167.09165061222498
3633.3695966222813
0.4066491762802229
0.9204865537592313
0.6168209847783669
62.547436178377914
1.771161995130296
54.87980722885612
0.8513379444392872
68.93310688659518
7.541046872779211
465.448811645104
8.038672997980242
8.582544313871567
9131.453652114606
900.1733380179896
54.35963429724205
9.064737317193178
6.295363850211841
1247.5742258718958
84.75258729279807
7936.037522133324
0.07986982141416954
3.7241331105641873
44.23941822823083
0.074258942300504
0.17747784226544527
188.99708439535644
78.58894122568857
9.639521371246055
0.8703068309405517
5894.443776697975
5444.700081967742
809.6979718042213
5.938760795576287
798.7448463263695
3.5047210790015457
827.680186351112
172.0005383943749
0.7155717179526926
0.6696811357608945
3211.0955049006416
0.33026425496117007
0.2084592877439253
632.0088297750091
58.32632765539436
5819.70985514517
9.677102719354842
94.28194820617594
0.5250227926651939
55.794804948912734
373.08890790610184
4837.769974516624
5.2288839094926765
232.7634498380523
0.9641554220446026
777.6922529681246
305.5531981211733
0.09015368586402062
954.0478169992437
89.77153030506506
0.05655240372657622
4.782143376563395
0.48260979988598784
920.4555296010332
0.04187662217730703
9850.99522489165
2.922260526940125
645.4145628789443
2.399815271717498
8022.46601435411
1.694355439165235
4941.533595889233
3.930800594997282
2602.725380259737
5.050246682076391
2102.542596667275
6.650636674743713
585.6937202201108
0.09656413086607751
973.8697347986557
7850.456811756746
7920.861324503213
54.817270016626466
0.20211524728892838
897.6385290620406
1.0305269072640444
6577.153687696352
2.1957338497560808
114.4550850927043
0.23830939214377667
25.244531641104796
1000.0405126872403
319.8178802093904
1.0247211193180905
6112.746466025653
4215.497376917022
2.8466834894541138
4.042260259780491
0.31138669523359974
0.20709752999298714
811.9441786135557
96.47014914405274
0.9861357502506831
0.4609161517435688
0.919456302259063
4299.207796096946
7195.134230850916
24.463598412302268
0.8622102921232736
238.57219746268078
9168.763003201842
0.9873296589434144
9.164922647190151
72.77928274912907
3.411312222829941
5.266444637177027
3162.744737334748
5422.568239372979
210.96904419347916
9587.524699514926
62.98229862401903
0.43831672279310274
55.207622731871986
559.4395739521909
6525.9637767741115
0.7779119946382023
0.9528909130263086
99.42166590040374
5.8696255502678785
0.20794661719079977
442.5638746439847
76.27576485186763
93.78334979342088
0.855756785093305
81.4292266984563
8.341321105498631
4.828708667087655
0.8778777968473398
8.00244032484865
0.1988782562136353
4.449233473927095
0.8518132461354205
43.940980295656104
2.350809542342142
0.26340426488282
1267.499366044411
4.223988771731876
46.74546679129305
537.4108563717896
66.75991142239468
29.353584697145997
0.6087485290776721
0.6795573065313396
171.9926763949121
8.179162963198879
501.84618424134396
821.1095831672968
52.574397241717065
0.6053951463020495
1.2491662739606113
156.36715207420536
0.33965653934004525
847.3227556221108
0.8661741785438906
7000.060599486325
2240.158299746674
17.350335868284716
352.41602233089833
9083.583290794057
2.1461865107462827
1604.083149249288
7.957176603519681
9.868157888491497
8.646421974340843
48.80794822619027
29.640658403152266
3.2116129042871453
43.04915349082361
663.2968640580942
1605.2113062291585
0.012958444109777867
7007.757257450521
592.492479905117
9880.453822189713
52.09698831635075
6.079264680027356
2.895506011215754
547.9638269735093
284.31814363639074
0.4526960314013846
0.7984113133170927
790.2362102017962
2221.448541440558
6045.186205112961
6909.2451441117555
1.9046836402819778
1457.491531758711
876.4505953293257
585.502962922023
8370.031635532314
25.183321151539662
5.822826121878222
873.7791134228328
1.1909519397727808
7750.815416765307
5.596724218706592
9.395391212241543
6406.958453697494
0.6922192391462293
0.8457996815997959
7849.012219166626
7.575547908191769
74.70027865241103
86.32010816241086
0.13629519189701933
7989.741865802531
2682.117996202127
1.8603925723174575
70.65625512576656
5523.6021030424245
8.09575117055733
99.7085508294314
42.181705624043495
655.743778699899
21.547250844848186
792.5568444438956
0.849639229277587
9000.734002284793
0.698874426220588
98.85755655681405
0.09483519006475405
597.3915826499228
313.53692895658315
2.8373917439722565
24.257467499674167
9007.582335177949
974.4396713945179
0.38235148523529705
2248.7282066009284
4133.745634738698
50.8914515560971
0.101860336126538
0.7965333586160531
94.7650045202038
0.6835048225227612
34.09651335445141
0.695495037451318
902.8715290674294
3404.4255958612957
4953.240232523137
160.11969873559096
5014.488124595699
68.34726217760505
0.4284365128606141
47.560804693925576
3610.654717647299
0.5304434234302995
69.60916345409463
3773.4337004077347
5968.208236432939
0.6865801799228265
9.520223224021082
567.0779565404886
18.88594212743856
9552.106400821498
694.1157865756498
0.7739198950486095
2504.9096312341435
64.43988996100313
4.007393880134893
8922.812502066905
0.10668623802527255
0.137163359942018
0.3203699888550723
62.8399613605137
2.895022843943731
1933.3740847307413
60.80559890939106
112.36582323898547
68.98044449227156
595.4297258908397
95.95959393668694
0.6622854942239137
1.3806644454010597
545.926572440808
3.750773928458374
9363.831785332326
530.0913678232021
322.80401061473617
0.08795429166780944
7395.528304264312
5.849648672768646
0.7715284223614377
0.8170186796183535
7767.305805385608
17.811369370215147
8.141532577712807
84.79571848690732
98.75370121391002
175.88946891246383
1.4640864821213262
5.690155511602777
3.540457700100106
1566.2658678376806
29.781321967541796
0.9271709640062742
980.5609282985939
42.17091516261006
9.82073258291092
271.17059275181566
5776.374957953696
0.553876622495789
0.49798444262145447
43.14485469789483
3.1240259180817977
7.50612134187284
0.6889900809847549
2.4704400426587734
7921.6883041051215
983.1314424089521
717.6868854924548
62.95417497131134
6388.356172445816
1509.785853277017
0.030602155066266068
268.1785499099342
5191.570380202966
743.275560091271
79.4303011267057
0.10259739781463606
8.952466077933373
74.63355059687026
8.116744491224793
4.0051296642850875
2.038744392522418
46.30294778000684
0.6348015078103646
7.955788291665497
62.376598134294646
663.0716196555561
324.0889805437438
0.26345360848862254
41.79465090906134
73.61577219605847
0.4775833920277269
644.0938237673357
13.803710443003625
89.30576128120504
45.640043223003346
68.42181338337373
42.55345247545457
0.12878902417467009
9.905787360264249
9728.746871533162
886.8033011567861
0.18635435631387198
60.89254981188823
90.84229917710626
783.0093066228534
26.968055788601063
60.49939813884235
31.776089681848653
515.8864331694182
5.233454123102563
5607.013781916175
1.6653736022781818
260.53273681861054
3.9311430441849096
1742.940888002762
0.5386892134489412
768.2623255360171
3405.0140638882976
89.87096031324701
739.1398462224557
0.598624242158997
86.36444386491227
9215.410185401162
670.3302180301762
0.24770984349443892
70.94133153645205
99.90013429531963
0.616323235832572
158.66447138181306
929.3204374774019
564.6518462684165
0.3654046345847638
76.98316387214061
0.5230914450659703
731.2070698570519
0.9323712962866267
7834.720430806864
0.6726173033861009
1105.015866926874
909.4731789210192
1879.7551431428383
98.6652828632856
0.2368444738339912
7.925456784608525
394.68596577200134
638.8256557269275
6303.290342046376
702.4318995815428
47.23310840236745
82.26249895623295
4.2026073618835085
0.5304187461137969
559.1603260651668
0.5380549987435872
5.668576286381288
15.84851660773886
0.5234642747739224
16.208382181722282
935.0916127279709
1.4645314077466043
9.374953486899852
8265.98137103839
0.7880847207341557
1341.4305884475675
749.9523687021895
5.548298863925295
8.74937945831512
0.5056400010489134
79.62087679328832
9542.873782854736
3732.304729114618
0.8115214299680966
57.10064873712047
57.71531173612217
940.77781301392
388.61791292571957
41.281326798050365
4367.589749245617
0.640213176710321
0.24816404373461587
5.66920724824421
0.6057412981711472
1676.5896189682917
4.882544392999094
349.4674068207323
7.0506422087734455
2.9888722550609605
9.553984975111629
119.89293714843508
0.21387756709722783
3899.153728858037
672.6214959259246
0.6903062691338872
0.9421506061177836
565.146465012482
391.68532822131743
0.24271775080533886
285.70322538219483
4.878790461302764
4524.094063179834
594.9721314317674
7878.55643734648
368.73694932927805
4926.250866515026
7489.483443576328
708.4285554361516
1.340629490130807
7863.171535218538
0.8022747909198034
5.66517313921169
815.5343098201555
3705.9182081544072
6879.273910747143
2.0285194685276142
380.7735591988225
0.2593393345750453
4302.909206797565
58.9572102196802
333.91930888672164
3.381989624998508
8.25585017478064
7.600152208254216
0.8486911708016808
9.448196143438349
0.16464708138170303
0.36810329343403225
0.5572672011901014
52.50607697934293
4.823971927998966
0.5195363421193734
291.9807789850295
0.8375062345943743
3.2840732747941805
4.059693566709983
8357.765310149502
0.8991066078972608
0.9037779053413378
4162.57504781746
6.3261405041532
1417.2590904484573
92.12646572382613
33.42295075697687
3.470401419018386
45.156896577252844
99.95778135917335
5678.331592998856
8686.100323705645
9.650906823936298
0.5381635702205639
2101.3938917924625
878.5595909261081
827.5368406237841
1109.3984921126178
3.633260825229704
17.705243638367573
48.985881899619166
76.81430164511809
5365.643043224522
8.331026430337493
1.3696457075530022
4.889566192202716
125.94114075950257
878.597489327991
1306.5302315945182
0.6699583634373679
0.3454884874338032
757.0344571801123
0.09988017115855985
0.6143072152085477
7238.091954135809
0.48103159943305707
1.4334988627986167
272.4578088603633
0.8454563487926745
4.149384884502634
0.26228080790594144
49.99993048042285
0.48141924194032204
1.348838562574255
161.33325352711614
0.692490471764484
0.3187497846930283
1239.115434332352
1265.7832014844205
289.8209192984522
0.8299419951782631
6321.313398688652
0.4107212778842305
12.096520267418365
2262.582155211713
3494.005002156856
6.099683606976902
675.8290488194883
0.01526339922407749
766.6144231754266
0.06996637877296419
877.2215033075192
76.73458556583329
0.8815508615496415
133.34485719246615
1.8585768552903947
8338.372759368418
1.7348243719098888
427.9581792497328
0.46948321098759593
141.10351026689426
5.600797150143277
39.1055892124757
0.5606200332618189
101.89255782811024
87.84647514201959
48.88108682909014
729.9682464724642
4824.069387877606
352.87471250918145
0.9696311865742377
0.5905888233503922
66.55786459308518
0.5445955335838717
227.10419041322982
1.5566679095017522
71.90824463781593
380.3248302268673
2.1208088914013534
175.54584000999074
0.2502554604826269
864.5307229430462
4.427143464243256
1184.3291286544688
0.8703631121017606
4820.442503429564
825.7627563813319
4.864689871588256
8.904276879894253
72.85238714825026
3482.601986658964
827.5400765179996
0.2555987079529638
0.7583125259657424
3207.4395753449135
277.6243958549787
781.3010395081682
65.49359958910605
88.5730650861309
383.14421947700373
0.4714716054269188
226.09405110689497
5.725469891442769
438.7887481436622
28.735177388982734
4958.038752329812
2205.439976506286
0.28654621188172025
154.5687359402359
787.4940208201416
8731.600243396615
0.7175331879345278
3627.187372135131
0.9763016767328994
0.25638784387301206
0.12062267325291964
23.686917248354156
2997.6336209612396
7.881660173473733
0.9175445602662885
43.35086021027163
0.7686893060615698
303.38628453174607
0.31484056456283993
6.732495143386305
812.4674383837049
0.7345377494731418
12.039927517186522
42.13982890010691
5322.506692217614
6.984947979651366
8664.631351175645
503.1461020914185
3822.797438707157
67.00154205463214
770.8007112337821
240.04199113060477
9026.83378381741
0.2674218014269688
114.529691735189
8.61139169864842
23.925925556675697
0.46333319127576933
0.6681360347400878
0.8362843590960223
16.524460106267735
6.80822603219489
2.2646232629113006
890.1614721186071
5.900786896135574
470.19693818151666
515.864350444802
7468.149823976223
9781.467173660567
7.544826237311786
0.15986412763691749
59.4039830170549
8972.692958530028
0.790972201171179
9.776612236470717
0.05467744054472812
3277.0125011312834
0.33774879192508067
2601.525448998153
37.15502416854659
6.663116181511882
42.474437862210614
40.86651058018307
389.96670698713876
2.2335131878506918
0.5275265082018618
3360.3025473729563
250.03884843313574
191.1815168888532
6078.377861701109
2010.0032671505119
1.0431738939770552
8.027691760370049
4.2708251181702614
0.3097186477325121
0.7555696786132557
32.05408208459468
74.62235804829443
0.7895791277044856
553.0443322548867
508.2202419747228
5.02310207181779
501.2124201312699
685.607915764022
4909.950554435315
4.339892817480711
1532.8147052966367
3.826002520634032
688.9875138137735
82.84380895619108
7560.802628492387
6.361331028221004
0.717967703843751
0.23232894458911968
130.50937936479824
899.36349675945
27.030325453092086
238.93540291272075
2377.481035712503
4001.8383622323204
616.1082101343533
0.6413245651770166
676.308602017357
1709.1093561187886
382.4541451207952
98.94679228354778
495.01968058081826
4.0506395442825935
74.93440605448293
501.3117096423072
0.9994105720381227
845.4178648887276
0.30265456329333085
2.555881949479132
727.2989087968867
0.38947523431137643
980.7191298038726
711.1120765576461
0.030191692577672513
0.3102823903417453
4.29214585101948
6.5275566242142835
0.3222921687817609
1.7936391444396393
0.23482478793639183
0.0929342800157884
3.8847526720532755
4.448332063679813
44.5469254367824
6.194574236071235
9.41244469053245
868.2748496041322
0.3153776136564169
0.5032084584122067
0.7150803467640864
0.8300771441911531
0.6715849791337494
2715.159097995946
5923.882516688227
0.5546467388938298
9811.81239574041
9.451133528213578
898.7155759676413
0.732320994058149
8222.485235671016
8129.04353622159
97.62878094270427
205.12475771895345
885.4091029543913
9400.510912691652
8013.274102872556
85.49134906952025
54.94859455576046
0.6361762984863283
793.2927856968547
719.8839573563912
3.3977670085141263
2.352271932439507
0.6979482644505031
0.6078408849772438
6261.803059660777
9957.589766711018
731.7673621196475
0.8882986786371959
9024.012074261622
603.9954602989424
537.7247905735748
25.577606914326335
0.8594334748674826
0.2880666876768563
761.2211340141193
63.17248909663484
4193.6741375325
68.59203451454147
92.06591586697519
6.7823641943051065
0.2963589644580146
18.078417365305445
193.53379075216282
3.213827253655487
56.96570440046435
3160.8634873903916
1.804013307948139
259.0160304404953
9.936175308139404
87.93648259103892
9.118321993727971
32.51015917565477
44.974537533801914
320.1004293286648
7989.641514737762
262.2992376690958
6.677056042090516
546.9006722480201
0.18820593794420837
0.42377729416852716
0.3960212812945876
0.597248471731815
8265.414357117032
9.22623372833904
566.1806917826697
4.345838480882
0.786210083042821
76.37109005331094
6.395176605480616
0.22663888268218435
0.9412659513339101
2225.6430252866367
3184.8658263447237
3.9260935120629092
0.2601315742283705
7.152094879333765
24.54514463166767
0.5537628907522869
30.872620357673874
69.92714822971767
2.02274560478371
97.16185782278693
98.74553781110656
36.45062786210027
0.06617061684513792
0.5469173863642308
5.214899094940739
0.7061688516292451
4.353291940501426
578.6136327955547
481.4344077400977
9456.496049467674
2.9863270014877106
0.5958852985337637
4.750345113069265e-05
4623.358609497208
0.3050896529800743
4763.534324112987
34.390390929174906
0.49098051970087053
2.0945259937208913
595.3034818473714
3469.140101709146
6890.185553779883
1147.7980083993812
7417.024850326396
7952.693090823539
0.4328726382165424
2464.0159363615144
81.64787085696281
38.98586670913646
377.7391671571022
924.9538220539825
3625.600974822304
4480.578597883611
74.52033788285057
444.9698031664574
2.325144278658655
0.17264616676448963
226.43402917312017
0.825653406666551
0.08725349389764658
1045.4383481380758
77.35006343311956
25.717239916418922
9.760624188392114
566.4609360528798
1.1282796236961967
58.316052501435735
6903.524386201735
9.495756450756526
28.57043691635649
994.259616843585
49.65549113767093
697.0373304326557
0.642880581615991
2.2298712648703645
6.3088254141055184
8.075272382821657
1.0001761064161352
74.3217348202595
3.4006177894208536
0.23911216013801606
3.2668041235875744
875.5763924095144
46.1540870923744
2.6239444931396614
3.6116345519491277
0.8044418135942896
0.21196676379000556
0.12467211990560445
31.842348376320594
29.301081824015707
3037.273709120646
20.503098944944398
668.7565155871508
43.125620028149115
40.594901400790896
31.42101453668964
4.651675450023829
99.3864892764861
149.46922486966875
0.656909078992788
5533.930729712651
7.738087775124979
4699.1264426705
61.47612833965255
8.907770727022424
2714.22719955524
0.6302147649310642
9062.045501247774
7.809236546402746
3.913522686052422
530.7512053107156
388.3936165615156
1.5388609125327757
9797.332161445409
0.530414805284879
909.446429019671
15.179836413454328
5316.973506210587
5578.990483268314
8979.111056702242
0.5107110799208777
0.38871186761487053
8.969236027462962
915.7144557549003
69.01744395678965
8592.472741886866
82.56808580241437
3696.5051966242036
0.9263803561319228
5.3786574604396264
492.73435175575366
68.10880866279415
5.596981058329687
4.397845350987042
0.6287277732152735
2484.2847383013154
9.79540006418647
9.379397695033454
92.48800874912327
8.663418243836425
0.47210464526746154
738.3933441352953
0.29486859556753
8.28530345017009
4.484321724952423
8.497602453992375
0.4929962311971886
4.6821061432663935
67.65745979006039
11.925191888779818
4106.623415559475
2.5186952590822207
6.397338757929283
17.197647283717167
616.8546093195924
52.303270894650076
25.398593682140515
9828.941646624675
1.2449510010806841
0.05853016412471068
5431.893480923053
0.23841360145043977
517.1700023838524
117.49409779777432
0.4671270100280105
94.80741849485818
782.0647995164431
47.33153352921311
5.849523749646145
3324.8429848016913
168.58150368518378
3920.433337230067
1804.0097443626946
0.3654989797484297
457.46972703282853
5379.260889035841
2.405717527465736
6.972248705504236
8.66602783430796
6.084649286117127
7.554217160692861
12.99522534361518
52.77243092758598
0.4977270341542236
93.96651115217611
30.399703223518916
9.388747754812133
1.595070712328639
6.0356082176350165
2197.2575400723017
67.32692905460961
52.85504631319411
4373.699425812566
70.86773345325557
532.1486777347352
0.45789970863138507
769.9951134504812
6.406572906226005
76.9772282260594
8.991599308420719
0.5274585985839298
41.488014834947684
0.352470394325044
0.9087859290381076
378.9220503386567
7.83598918513454
0.6348743627157973
0.6764018401388419
953.1542637544445
5.560079206877927
797.2332775477025
7085.528900469218
70.30141051235853
8.321555606665944
7918.956035413521
26.834997145064133
0.14314555933296202
32.318151838545596
113.001202016907
0.5436559462010947
0.6353306371106225
9027.724097078577
0.3409281008599315
64.58237150078642
381.1032248173506
5.2521689354086645
5.9931412634259456
71.01475473008489
4.902763486026098
0.46899292211820065
243.99172794121816
9.35425737212836
787.1009031886791
0.35821609231138585
0.8732379212322494
183.268036838814
20.34846064665793
9302.888522410578
0.35962766893335996
30.43126398733954
4204.735641819724
0.678587603030254
9.41764050454317
462.11881606870065
0.24188701278320213
73.42108949179098
0.5878161180164578
0.515928423513248
654.4827692983217
838.901582835195
0.5402794610273093
5103.302200650936
1.5291325974597547
0.08444042146758646
0.9130119268857002
9767.943186138511
8.76522876016076
7119.923117412655
61.00797670459488
3415.494535882685
0.8823421296128034
2991.867087457469
0.9656332053980347
1.831256280164023
2429.6546886296433
6.405441216854518
1.747089071012764
97.9777345244998
363.5574557836811
0.7353941768762726
1.4864421123237381
65.48629858315854
359.2781416212393
0.22445978211042028
0.21033490252522102
0.4011408463610169
0.9308706019562449
1892.191448595315
29.34070820548229
49.459152815337795
1568.2070765978794
66.73036537996188
0.3429576779594212
6.78233981541063
0.01873260489063766
93.70497482497854
271.761507308133
76.83007035206441
222.49402839622968
0.8710626215301248
1763.5118701456165
7210.418876211239
139.7514702435141
9146.708493525513
0.9969908558963564
7.5767036763747075
0.8638361138337862
9.667112844323192
199.8123288472512
0.7073421958947596
0.8869841110753284
256.0577214204106
2.3090416700791017
2090.464146915404
2.9745366835680285
7.194974270218999
84.78092159576445
305.13772291740923
981.0570452524048
59.64219679051538
4.304007366077268
61.05767218052463
0.9835260827504417
0.5779246184021412
32.495106206517
81.44388662046467
638.4963694532005
0.739649922932117
77.33516787637691
32.27060093303032
59.230588227647885
13.688812653595495
0.14146051415508476
99.3148016900818
8343.760303159721
67.91463407642554
7.5930803447680475
1.969751061651115
37.6483074521185
0.9139342022742211
8915.780271851432
11.468204220032618
59.80115072324455
90.34947853573237
6.148511649170592
1.7358863493498988
0.8301306898861907
0.5237354654047347
6.819293403718586
339.9829938281602
7248.614910821052
9280.735510423925
36.493162067386166
0.8076445039025388
16.771335509788354
3891.1976083761447
372.667816210879
0.6811146891182714
6.084500609892372
18.737449275885954
82.64531781244744
76.11142394037182
3692.6400927466752
33.76922959433334
546.2761626221691
59.04204548255808
47.805797934028405
7.1165749399251785
0.7741448605394773
71.90719496016304
98.90649059321235
0.13483537296598447
350.01936158781723
143.19991441471024
489.7749643780076
5.799225430047592
608.1887714303558
7.931631299329142
4497.753937988516
9148.017334583068
431.588931625546
8568.83801098269
4.565136127235486
85.27346852730618
7441.872235706363
44.689110335912495
9603.583289421416
55.39950046330663
400.0163689868796
17.4735776877606
360.046381998985
97.34439927210676
6.253654334429131
57.30418911286197
0.8805786552860462
593.5897434907349
95.99416610208785
864.9359856446182
487.3930996748309
52.05679388126278
0.34400831142682553
24.784551231701123
36.64972505804198
0.892939031003986
0.44422091959964194
4.643756642190322
9.471538149022303
34.43752190391724
6.919949355416773
62.56244271292653
3956.2878789965926
5445.60905584369
150.4213736969513
0.6404955732801265
3262.5664315561853
0.26251834405916663
2532.8014994169243
1.5380110678645076
0.2964245028486292
96.20135529109929
0.35472377537530975
756.2361434026054
0.8420894683469167
891.8674654622014
33.645416925951906
157.86065015935603
0.6944948249488803
8032.862922061497
96.52901594216956
7666.649327779188
0.12393341511172162
41.01929913652336
4070.852769066674
172.3843413475481
0.8648751104318962
5.231585585550848
0.7790344542945629
415.53590196614766
53.77937906331501
336.5344951084458
12.076743961481096
76.76654251527299
5.261748260625176
0.05730856055617173
50.69601085690546
2627.9428714801734
468.6041297063627
0.5767099686833383
6.362934909138995
5.924712119241007
3924.233100524459
514.2916436721331
37.50201636868936
80.93199208062852
0.07778142595380422
5.273798390527407
2549.919803473526
389.2607832650328
0.20771633084976993
9.296341091922102
633.6914201670878
239.71228390803867
7.944549582951885
0.6389609058141322
5.587620426830933
3690.093877467484
2.8660721168024206
605.4825737205982
1.5965000137899432
55.784202988440235
773.8049420666617
6433.801920467599
317.7293598994011
277.6201648066768
0.3096100410557723
0.008963969464172217
25.39004276723802
835.3697858131535
22.605648190115957
357.6626387891797
243.68014225178158
47.820954897113474
2290.7414404759306
854.7018427117671
337.19747283790423
691.3894272863844
1836.848358637745
7.64630278195477
0.7024560852575279
495.25111600430927
82.28913666364576
649.5579732179086
7412.6683468693545
897.0245501110734
0.14276086067182325
75.46967874690014
0.8625089433557301
464.7680734967046
7.043978226596246
0.6516174172388192
8.068864775504046
1.5993303683419602
334.89476396954166
7.687605963168098
7.5672201244693005
0.1318760222185852
0.682039736741867
3.640766953895098
68.19630461088354
897.1912484570383
0.8903346931060763
4.066911024803867
0.005325274133447966
719.0916478474735
6.783615539635255
5426.149796870042
0.5129000160364983
6.405328347844509
3.7838033417636874
6.5225662864463105
6.550542583058535
8.928341133900723
5499.137378096155
0.0015087579189571043
32.32706652025594
70.43122170896932
6233.022453212044
1862.7945962042213
43.93103761092906
3.768219923737944
1596.897487233111
9922.026944833888
3.7974282884487334
0.24320158219528265
94.46339115131025
83.32295231043884
7.027731821291572
1132.5988691170774
5481.423979232009
39.79769159396452
41.44445610354587
3.3233717508777127
0.5629490470784488
870.9444065391342
0.7277745030486445
4.68305844166335
45.92036995436134
0.885970794776847
7982.057370730481
0.31280981517695206
8390.858456281157
0.881170671975048
8775.171508704876
0.9925596435868134
60.00704970628513
1492.194528767774
4.764390783923854
0.38712525884514204
73.23277663085837
99.12450711784942
0.6948232589386063
4.601165168197304
0.526739182101037
9.158845438916774
4096.58084077004
24.691877257326166
8.174356857394919
93.422578651855
27.598287574010037
0.6585504580038992
9.643502923546167
15.590162829152376
26.45410628988283
265.1353808334368
1152.6604107777027
43.548039286720844
4485.846042091768
1.3095277445979814
603.9367595702378
7745.228178468371
5.72204695667946
933.5232893610394
457.1880118217798
5.093696562209801
0.6538552344799811
9830.075513957374
0.07901970171949879
2.1439406015675857
0.9200223499555714
3.809342195252403
0.7042984144924366
400.77822391464747
0.39685892840159065
7936.781258102995
82.375695229181
8.81240311095487
0.542262413864666
5321.121175346236
0.20053483410915185
0.9760856092072985
6610.886074796915
34.3484866036745
278.43226124240937
5696.5408468720125
548.8040671415935
960.856767586361
802.7994949058292
5.720505557791361
304.9002740285081
1367.350748949756
7.850298673399269
20.117817309529517
0.371697449584798
4464.329192781577
7823.918200210215
4.625277763960852
9270.767097496764
2.6760548383885596
0.7377037922087707
432.42879761168473
0.9902406169924393
0.9576868399463583
0.4365160580939701
9793.473852982384
86.19477506675443
2155.4077939864724
2967.2406342167346
73.87283431605648
1.6502370165134672
12.801743773872076
96.37782448834363
5.7448928307397455
8252.41891684692
34.67077686157879
3683.05039515788
2827.2608830389513
1.8193974189144935
0.6969108544408731
6.236893819500102
7.875406738943877
7757.486829970367
1.5698792309752796
0.7266404138860895
4.79739782250971
397.68332653596497
7804.833500757412
7.042566161169901
38.26700619160918
9612.845282063503
384.43113567153296
8.165091071558594
3.4582578823352828
70.2984350002348
954.9191141391991
32.75631563543955
0.5465029007689681
5644.979854619142
9022.19759639473
6.4443880335732775
3.07695407335523
0.530759308233346
0.4763562707751756
34.62125592392302
8968.307273865594
9391.03619661912
5911.847727928998
5191.572244979863
0.02461596470987537
5181.276365122304
1.6778220619512063
938.6590453912953
97.6657121005708
94.59856923359072
21.149798674174246
566.9331820624889
8.775385812963055
65.67057096749772
893.218460035619
6.379122248263521
1.3066678741141147
0.5238043825787849
0.1383297857254503
52.95624763950736
0.8765744660740945
17.59197451952016
7.577517568350034
0.8794387285111972
0.13204866913365776
5.133136831541222
8262.170809061861
860.2350745820816
0.11751583614184347
244.20376743440008
41.51967798091684
7.847840924993903
186.40911428118446
0.6445290170660211
910.9461650854003
1.6492866065770595
35.681494720120114
0.16408564030066375
521.0889345887416
12.362698440195896
474.7378777700617
85.34502906644423
49.76493766429978
5402.961799388232
29.098723793848315
0.9531127662978125
6432.330343911156
3225.6245442104027
0.30127134610162043
21.291445006991317
896.6435846654778
0.03768070309469507
0.28253091305548494
0.11718591286171498
16.78029064072707
0.7857292065208623
19.671515295852217
141.19601114244261
76.4420119907658
3270.503592791599
92.69172280306348
44.57378814260681
0.6871371244104688
59.86013226320953
8.08554768893941
1.1543639834954433
993.60711850336
5266.111275149612
6865.47376019603
114.98164589632731
7.130549646877493
239.93644860895625
935.0722462896408
8.867340142926405
1.3124192248976985
3.461278252078026
3.34379791248538
7.7621265937251565
0.38234288821202467
0.4683440222362767
423.49743874418755
161.5187060112684
22.684426890488517
134.90791681889823
67.5497247346724
10.956201983696367
482.49076670561755
88.05448659050855
615.5982804730905
0.04108945266757613
0.7255911879261115
42.24888705309367
64.55831608248485
8347.015581835596
9.967891176215042
502.94336973484565
62.56554268264517
570.9078690445081
478.5362536605093
9061.069632777057
0.06656264878356022
851.4062146039307
837.1107773180431
3113.5828059768646
336.76450241767753
0.34676981856822753
607.155318129661
9037.200318303272
628.2135654986583
18.375075635127747
2027.6691367495248
8128.603363446747
222.52235759750883
0.5763286999259652
4200.67264352478
70.95604929241058
6472.404908175132
0.4170890052089782
0.3206704979334962
0.9807594060850869
4.926559131141396
983.6655689893306
510.29193565824824
83.39220019348154
0.14975749326476606
0.5276434269734377
5431.34334615903
64.96273979713885
0.529076293546572
0.2687375102529601
4626.2920994359265
1482.877675850267
605.1920197676436
126.91103396486736
2.412520880756718
0.5701888641083593
8353.085721686388
0.30279808457144597
890.9190798727162
36.5828044874725
477.5746266795967
13.32708738264664
331.6029338838029
8.148865238699207
9.690495612106986
494.82449019173634
9633.164370976663
28.3057221645439
0.48376900039198045
0.7600898963672538
11.729880919048197
1514.3102775599893
8848.7377748469
37.63202563076729
2067.360123141754
0.008340729543773184
58.026478278171254
3.1359129712998945
12.17470151285337
54.17138029500681
3869.449127806762
0.02980835372279156
7.762169225178834
0.48076287007500695
0.5936062926230381
5.003685804912524
99.96105186229534
92.46173489451104
6301.522065509587
0.04537863725842739
6.483346392954257
4681.288353028408
0.23611255542723475
5.381194971448188
9817.317488890174
9.214891241066919
8.84832154944325
3.424718608221644
0.1826639715166789
461.77247267686784
94.1848340789625
3254.749453579939
993.6397625623794
910.4869392165554
4.183332091833099
81.44200993070096
33.400007853136685
37.5765294720028
2206.1462979735024
587.6747777791944
44.28009071967082
0.03156502658123628
0.650930946904954
3533.0024895140564
0.6139142566175071
0.3268575503675941
43.93066557755495
981.4222339228002
0.6191317366477822
35.30618849936066
4301.322866216886
378.4341624039056
1112.243922599422
596.1394433130221
9144.943202729242
28.697971404120693
0.23482352130351847
1264.8755248952948
225.52940961375046
28.429672125260264
9509.262118277495
62.040264670449766
94.83883442364328
57.99521453253092
0.09735965012784975
309.10709572905847
8.521497525116825
4131.775183711239
0.9602430873075118
9.644083705317495
7.1199756880181875
0.2833308936187683
7.652051794803777
0.3335414985612437
825.3448960192245
2.689518240299742
252.9507866746199
585.8618270132389
354.79001707733283
120.61562343963772
0.20142785138898833
508.5883561735448
269.6191314053974
0.6165514106790554
977.2241076592865
424.6289335448542
0.47490108978178225
762.4725535349655
7767.875968395691
4394.638264723888
0.40473359713036494
6.8231145177620345
19.530751209482887
16.490421672221988
5255.714959144651
4206.909143811315
1.890022247402282
41.730384567846755
6279.264747610638
48.46728098758011
170.90637285806508
5.665260388007908
2436.618627902348
4836.583087915194
2.8247727630720587
2976.7985307628533
0.6426956340440373
5.871073983270968
354.2497249852702
6.224528243221891
27.33622481706679
4500.633933078994
297.509946172271
7737.703316777279
5.354422548834617
0.1976074510826653
872.7358494729232
53.90982986947679
667.3395976200788
1.235937975378173
784.7255065452587
6015.028518540959
3.8457149286792935
82.0376589758741
60.19753972556454
0.528476805545664
9.790554552397994
8532.762144480803
685.3472516683219
420.4970568706336
474.22292974126833
53.47487520901119
6.202121716517971
6.132066430461651
5.485383792848618
9967.666548822399
7.350716702438528
6275.871847193554
75.19052543285156
0.3696511882531107
22.683499642997486
0.20873918667906033
2.4162567927375145
78.32181960007404
0.38491878891134124
78.44591387762031
6536.248583814054
2.7524888030356367
0.21241507686452687
0.7419613255265003
158.39119432119242
42.257272967501144
7220.43766685099
0.7062708584584019
45.867930741700405
54.290312189969626
868.0409848438051
142.91153168311078
4.188263266720698
9306.837791796941
471.3852611691386
3.653122376228274
73.98507621267592
2.2987721526952765
0.20476130584697938
4998.007269540737
0.02217578491223282
3987.619044828853
1456.5252804786755
0.7149427069407226
2185.0058880151823
1720.0787267818084
37.39158609258304
0.5594283946121962
1205.481064732865
8.05974613003102
5810.783345226797
3.8577795614519017
2.88860105922804
88.14897540157422
0.2592682851700374
0.8894606823725246
283.5961726973265
3047.6464989299757
2.4663014356405566
8.850685411127394
665.0149143275531
0.7622247495277644
280.26571889143514
0.33613873666257343
1512.942246660076
0.05159324131368792
928.1941024387553
0.1629215002379245
668.8668797389399
8168.929587411609
0.6204970893111803
8681.779292194502
97.58697381068298
0.8543210090868727
7.858771456536205
26.71552913827585
232.05347060189908
78.68563018953367
1478.5753361990062
806.0524709562014
467.2333507831278
3228.6862954051976
1738.5426494154322
7648.525357674506
8.592422085139141
6231.898225825461
312.6811762638878
1778.0092377260503
10.47104681666523
1271.7053434827885
7.693071813530613
570.0245669631299
0.32400304837535887
0.897503348935913
32.57640764633714
0.17129342393167402
5.463071261797545
0.23547170807930795
491.5443939460059
1.5427638113090103
0.9888296742169939
1039.5876152392736
959.4090481508335
88.94291317519811
913.1211809907251
4724.940651345359
84.55285571879367
60.72557030932251
79.26006541643193
39.57936258471166
0.7270215008201586
2.3627592289053156
266.84139416816987
21.715782064188417
9172.181923734837
160.97250612889403
505.96521195301113
591.1095784770338
387.5781897843731
797.4963567858695
95.54780468532576
8.256778593545997
0.08879354669441364
8.085616230372342
503.22028851627056
58.708631062160364
598.7373159762951
15.806666656440582
60.08207684728942
2.3251312559327264
0.38312519531644607
263.63540723699873
4059.58553710098
881.5636474245188
2650.016194375834
0.3465780690187549
4243.195519654265
2612.611237005666
92.10135250408102
6339.083892937883
487.9934266615874
946.9090924273486
6053.923805980006
0.296997545471418
0.9304504761369079
74.47678500583798
2084.0489007149754
4778.608427956726
0.34928600524905595
386.89474936709587
1510.2515085011826
873.7237486722471
75.90337903460342
98.27608432290656
2.508067686157176
432.2833616522735
461.6229424942695
9559.545983098122
9.268267658363701
36.796232884763846
93.57955175182121
6987.297116602055
0.45209610233185193
652.1219751360219
7.702572227023138
1.363505110014519
26.252979084550255
3.8230351097191773
7115.415045645149
4.112372641769143
6315.365032462783
9.177853249845047
8.537209573485537
775.1448505318415
3.5939419280650977
1818.50772888847
93.66857659250194
765.1716976705143
50.65811218028343
327.3389824374262
454.48426249650686
97.98427376699088
31.136861620249057
0.8639331934283808
0.44834732607845884
7360.487363359776
67.32151634316335
4.620668350325308
0.6717469839568926
4038.6401305773757
2585.3783494935033
87.31439919415193
5982.169864580025
556.4796518115517
49.66818584505902
32.53648047799462
6127.187232444547
25.677308741477113
0.974308594331531
1452.1766004765402
660.1292390135962
58.84107676211303
0.3413827392724883
0.7395301179402288
0.6166496009228251
31.881513046181276
456.04744333378244
0.6734700614938456
29.671794647832794
3.968939387239586
0.7093447023881461
0.5762290879955418
0.7766123019285373
0.759389162483336
0.34237820922587203
667.2466971606128
751.1017479529127
139.48066321234808
0.1359530865814671
3.3989751043465075
677.6346566003248
0.3740304074863853
0.5584375016623082
0.7948039492877796
725.3839902182214
2015.0715983217738
3272.22214526371
572.3582108636291
0.9815354108566451
488.7286667972801
4377.42076907252
662.4223901188061
378.3190612001701
2.435563135422858
42.42688611075523
0.3662859022504984
9.654471600943053
9.966143519412103
0.5984497967656648
0.47686612056976174
8870.603404852902
3.492368008859085
50.9716204294156
691.6455324748563
1135.5520947579944
0.8362571331799489
72.07595848078572
217.74263306502806
88.29362337474527
4.13085213971782
329.16091372312553
4426.019948909772
87.699407690013
0.19988959431042708
8.692575810442282
0.4637789604418088
0.2812690237551473
57.27910301127541
8.713271615174937
216.25292578440624
13.7884108574731
25.462634075677038
2122.3365103821566
9646.281351680074
72.97166884818648
326.9223337315654
0.028608450118553064
885.7796114231902
894.2074031518833
9416.11801670017
45.92676661965365
6.124336498574681
1289.1219550567523
343.41072095527716
5.16481935585309
0.8446136556499222
4469.020378287475
9452.808730345709
864.7588815551177
79.83677834540492
17.36616153028724
2157.5894687905115
59.024282454497204
9.226285284157449
74.64351964029373
1050.1431566922959
465.6743312821601
8.195470256618156
0.5075517973624669
64.37741341432597
5348.336110827594
881.5820223847992
485.72128651179867
6728.720418772635
18.21960649114718
839.7837851797494
48.49666430029893
7410.976571042977
0.5281193163088381
5008.288728825101
0.2612074147865817
8934.607000091943
38.16622794569295
8.031129392002295
6311.182205521382
41.671683465711304
8749.004336635142
0.6464089984980854
0.7571660493321454
8.319694120546039
0.990327652741152
8.432377294141757
562.9311785771165
8497.131589680126
51.00080612229417
6.025107296190214
0.05040678895743134
9.514626016475864
0.11348599906019807
574.4448158485449
0.5476778537858425
9626.237438745691
3013.653486561909
85.2123043263211
6817.92121731704
51.286757645971356
383.7854671509844
67.17877174993417
0.11254951862771279
0.10659628230032103
67.77460490892949
5157.150861295081
2.542640637717696
2612.4091497985046
8.810805672233489
23.75665351502798
137.48779290819834
0.3644403618944738
0.817463532476687
0.9366390499512556
98.79276438735415
0.37528877396378724
680.1256258635661
980.8625469412755
98.84489312466106
0.2570699928298529
0.01599389238788884
9.886260974460136
0.8974936579331975
6.45683825798768
3295.3473628301776
223.60141462680429
1.693346091664738
46.02382666691738
99.81801144939678
8.057985780751094
10.552362680209882
216.68126589640124
629.0173428531383
0.03975885709064175
5.225994870143129
2.8561515959487016
4812.562119194428
5912.509976897594
4779.280374159286
0.1847745972236262
3.0216784399273666
54.833079491660605
777.71657478398
0.8695327052003771
8.868087686598557
58.44388984505915
3.707692619592462
64.580515567264
351.97000283195734
89.36083112814059
763.4915164316392
0.20085298149535435
14.23997744023775
1136.6606971117733
6982.958867939701
7.518084359520348
143.95428664489796
5.7907457610175115
96.1225690823293
86.90711664831721
2.679589677811588
97.48792999508731
488.33415479808684
41.09981291192485
4.889904563323397
9886.289141131358
59.02108380358321
3.762032349676864
4.361107713074114
0.3775670642425306
4.550388374452011
50.53894506025398
9.749708800961805
70.06753687725242
6.749281854525407
3160.628253814094
18.87152890280572
20.44244151943375
75.45199481751979
259.71290476145714
89.08341735681014
34.528930276779946
775.7988196081369
216.8889767949964
0.008515734091566474
0.5786406982076957
0.6977660647904529
3425.570367393738
8.460310541522452
2364.631409315805
815.8618330091742
394.2801487801383
8038.109218676202
0.23627567737836463
7561.7142644451205
2.379512715102914
83.73551494052866
0.17368954502454514
4465.576031728402
3.833158123213792
9381.386939083213
84.5315752313676
71.4543637066133
1027.679175208518
77.57158780393098
0.4565548503036021
1.847632493768655
80.26822635095999
919.1720384571138
1.9256983832740548
0.35635764692083516
830.340844384201
732.3342447665538
4515.263821283851
0.6499554805640032
105.3323022909135
0.2850537218229987
7175.107446538765
9.510707294630016
0.23084412510657126
9670.281542519946
0.2098499097968003
2681.0624008453387
84.4333843365871
34.17382650860098
922.6435342571665
5.402681487469604
99.00946191122286
46.44759245051103
91.66710631285736
702.4571647417437
67.1563102307321
0.9270879359404216
423.90675835813306
409.90496823987456
0.7535116201109602
0.3713877508317549
476.81822004207584
243.14555183111096
0.6443355440070097
266.6064501627268
9.106209643659346
251.8800830663316
96.63749484820202
736.1918435339599
77.72038162953523
369.73299348341004
0.11213215647691266
64.16636324008401
67.75400677849665
9533.853449454207
1266.749770829294
0.1191679294214868
0.08402733541246399
878.0596563573711
13.967740234447135
7724.053127757754
7418.910240586659
9.403051416947417
309.3307320001346
39.449032455593226
61.37877045710061
969.7755331704474
5552.883966618812
6526.866287322866
0.22313363851107182
78.82035950842508
82.688887819825
922.1211517109388
731.4686073205834
7093.346644913598
517.5986740796424
0.8359046106874273
867.4139165434602
0.15145908974042432
9002.943902814563
5623.2678364529675
0.2478683806315919
56.68453708870065
0.9790083833049388
166.12503258221622
0.4044628904496764
4181.662840749735
0.8014554176549886
5.678883221277664
8579.345576073472
0.8982875649875589
177.26332989610538
2227.015068510502
473.3627768697665
840.9316133615774
0.15555751052660893
2.156081512605308
0.2722866865004677
0.2928491443829323
4.1849869909119874
325.074333723041
14.273688024197916
67.17644839473947
803.7923836969841
8416.12025920121
6.872123036176432
0.26588083861168
833.6208857656188
53.56964618174944
0.5762768144845862
9.148647179840676
0.5837829560513039
39.67004881680105
6005.911119911127
2.3123381273053245
1.5128553432113467
0.9917196475728551
2.027342167002467
0.7639986327432278
417.64858777521573
4123.524932098294
0.38642209749957646
0.9504346023213699
2143.7686992437975
0.7628843387472484
0.7319765919437297
0.2615679226819315
8273.318534787175
0.6253246496305627
0.001130100064172579
668.7726617749164
0.6764322119975917
66.29387489841272
41.20138592231272
0.4349572350359048
0.2690671581044223
4329.7606176666295
0.9792939363601625
2337.9062876344483
538.3847609541021
139.11145811719905
0.28258103226007847
814.6343225855455
5720.954279527281
9.893444091295194
0.5405795543845919
2592.401913392124
3.6869622544897784
0.4707060278747124
8.992307432160718
100.51423031380847
2921.4074967183446
0.14441255472002978
67.9259144202885
110.41770892219726
796.1057692518982
414.3190192474845
4895.65562860771
16.936599713650903
8.232366325781744
7447.1970879754645
467.8806886136537
4.5445310272069115
6.772051445825985
766.1071996628406
10.849172898872695
0.04783439881009721
9.370179125106104
71.35675520699232
0.24404124347182143
3.5334714736974004
0.6837553769095783
8811.718091084373
93.75867168442676
103.1209832373634
0.5877777292519709
98.64257208449843
6965.287851720405
9.282049245066267
3.7109296881981466
9246.10989727195
29.869818282907158
770.0632135870234
49.89670041455286
0.5369890315775783
4374.602117540596
8262.510021217795
0.9420887393206085
39.22100605203993
267.1590174435894
0.7912775747196245
647.4974213071837
0.4436402827309781
4093.638438161261
1.9215447664915952
298.50859911450647
531.3019540934889
0.3590771779465217
549.43006202613
0.6522713573352397
837.5882835427195
4.657443860691863
983.0424082756089
75.92976099929382
2616.17443062663
67.37993972965599
9480.895319733954
0.5052074685091372
0.004238278024206732
84.02599815496488
681.4261779204272
24.504376156199758
3259.317785547686
4.475876116551358
0.6134797042766563
665.9274185116739
0.23759173751559226
5.105771838075071
4245.009117202823
2493.377312982512
0.053492440850836376
37.26350762994323
3942.3625861517085
3.7426367401706297
92.57084981957719
95.77708398811336
295.8234088109734
2.9691269107401275
426.6173333791051
0.5631310855813662
53.261614279358064
5.9870094837832575
93.63907749670508
0.7019864557611808
6693.56721758672
10.564715059113272
4881.19504742763
591.5392489833166
0.47497306916289395
10.746755049100576
76.82904767433874
9.528778859458036
2.9413287545520097
13.913488597827728
0.019284221998311146
0.510562495348594
2.889895579509767
73.10788292681639
82.46428929169474
6319.9079694162
197.16872332933067
56.63165761548602
166.06410631462364
53.232222990408374
0.41685016192741564
809.8979547506775
0.5112148455664622
0.3626549701574333
276.6953932749837
0.4912372111804788
273.73910092291885
0.5200529646574377
742.6465867011001
493.47394107971775
0.15047623551081135
97.49027297002112
25.323762677060845
94.44738332659963
1804.1535281928855
6359.720353074394
2.926011924540617
811.3007752437185
0.06324036775837161
690.4898739380811
231.63689277191958
9.240052715734176
9.181010830901519
0.30139702014465974
86.37788258421874
7.202235168953999
5.391872348114346
260.036603030107
0.05176042766068045
6.4601914572493175
2255.449412638295
1455.9055688280841
8431.103072684473
72.69731851802727
91.98756808641487
0.9729243892826622
0.3314019831111412
0.7199735407741379
321.17970830049967
6023.7712856417165
0.41818683404627033
4.591646854059427
418.9680655799664
215.6204845413723
6.271532181114647
2.7638461347772414
6552.832856895771
0.9518582577888844
0.48392375997046755
3879.644481390756
0.6242801164409691
5444.8362915250145
0.664589588278196
0.7749840051561978
9077.44907477939
29.217296905326695
6029.004570329725
918.2652216893908
14.420601801882626
36.01642134711788
944.8795767836987
39.51164511409429
7.767219346499691
866.0722160659975
0.24159371008603847
100.38528485857657
31.060329381302797
54.99260307806586
0.43554750679478915
0.36693554861727007
355.0053419744781
0.8234295969999192
28.7493832247629
185.276424420446
7.784960349705705
43.00342152866382
0.3529974417073747
15.104589148232472
586.0123474659656
0.8026808132957717
17.821108289423393
94.52497845411177
9.052693176217776
5072.621353599878
64.41493915294848
0.839808333891722
943.1120431929295
393.4649999179577
0.34949410862325025
8670.312446931928
5590.236590428183
0.2125493357774194
139.8677131567314
7.3871319147396015
9.199303886404046
0.5209992214232858
1.4739817529757848
7261.261796193186
0.21525205524451174
6703.020609947512
48.687772899617954
88.10279043248725
0.02173783099484461
4198.152567831542
2.1133945012351774
2.3482681910399505
43.90709060540288
289.4156150230961
736.8296744796382
2621.7332118075064
5490.843330936983
7206.291568517498
34.842716317175736
2671.4329171089603
830.0732739826565
0.9692444767052033
6.236359000024239
379.1140759204461
81.25295258398228
4.940461284487402
286.36992707540264
463.68048362036274
7.443802021446018
15.913855363475736
328.369388188815
3041.3044080325813
5.813981499490004
0.8924459563362956
0.3446467847184612
9721.47752692771
1.5638307166340415
90.82017827298137
893.416545525953
0.18730650922126024
584.6579240532157
8.822186502802886
83.78598984096061
13.480183906914133
612.8501064705522
641.9605726044066
2061.6894423460153
714.2519536006021
576.3023901988926
26.096354733486304
0.2626593463614021
0.41882658373814285
72.6046833924237
54.742819129271304
0.028040919370945216
2688.7308782722907
3984.8672545998197
0.07086658779856148
775.7102439613618
786.6257208092052
798.1244798958893
86.61285026592486
0.8637159701670191
0.169490940942022
83.72694150993182
6.774813849840891
4021.8044832794985
0.5133016678795811
371.7448373845701
194.18555302542805
7.721550347689745
8529.910751274814
9113.055717056835
53.95736153807318
651.3898614877492
527.4927771901083
21.09575560852006
146.55144011352328
0.8261137997548662
3360.3971465103587
0.650676178510329
19.70645397838693
0.4396428059205435
803.5501438361505
18.872540021207605
6846.006969385874
8.594372569320486
4.713241873657067
0.13931845500466566
0.2794583081305383
4168.649797003016
0.7080400066465664
7963.89207111113
9.468668289028209
9.862978929612932
5.999467978296886
1.975021436662282
5.584708151564987
73.64086946968662
0.07967956074618465
8.269838270223707
9043.99052292023
0.38366891780375767
9.991745822460423
0.2152690263227126
49.51084549364446
7.456034026258548
365.87260204834706
1584.6940847592361
727.4573363317271
0.5596705012854641
9499.597606077035
9.531683364804868
0.45362595308273024
27.51288957804332
64.26860168914527
0.3679633041742225
131.53215597680347
951.6702034779266
771.8385553373182
6.2482269475462715
5526.166757589283
8834.52824148757
144.23052266341895
211.76775161911243
195.23665062353467
11.329646247970516
782.3440689264321
2.7426506905768875
3113.092571651013
0.6193765192862877
8157.5168074749345
9.214339688078235
0.0623511110553856
40.56461533536765
0.8104349591643822
732.1664356884976
5.379169917646971
57.96819954682295
54.63062571314528
32.99993358976967
7.307188873115643
2.0033750779694826
491.4674657196458
1.804341802838898
52.76056474033206
7.065580951958733
3829.284268212654
49.28298264678111
366.58372244944945
0.810353868906879
3074.5353454922088
875.4707514334658
6.504910569797561
8760.503631793104
31.015901169342165
41.219800235712256
707.7634399085342
0.875851024094291
2.302076505679219
561.3763149339618
945.2074083587082
3976.566700750278
0.9015767033091964
8.74490191385009
997.267758635419
43.423830707594476
8.795486709208841
0.9431876328306649
6.708212232215429
296.19680793199285
8.964911003831924
386.57857679449324
0.5194785319877693
9869.493611898919
6.515926394693443
135.27917888123764
0.4653785551274843
0.7386957294201612
604.260503349656
0.5145610357982687
0.31680760423042287
8904.88320311952
0.03614632442872856
44.65520789635986
15.710735604705551
1.6515996941475852
10.702608559058636
7.737703458057803
39.22829907021863
412.64066596568284
9593.047510164994
318.2241032636322
3.596941700038224
0.2635360322723225
8.535589516680092
0.1477826657885175
493.70357580545976
0.3910894694888537
0.4170901085886942
75.39115120985636
2.0753635384817795
9713.194658602573
0.4808604709258292
6.701326557118498
0.3001032441137287
333.4786312704558
0.2873248915460469
8200.241786759707
679.9853884435776
92.18206549243607
4862.081558390378
696.0107693777331
0.3648177106403059
0.4763975848671391
89.07950521102485
45.259470104313095
7.40119672259357
4953.255446859598
84.75940418263717
53.06409762862273
7.057216301909252
3.9871194911074492
0.019018939071606566
8.81195811467863
9.948674916792509
33.8981491966975
0.9890738568357779
782.988270906467
5633.688270318104
9242.288623270213
0.5223061310978553
0.40307093692949714
26.145388023948424
13.129364061096505
4.127327850097156
51.4808671259094
908.1695207964693
7.2540458874271305
54.11106464863947
9.816995989442733
0.8422507081754939
6.481452093272047
3148.5219183871227
7522.346621032597
0.008175659626662668
5804.784527193216
8621.313806418344
9.687542555789983
0.9523158474772948
4750.9460017421725
75.643729041037
370.7598396957853
675.1984996907771
0.584616171970714
3.2877830245383532
1.603297454882886
0.39561354496837065
9.926883387914595
0.46399328774347715
351.07017493905215
5.815221694864325
114.11346616644491
0.2160499478350515
755.1773510350752
5.686947587310012
0.7635667557075243
2411.147971236636
945.3325252405675
12.407135112023937
0.6766372665435407
0.9646120997931388
59.79717156863923
8.301018530915139
0.15021048012448968
0.8726930107752847
335.9904766266969
90.55310528578646
480.2234938927097
7555.535723937867
2.0979483300709756
7.688979483393899
495.9501640208215
0.09239373449212596
245.0522256756702
224.865962780874
2501.8059080725598
37.08617861290825
4.485913321098629
508.5838363151808
62.21777676450198
0.9046380350349128
14.484627880085178
66.37592798789366
5.483138528603915
3907.4886733467497
2300.6244795326934
1315.6563242314635
0.7636607985248376
9.490084814209293
0.45615968851543776
17.868642890203855
3.27643095773259
0.33683593244366095
0.6276320235168089
5.598823274260722
3.4459769104127655
0.6782475271056962
757.0045128341382
1049.8344765066836
39.02107178554204
0.8235444226750299
787.6269663128697
342.3945311099137
4.94201007781355
628.0981006366717
1649.0137370938896
8.502685719657242
5.20892194133216
37.683114904996074
5.613726245672516
167.40243547376542
0.5755598417530405
4.025152159753861
235.48676348292352
241.83128984624923
1.8834180595630534
50.82340845420954
7731.994083060416
776.515900186109
3440.94961009749
32.01900985691779
0.5979175875596429
321.69743568684873
0.034030665204250354
0.8721822296971623
5599.184504726044
0.05900060238484106
3740.8238173974228
3.7863492947424096
1.9683794878210248
311.96858938200813
90.90584260262435
718.1701883381365
8.719663783999122
405.4992457120694
1571.8920705873275
4.766980449923941
581.345845581179
0.107150653817501
551.202625211271
58.944400571571464
28.20070161492154
4.848217341462302
1.0703229427619765
99.98424581798116
0.806931123084195
505.0190681443013
19.636903939677495
0.1653701241373684
18.459148761102316
0.24895105422177144
111.04772001976882
2.6033531125634832
0.661169266485114
3356.056161296398
63.007658697837
8.771520083509492
0.3852472014146946
6.804438188022363
9.936867464945632
9895.880054862251
849.5176260304205
0.5062336179315423
4.658422038960276
67.38707368838392
9.065506390873171
46.61381195912564
95.11194338358634
4.80401821413992
51.894784931534666
8468.149048372316
223.7486798005953
8.866109633552941
0.44211621669191836
7.97690751966612
0.7001654173623449
0.996615233967661
6986.079223231885
0.24051008811149233
89.85869226649324
53.10200782705604
5445.291795876368
69.22743260742403
0.2627569813474001
0.19132146913098147
6.97998926457907
28.40535319215165
0.9734279688248957
474.34711898111215
2978.290409576838
8.6852523411532
88.78214435967638
9.286538037916015
2.405993993022366
0.6022510387432586
0.1863180924038893
115.27374290211323
7.1730262162848355
5.563803254696787
60.83543883979985
6417.344406949218
7113.279205414889
29.94348645838961
0.07235516016724686
887.3648618894817
0.7210019435375202
2150.4785858002397
240.42793282316666
0.37900245766936846
5395.266725488265
1.524269453352498
53.95049230772514
204.44603098871818
0.9171440188037259
0.6270448384281835
657.8660141079233
9035.418419698542
78.33412916570597
0.5955423013005331
33.185273793463324
565.3208258354163
3.1326002712430965
355.8622675341855
82.30505254342079
7.151245205306527
928.3052694830594
0.2919605909017897
728.1751414804452
0.09525048114162449
658.8564832094494
2.382238512209427
8.685214209043604
649.6247927186286
178.45940039424312
1654.5986365542042
1.9602381547875192
7586.618782770086
806.0911219155909
965.9568643029096
8.148383275213252
55.896410984469014
40.754137760598354
6.413779750453211
835.8250308593207
361.1612072793884
2.1857245426658034
7607.727510522193
1533.0190062952709
790.4000912276892
640.6597228254755
0.933292404581991
1979.5586895412544
32.44965730493548
5.50450228456457
281.06505507132727
1.4123582292533676
0.8499061246737074
0.9725648741192938
6703.167052515137
30.133158506690638
717.314001858089
6.0021110546889815
53.33182151981289
2.4154241427719048
0.0932550346450447
1440.7188172300112
5579.306346324928
3.3957922200813053
402.55915038848576
786.0474114744387
5398.09836952733
77.65348346269484
9051.214713854633
53.08618117775722
0.21911917092962363
8732.28789994107
9.722304014301503
1.9124540803697143
5.0222640904548435
53.807560216958315
8.835000373828464
8.883749058820907
737.8127933012966
33.29789356433752
0.8034451854657709
0.5217622997901311
7.024795513322458
358.2977999686929
6.579004797895589
865.8606342232046
8.37989387380169
8.401864615346891
85.10305888281667
8911.803274284184
1.0747813346563573
22.734112303626254
31.22220731152727
22.474189626438733
6547.357024038884
8112.218619572038
86.96577868240651
885.1392008621532
0.6084663982071699
116.8138429017781
1993.8712365787715
8847.84871595334
0.11056566922176958
50.19237882189685
20.2111357072036
4046.052023233151
727.1633083247433
85.23621492067491
5.69252578581221
368.39532603412994
8382.479594858443
0.7963024704012088
7.861476218834627
0.049873601724491734
69.5460271166229
4917.72235482891
1.9513983162430726
803.0645599385044
0.5535348072648205
0.5711083069498383
195.3998884771957
795.4194125757826
6.4609510955387695
4.62096995409973
6097.447007897654
0.29279958625403835
5.541252723315065
50.41387460835267
72.66921240459135
28.505687104483425
0.06275162440540794
0.48958111185379727
344.2788223511236
0.7554403329598893
0.03358902781253126
96.73048624447698
52.60507351576693
6.308679549558924
467.6358203547123
36.37058045033861
5.352172448684388
0.7178523282874959
663.7777141899712
67.75238740232882
1568.8325400002823
710.7453283797121
0.1526092622945927
0.39854900621143385
560.8730083130488
812.0471789652522
24.32088609224623
8.225190194843579
704.5979988839399
778.4266292266185
713.6429619594875
93.28189770952639
3.036202007037545
8830.371739971863
4387.374668717589
1.6409897245742044
9103.707192525144
0.2282024839576271
1.5643521459380272
7.043644706900371
11.958047862296716
80.09545027552701
48.05325445158486
4.975751839076134
54.880727242850334
0.671136009250162
73.88998159014888
2.7025127805950144
0.021724410501450353
0.4030028919318991
8.614942472920223
1.7498347558963312
2607.762342651613
12.666327001345223
7597.103054646678
322.02196212269484
58.96517561161774
2.4629547483473435
0.7886718703693739
17.57254057571589
93.41052932786727
9.67976768286381
34.077309171976964
8859.756869318231
0.7270240696526047
6.13542568762484
5.313014087855583
35.83051093341706
3.5200363496896667
8731.781272268987
55.94569052417302
6.216188227059233
4.877946944701364
7.640411653142221
9324.594407177357
33.826078490253565
32.49082218283132
11.691094098755073
10.836913115980051
0.4298147025015707
80.25574475747761
3.2646687168361077
688.2928898588614
190.5228280268696
520.6652424871722
7.797956787826578
1.0783052342853061
413.64211043486233
4.179842445604153
49.21987257846997
178.9760825368939
856.5643395469333
61.5151879080752
0.18517695402388124
5998.337356378382
85.16695941202008
393.27376526136584
238.13430935426538
5006.038293048091
2.5110711810411814
3.9179424273222074
538.7724750577844
5.676616359524264
29.819745774202854
0.18469716833901384
9.253574510201743
5.113946454150698
391.15066778807204
85.63108299053043
1.2260713042532434
52.185898378711514
4.296798605828744
21.577632785150016
5875.703388146485
4976.9923389027535
0.2816824570551717
0.6943169695922611
617.3801751678398
0.6803168827486094
8.41201186813998
1724.0525825261777
34.78099859805486
57.903997501337344
603.1953444298741
6.221070213607488
0.6482209474758689
250.55611327983874
0.09627280745300648
253.11269506573265
48.19445036832726
192.28748808156948
7.909137246561649
529.0607680629922
7373.912543288028
73.75892567761687
0.2936096591805455
44.58537397783834
7.131627450363817
0.42853994639877646
181.04051987331815
6.399841087855291
9.406831919729715
3.348893616767077
608.497985323061
417.6227989516611
9.630394831006086
90.28304814355283
41.64133970171577
8912.693302341422
7.509347471456044
0.014364907319204256
425.3476894271144
8.309546470501575
9.915447399510839
5.744466321725953
8094.021170891574
2513.242333705555
5.999150103060167
4.420710862923327
8.089522839987499
2904.0938383506464
8.131868077885393
788.4797452094704
8056.267577431666
391.1404918241855
8227.44580045304
1226.902470129302
4498.012723983937
2972.7703240405135
0.15515219936965363
68.49201425610934
8206.411662628692
7.717744721559544
0.19287907132598958
0.4175309420486216
99.05442708674182
0.4143429362676041
461.4820869713746
2923.7471635981706
5766.080378100402
0.819053044507193
4.050672242023792
1079.3740102297145
0.939115092486012
960.9300324349648
8112.8292286770275
9342.99623103863
830.2610249531282
8920.984562400039
1.7720641938334325
0.3691665245347925
2.5722212945879184
4.4159746329654475
0.03759839750610572
657.8041585246281
7931.655830936356
9.897789464311034
5.821484501263691
2223.9074842617833
0.8649240856301319
0.95217594752137
571.471476335728
460.59217485730676
64.10451444562514
0.9295396677898771
940.0023745171875
3.308504320731128
1689.534480994318
0.9540994166835814
77.87467352045397
28.306393693934474
6805.008691232522
8.874866784129095
0.6889823004101858
74.89600282933473
3078.4633668982033
5148.182255060732
3963.313489951975
998.9493228315034
4.424330100164675
477.30381832287895
69.83211979645763
0.13566530202745875
4.800121198320105
2.0808023166832945
6830.423488595364
2.5921027682064466
0.5750468247533753
793.2319787858744
21.08919591853927
0.9623757394006517
8543.462472955942
1.9666088793175762
231.32035185469024
4.101650690891068
8.382010154845824
1975.2482429374775
4103.029173108622
591.8831400662916
7283.38838008077
6285.983318939288
0.6922044508162806
117.86225601497313
88.63607592861001
82.98605572397044
83.05148798578485
69.81460679559541
10.403221455712707
0.054954547825217914
3.468877630930071
4.352361454643317
80.52413388918272
68.59117262235561
3.9298887668342877
9.618291600933471
44.30645812713871
6252.511544518977
3.7013205985340236
3193.2537728701827
0.2446553758810297
9908.221454702414
51.32278668976961
911.9823131680623
6077.900423219872
1.2314582156938803
5.523720588610513
396.6109442407061
920.0796001941367
650.9421996091966
0.2632654549518527
376.2259063416994
8309.18602042622
816.2341887151679
1174.4593406151782
9.832650455371382
9.389547973742356
4.594552425942567
31.51740145237517
0.7857416811566436
56.82780067731531
5618.501866787225
288.5012174647903
0.7965084528039111
0.3791854916250623
0.8178634300728955
11.78235969025917
0.37670313324818994
0.8130573488618634
51.9609211687917
0.2990801084579918
0.5357208499137475
317.73521939868135
1982.638996311058
98.19154958420562
0.18287791660273234
0.44946088289139596
6.925937513940529
0.5515450860101065
438.01971585870206
2.455060294143335
169.23952317172296
0.6695097650748646
455.40037637229625
6555.709824677118
3371.886255098091
826.5617170779949
0.6395297739255463
378.6496295859549
8869.13952226325
96.29947535712726
6559.354331000766
3385.0777590321222
61.1288462925564
697.1130716605271
4.220111388356359
6.366123209337227
7548.333006264206
0.9213194710470554
58.89521740790693
9.359283011910684
929.7821292416386
5.623127150790275
183.1919094406653
5.7699639570905905
0.012923166672483943
0.4867846595332749
0.08983624829516501
2713.867682111901
8545.123111495192
718.2801040674067
8584.127408109653
0.6882802642619391
7.4735196281726255
547.0456291780512
65.04547341199016
2128.067636990486
1.0823209191087846
0.6976885849299926
5.032477957404042
0.6312528923718489
979.877411073935
0.31633755887155623
2.2285359226695833
0.27178690800679295
0.37108249830534545
9436.201218550043
77.81422097233374
2637.100322730497
0.3268839650676856
825.1529833365206
3.4778979313133673
0.7512785913516741
43.26649806766032
0.32367438429375894
56.716018970711225
0.20829396235736852
0.7998353930138499
74.44436376550969
7344.804796927896
43.54493567577313
37.93438425222932
7.654546902837054
4.652698138077994
794.9304841643118
415.3291248472503
3787.6181795438433
174.65160285349245
1237.5949486308414
0.7313882237761689
0.3244092411536508
4399.475862648753
1.6010366742132054
4648.314066380976
0.6385047403224515
0.08507019345551936
372.40834700324143
0.6516468198073422
0.3302545720656671
8.348609240076977
28.11784360549772
2.831475590305957
0.2851478957508079
8.654301083721197
8.195304106637003
0.7356703534052148
4.764316728259156
7280.539977348994
5.65663003113158
930.660189789968
527.3630437611955
0.23607859520455932
8.008728364571159
19.567954569956648
1.3690239140489413
74.6554984004259
612.6573498359498
608.3510958536575
1.6528684924629022
10.402789910022536
0.13081168920766995
4.19147889713739
56.30440075286614
979.2872485232174
0.19179239632678102
705.5128328979742
0.5868715724692014
6650.946326279746
8152.72217519202
784.9860570613245
15.285868618769527
28.595811752963673
95.01307047112442
395.10086867292813
976.0142652627064
17.034764874728204
4135.611113030384
36.26500348739208
1285.5093109226145
866.4009223882941
374.2958803597791
2920.5098088093473
8.858554909670271
976.1980164556231
28.936248477674653
0.33601832871756
0.44227198191122274
4349.629808484305
2276.9047644593265
74.32809771239326
0.11980319903174841
0.7801415791088808
47.35136370997739
0.1316636271139271
292.98008480345317
2460.3168636258956
2.1805846493751204
1.8038941158204203
935.5131575319459
0.4855790267590876
996.9132439889772
54.32178943834991
0.9470791770846776
3072.6379293263885
592.6017225302531
7386.651643949181
69.21455548010556
4649.583813874637
59.50620254656974
25.586110126623574
34.85602482615421
7918.028962587878
3.326539109194837
85.83231552048738
0.03986394946219751
332.7192225307294
424.06458185704776
0.8605257827237898
36.10911856424897
6676.945716744436
1.653857607895557
9130.589987509089
0.08976977196064917
4785.850750172678
5.584285478653847
65.2030810710158
8614.162235440359
658.0006617564912
59.295411746812
88.12679783642055
0.3441296788157556
97.3481503980764
6327.465374813509
7.381651048772838
890.7002858600177
0.0850237692395922
454.420612452341
151.25000879385985
0.2461597595190821
730.3887706570662
0.8734501351458687
3.075563067091136
0.21332350499654185
744.6580925280651
67.89891004874158
0.492653950089751
857.4747118224949
0.45636549600320786
492.9343930388673
960.1140306502642
816.3494761859293
0.20027248566598266
0.7907690427657572
3970.5974757482686
3.32096829732511
0.5358878999388648
267.24366885322536
59.13776731083862
72.75584366871273
0.5862005404452031
4.34587500146677
420.7195098037945
534.8212291286543
5.541718979855673
0.0825649342992133
416.69275940933284
95.06125897490685
28.10345047784819
8689.304673936114
14.813602444557583
8119.034475316031
809.4753004164667
760.7470121466955
0.1706428425377171
71.0281916001858
0.26646302558548585
47.03904270823519
5.249964902909378
37.430188974757094
8100.3181446683075
9.569857584426343
6.503110937357828
956.0825362838253
176.56362907120348
3758.3981873808225
0.33442189376052256
7.345183762883893
0.022679198434108705
4.082576757406491
7166.815618535214
7276.720990574629
8021.91515742933
225.23112711478078
61.01676329118627
0.2922316868224899
2.161752102191982
0.9489489522705132
51.255772308130176
0.8652219183325397
5545.394572606786
7854.165698791493
0.6049837251605806
0.27123602527647817
0.8428423807657169
0.9524392983189335
0.7189060286074829
3.9942456604598098
611.8265584731146
6.7541604130696795
0.4697549218467112
5.781181908106207
8.07393348240746
3.201702843781602
0.9766448066539101
0.325538788985705
46.39585357203983
137.02625490664644
18.88378926581109
37.80730181110137
6763.03421358516
0.14126188020321617
1704.5421162860496
0.5749625786115914
104.98570500715121
895.3642663472776
2770.547163909487
98.43738207469438
63.04681483628529
31.295526523967165
93.25335890675132
248.19832618846226
267.04797422465396
380.2353402521159
0.8156932113244175
4434.706673266485
251.04868259660273
1353.50460165529
5.7195525980694
757.7022447873984
82.18083135552034
6321.784938446963
0.8604105366833252
74.68553099003803
8.440324677495209
0.6283575553169386
0.018587596211786073
429.7506028561371
8357.398502872038
8.786416201015433
4.400317894122367
216.84140076725234
0.21337734413886333
0.63400359750602
699.0095451582883
0.8393737610824663
9332.148449160002
2.0560629502725716
3425.053761536353
0.79146612037178
0.844140709515453
0.47707521104711825
0.4462962626460343
610.6132273061562
0.2866495215820293
0.5811129774927254
23.486706022016325
17.477284521830903
378.2038252333028
370.8479820694014
6.727234408180349
381.21682676477286
516.602988705897
0.9092031234622819
0.27617789876355436
398.1306210016855
0.07348137297478297
9303.007933796014
4794.580023076462
303.96503701357346
9106.493680827069
2.1680101382967445
0.9764515389873658
62.00703395721039
38.517360659373054
831.3291517795242
310.5403831885747
45.971805973844226
8.023249304684168
9.4294245321872
7.708622921468593
2.8955333980872844
372.6919467832146
23.45234322692036
47.32343711519348
26.22948467820453
9.910728628688055
67.57470905167852
0.05219270438861612
10.38928164347711
36.22170375606317
3.2586096826272937
0.7859588121155375
8.34768116405813
3.5653520614945844
51.54127978074201
160.85444381682134
3.7894704768474954
884.0395780157403
6466.80204793659
4092.966684886139
5040.086900278904
5620.61010818655
8934.947737406652
82.89900474788003
18.340392180582874
0.6320620719638107
3.4827138748539763
0.4884857189746996
624.9758233626868
22.968177375033783
0.13512725655549263
3242.660940265998
7.754190260498812
919.8165764177967
242.36354732605247
14.27547127085761
8.876574971676398
40.44098376772378
6078.262464741476
0.41266384895506414
5.2334361794992414
763.9843004996725
2.2402982379684766
20.68307707268273
4955.396291637474
1372.681090818021
1.3100935381801104
0.5695433119464103
1.0701980603996686
0.962212897329985
36.03281479716465
0.2756983509264349
8.329903191418898
2.878893256577193
0.45400893283603194
3.4360297250909335
0.04007452625539831
737.7169010214334
553.2902254967865
4313.986311737806
71.87652558915885
24.46501577685173
3.229813911377366
3744.494503388266
5.960473693559192
95.8720843429315
0.7537229372171862
76.23425010790828
948.4362476880688
258.8983485042383
783.7272941156226
0.7951483285277848
0.3400459151820313
2857.9486130076457
7.186873240891738
763.2183187687554
8.76498592084909
9.546402123768486
23.031552891645834
0.21373961582408785
509.30473930916634
3.6474078143051902
0.32689493162802086
48.71112695688853
823.2509473508686
34.797315758611646
32.99551509696964
47.80627787132485
4.600695445024453
242.47413152457574
6.907876386931136
721.6832138360835
6164.729094407913
1.5216254238460125
2.2733736477173174
1445.632887385022
7.987659397542556
9.34420980333858
914.9840791024955
3198.8805118651344
3.8956699227656766
721.2394721801015
836.1222112147452
58.63347222483202
4862.6807533542715
414.48844489823824
0.8943088366903387
112.31296255321944
4.463053547457355
3.1367517339078645
3.91725518988439
28.951871176916743
150.05264916337103
0.057078135750355585
8.148710866671136
56.46692697979868
10.693323152075351
12.370508134285696
34.12860944305055
3774.1107430296693
6.358460102087825
877.7156669378422
3.3811224227350847
4585.338139896848
0.14651249078896134
31.512350008501944
0.4437164354837959
781.137680540918
950.892899802172
5.969940981631422
647.0179561144934
9.365786570835912
705.358403381131
0.251326281912555
92.17505037102822
3047.894887240382
560.9167381302558
6329.953451631187
2.3080037665828446
4006.4166370190314
74.48771657494106
0.0666786627369973
0.3024662699548485
5173.446023732547
557.4560109169347
4.856587461911409
6467.245176475228
2.6297563471036964
212.0959875624493
534.9621747319372
9764.284468410795
0.47137233166278514
0.8028343509177648
534.2508997818503
2148.359192764586
760.5029165196565
0.5421748737940382
21.250431196909723
3840.014074379826
96.43066522866859
64.41516769985778
2.5896216202730473
8.711915374275636
60.087205326095294
0.6460756279009415
0.021103915878127433
4.989900443639747
495.7393663314709
259.62889078116615
99.59801942222846
0.8475313302552024
2497.399012611312
83.48870448594407
0.07122576878957454
2787.5522753612745
0.7501157260149596
0.6869416257601841
150.00639425130714
8.748710720866672
0.37863283666242387
737.5418707807689
207.7932013232977
241.76964843829774
5174.835952677642
9.030006516789447
28.76829970985585
5527.302008651941
2.358186168148868
0.36166866494340566
0.4742482776129008
0.9049140861293989
198.99841122308615
9.5134708599125
0.4748730210422466
2.248695039680518
428.63411753005545
26.978868383724098
206.39593711480774
0.02913886922272202
28.342138834866848
0.2937972601054737
0.8850659433660483
5238.121991973578
71.81014210767734
97.5024816302984
6.0019357114590965
336.7012092668463
60.52565046937772
0.12150658917791513
7.807620080806938
74.1290701228774
704.581351424754
579.0053966911672
6493.553016898621
0.05906425966298612
43.61631037564372
68.56640971892737
2042.5303567521048
8.746774131967829
47.88018964993702
0.055075093267117015
2.1996218363224096
7.362465145632684
0.033383079860400455
350.34251832000575
1566.8915104780613
6757.928587600628
0.62952859981724
826.7090563057833
5.988062094933847
58.348147092730684
808.7135450720797
53.49131015411657
209.2391407765828
9.10674279583607
8.887065310290968
36.83878607218748
4.777724618002752
164.9357962190452
45.14048748900778
0.9292438599268238
7258.566103621116
57.712808464223755
0.11275276576706239
7.897944228299946
1.8337259342668677
751.69160416293
3503.0053805426264
89.72866572077764
51.66540831803525
37.526289071425964
876.464467328143
2480.2344274012066
9.968104152837103
41.30920481804854
499.7587384408407
1.1205606957413328
4691.84292624096
939.2969441295546
9.761291731158817
0.5423432004589673
10.509104401723535
2.5874312168822087
47.974102340616376
5335.631509677978
0.9203457294559335
51.32071222675444
3634.067162441712
734.3204679834178
1.5722513537574367
57.411101138588926
2.1319813958386327
84.98411380361176
4.086056128154574
99.68872556508913
29.640373526247178
2457.1487148136807
5774.466132718052
261.4876507372259
6.065081508582857
950.1991393721669
71.4551369096276
317.1098235864178
28.67241862770792
2.256442854931385
5.389338339404711
0.543535481909187
4.893962873289008
0.8177019422110204
1006.5401269847451
2980.2155366944125
90.1627433129072
722.8957732902713
891.4626482548224
2114.53466761511
0.4624246774767049
0.320556373590029
3811.802277785209
6.449693124889504
45.85986234015592
7990.688397251018
4.461385904617319
6106.628522479373
65.82566103536335
0.06759457841444083
3.5778988255995223
307.36827096769747
1.6196142996007246
0.08721201302541837
82.06109655496239
0.37593169534823967
2975.797807139715
0.11895598934508722
6.5805803314833415
0.18678350854081793
0.9087851538954146
8.421019740737893
372.6253140536594
71.12626445923344
802.5080632273618
0.38524508106766076
7977.56193775981
0.6514457521295459
0.11946521875096716
61.281564970756655
8.945354031140628
7657.129555190666
6.26765911207398
0.7039771079928117
85.14550011507092
1.4906223796297646
4201.167726320827
0.05624564960648237
5899.459317266365
2.474474553498247
1.8443423503076373
716.7559678394605
939.5053390624852
0.20092748983187636
530.2129189475119
12.482767070048983
4827.811748418196
93.01549369925858
1.570915930766409
2.872600071006742
9713.589083428513
25.829428747511564
35.78965995795771
4290.306743629644
62.36837032965536
0.3776376585612162
6.486565069425167
0.2726653604803697
0.667690699690404
935.9334932334862
1698.763507016744
0.5736597282599365
6.462882154947661
8238.506945213128
3.043493407119122
0.10027266598890616
43.853720188669264
6.176905637993254
0.151486532441248
0.4414812103173884
6.93209724777939
0.19232406021132553
774.9960027206378
0.6136436993016876
53.522475187531484
74.40767813124083
0.4244123049255589
1.0404191897661208
631.7036752928296
92.9274932748683
2784.0160055287965
1060.8347976808286
3.628831254938225
0.23867738578447784
7105.578304451617
1.7193574503930098
1498.7947117708122
1.7482662896541956
0.7828444795764237
7125.25213420516
46.65074617397933
6147.77016832349
664.7258315004057
4439.830670348401
915.377761956827
2706.4018348001164
69.10071885585907
3.4642614725379572
71.56233226322631
6640.874163155919
5580.243884596314
0.5518600882832184
0.39580166861894395
0.3210938485819933
151.299876099372
3844.359379741512
8.643284980882658
0.9897502705936437
0.779524133333837
69.67605625287685
0.49076039852880804
277.67341197657214
913.0177632143779
98.61821787840127
744.7418128089989
0.678007364386828
206.97981107943852
0.5501398707484229
9.28245089917471
714.9903313505766
0.6274920500922925
595.5749233100584
0.6611182956972874
6952.187690239484
0.9447326015786359
0.4605653027554829
11.013033191994126
322.0952310056346
490.7596425569346
531.3502139055105
0.6419488448928706
0.6617596461988183
6.686041918708671
0.8804895928146351
686.9141867228922
65.9953359363149
9069.572967444641
0.5038565151663407
59.786825040028155
0.5288138812579447
583.2020172836259
80.20696294490281
7.301390751896894
591.9434031987769
9667.399910526565
60.4495832001678
52.85346083282975
88.17622239430403
63.15783129846947
2351.1401316058123
9.088847850255346
62.469582738577365
924.4799997761777
7075.607086246031
78.38488700183181
745.3397244967955
0.4339998138446205
2.9819945317708085
8.867942542917826
134.18579733148195
871.10528147313
3.484294274889402
89.46422845775953
7189.635566318765
629.2570771554391
231.33246532774098
29.329515471202328
7.437671071099374
8133.0372286041775
0.12697043976646494
972.9863110550119
5251.420242353042
23.095995617033203
995.5516734737771
7116.680893817176
7.009493427688462
1.8028289854443946
0.6586136343084948
54.80631155715232
4.948171842399813
8728.873177321602
0.41065102685109667
7730.335765605999
0.09259717418330493
19.59833029484106
7347.299372953079
1180.9372736388414
2403.493829215416
0.31475905863511944
699.9778742394345
35.19186061502006
419.8308764773323
5991.290032486814
1040.7537525490295
130.05782980967183
0.024371652381337983
22.987409904677236
243.84242968092119
94.59214167133412
94.26777621870434
7507.080686240083
4.750958608029803
7.4467280158823375
25.291634013761875
0.40515732644991465
0.7019748878980949
6430.699343945615
1.9071235533990005
556.5332949242334
1.8675990532464959
8.523600951083422
2.146455953674126
683.1238138342
2.6285176419615865
68.14313168731456
4.952926483539455
62.18481516344707
33.0392475370331
8528.455768624364
0.641338998119268
0.10783167062771193
49.402119706954394
4981.741329609417
9.025933936714813
5.300539883234552
9.078645615670698
6111.37277740291
0.5517906779900936
9.380092184823516
0.8505474168851541
0.6716984212908518
6.3381259077104435
8139.096878867274
759.6978781706765
524.7832416717807
29.704756084505178
850.4205620155249
45.83992307523662
34.89829705890357
700.7366538712757
42.00046170784215
60.21891950488204
280.00534281009527
9748.738910933704
49.81415901814068
89.34302593489363
706.4195804791112
96.89788240912128
8057.472377081177
7110.595255286016
9.668105849843778
132.65525496268015
0.3902462962051756
0.24742137416574295
2.1453261554176506
0.9129494783157244
4855.924856487799
8.929496113146534
5.992358778873053
956.2245490796772
149.50244486710417
8.5554520404569
3.527861236737907
6500.856882120578
6.072477515175391
305.30910441096495
0.6664543023087683
84.28617067649735
0.8109632527675416
20.688595474934512
0.777476737530769
63.97640045196906
0.10047525910642696
440.2681317354418
7.812713786249273
282.29474911139243
33.165097818382016
1490.3782125785426
7780.051716172787
0.9091636673077833
6769.298379825678
4.688551782331962
349.766638749445
494.1318415188961
96.85747370092778
325.0097336688519
0.02816943274823469
2926.5793679467156
15.17431984889992
1.4741298765125943
36.83777693555035
75.96348094254061
6.920861650671118
1684.1168188305
1107.038327652582
875.8659088174574
9284.000024511191
885.3463714505655
24.16789334856584
6.48502865069212
2.056730526761059
200.70948778143384
682.1501839557351
0.8048488093605417
0.3665934639703843
40.071891652310896
0.350589868034924
7296.300627953269
0.5219967801488944
5.41933533539383
1294.8758674918115
49.70880922052145
0.44520482644156956
288.39745613723665
511.2959655519801
22.50566803586197
55.37851578059212
395.93940151513453
0.22882872495845252
990.176206490416
92.35665865368081
21.57494366508075
472.36467848733554
5979.942056280035
8.325163533949345
0.8876639256268689
4.53895454193232
547.5333853449496
0.4706278334322711
0.6210289307517947
536.9616153372845
0.9463195859299426
0.7747139217354926
669.9350830686742
6.8094227972650145
7139.494675035255
55.45144688541676
392.33785686646837
9855.892992952058
132.64396604288964
0.63848770356768
8.190801987284589
37.707510466392016
0.8715484877380731
814.42239814655
9.415151860971754
9.696296227449361
619.6728804005684
794.79957765133
72.88657606699563
3.909210653313626
5891.9137589499505
89.33858041231225
5536.792284781765
0.8459311360557314
0.11061116300812401
413.8799735020356
801.5987387167706
9.445724066827145
77.18496831655699
0.1298927362284532
6.383293668553432
0.5332260810320886
0.03345925851601739
2.765298466810621
1.97494811192234
3.9919468153990865
7917.420836716273
8.38281764230657
542.8000582314074
9.743189944169604
0.42999623214236826
461.334979728223
0.6717035366457834
0.8807112571734725
967.1844494364227
1515.4712957366778
0.28343391519711325
786.2561557507535
1827.1268177237987
6.3092091180430945
7.745417887941947
24.849009717605885
730.5509115818344
0.9865035471468625
0.5549685031156553
8.048249501735317
0.32521010334543077
0.8915097867445979
9816.266281251947
20.310645064486323
697.6291013265065
5.560605306297127
5705.112608088834
323.92806324124024
28.08869808311105
8.193802538928333
318.2957206023649
0.538241690650293
7.980336139813535
994.587846097085
65.67367729813056
45.40666581100775
2.3522881479988644
107.61444899530848
9.281482973582307
869.4945744783973
59.12886565582237
413.15296169171125
0.8187592227997479
0.8734762488937297
3.757732995131774
415.25239564282214
9.158442450736624
4.322344665916386
8368.060997554416
66.35388638762177
751.8018167668362
5930.591672598687
919.2260716589298
0.27574797557614306
0.5640202714859732
601.240736478625
0.6992089339156624
556.0043125572195
80.17982568687594
45.81348891663539
0.8336251552296685
9.754765835130302
6378.241711753539
436.75257387632314
5378.003250452916
0.525881930084774
6.5940594378773545
4.949347029960593
2.19792289658568
0.0127545386337935
6309.50483762657
161.97899753512357
9.717162058767904
583.0602757145695
6.477977323717777
16.79078721304885
85.6917401365404
1210.3630548858246
241.04128658019607
0.8121447995417381
61.07548644811717
0.5353649076572871
79.59094516473274
1532.65602774872
33.468839773686966
0.36387114795578257
0.8814667227735143
3555.3013849529634
386.26545020727156
1.7896182137471994
59.33377210987219
863.685829296616
7712.703349969662
80.85224547481734
0.0469889173331457
1192.5723199335414
0.5112890577625565
31.82591513802262
0.23726577630482903
68.91760448266378
36.9678671941878
4.719161827090458
322.7906271538845
473.9522501939946
0.6812879720232189
880.5705234188771
333.3324114150029
2184.7891002076603
1061.490346390178
1.2794490803970726
69.14103868647007
0.9654994246529314
3.7903612306139625
161.45893767050734
0.2314208463995815
6744.575833242068
823.9740714134156
9.882752476127877
318.64089216394166
9850.493614528623
420.9075653434039
18.63778625318513
8116.301129902378
0.6488753590178028
20.738880340190214
3.4800947899839265
599.3198369191305
626.1228080779115
0.589805548964763
3792.719774268146
0.45896822031291373
657.6329232601183
83.61153306818944
60.225986023556885
8713.128241404685
9.231676355979925
1367.8989985266287
0.35532735777414004
0.3512265271365521
58.36116293896561
74.15657989618613
9159.334277722855
623.121585905576
2.3994474122014497
6281.597806150938
510.35513337266525
7.671435570407973
0.12616435457731046
0.819617652142649
8045.723380759106
0.2142702361883052
4.481155882956804
7.565737363675891
617.0302051262989
0.4479451619907461
3.142419420744196
0.918943491169712
0.5889905183234876
767.6721297542244
610.3670486073635
0.9137987946742526
813.2139937911494
0.006254302074211293
8.946225198764377
452.96107405697114
0.14360194559874384
31.316516511071967
11.05770154402207
51.86531162953163
3136.1590709794364
0.9844397542569283
776.3645622713584
3.1966941500413215
4.605120765228646
0.9846181402460921
318.6355216227261
5.210155874996848
0.12097963834847736
9.103690034200122
184.36720488837366
0.8823339464737433
9186.820916058577
814.4686115510729
0.28691700403908305
9.867907380626782
0.39758220321254056
0.8383453022753505
0.3229276360299692
4.292185982167042
73.2450920121802
468.02845554599503
5458.3337712222765
4514.4623811320125
5929.460255360996
98.20803442622557
8.477098545677249
6.829200555801193
36.93243901551509
803.4848387830407
0.5854462015261278
0.3963505119087296
2095.302391457998
1746.1637416437325
0.9997154577946237
346.545325344491
800.7555545962633
0.3649717118828645
66.88833403753993
276.04997689684564
8.008461866127831
4.9233838542567145
944.6690791159614
0.7998637983291785
456.1699033536074
9479.442827237663
5.629262561973309
5.1419375109223875
8.714468767911265
126.3363315942283
5479.012177717625
77.3986828150945
13.223624468478024
0.953842517877787
30.130800958061855
0.8719502019688186
960.7334357565348
0.672933600730829
0.7034589407128191
0.49608760996032897
2.5470088796040735
6281.5190235144155
0.9660931644298886
0.3350988834209818
9.529584914295553
8704.000437151702
64.53597849647605
8609.26456529685
5486.361242093911
888.1907114516864
965.9849061602736
3932.417038844135
0.3588972221874176
25.903802332880353
644.182875214038
18.72417252810883
986.2456905770098
6.197919965721033
37.790923119812014
7326.243868359739
0.2668862871940286
45.168062482160856
53.57974225209555
6826.718035109491
8756.675577781307
48.13345030991169
4622.456125317845
361.7524149441895
0.029702153160353628
74.06530863444058
936.311165864812
0.03976799834900946
0.29131684285428683
0.3873031902548044
49.568417032372714
277.76461458628444
60.1900617769716
1740.7501418481763
8953.17050626326
213.6655092666222
758.8805555178402
9.86147932589658
3775.9412317957917
80.55139973866603
929.913074726741
0.1320845326431429
9.441906613878064
385.70562324829893
79.24999328376848
65.71862834040266
328.299012262139
3.5083387790680054
4.045918161441921
6719.867281297761
836.8820534986202
28.4384021867799
0.3575923286382947
939.6540581770737
3392.4903055326404
8827.863042025921
994.4076279526381
0.43842486285333715
64.68752625533898
8706.414323357305
8.299946459966295
0.18496729735215067
151.43253363133002
76.63030074911296
7.640029006552574
26.313172527897464
112.23758448178766
414.261889607486
4938.236792931966
0.8073936292764443
41.67086287456551
0.48180441591510026
0.48445516734497707
17.10966460574341
3.627289379741808
8.532369400032184
0.9090792060692965
37.554880770304145
6513.538547285522
0.031158398208413485
340.7254960250137
276.95421526235987
6453.860021095078
7.677458418819484
58.112549498991804
233.46337223095603
85.30213777635846
23.43277224708884
2162.9905146057404
993.9722089697647
44.20394494563865
0.5209772404717988
0.7355489757808069
6.170559572943438
0.8252166338751479
7353.453458765736
431.17479430204685
4.800775267378842
0.9667892490645322
5345.302271226141
0.7743118232368129
6161.9912027532555
779.2966987848749
7729.52972743403
0.6391988507707732
2953.0490501838626
63.42615378229949
79.2417702825044
16.367775334506362
8.7265731546635
30.652555922369483
8.291666909283757
5.564136197081858
179.21763884487075
580.8207202595047
3738.135111758355
0.01496312224867502
1.2648769075222177
0.6908519213343345
203.08512536057387
0.4664257847992529
0.6889735870087227
1356.3606047191267
0.5226373839248384
30.54059929480144
0.3494071470244443
34.3344993333661
3275.618903715337
79.41718787323533
8772.421017447321
383.0047657860795
6823.041166136907
48.48980811720103
9.008285575074723
683.8082892186675
275.9063735845502
0.0732823251378174
0.3109718959814203
15.160050152991456
0.06867837712102176
275.2318980558355
358.2425649504947
972.1292426473366
44.94776704474157
0.5653865764638026
20.224369470506364
43.88888352442123
92.0687662640859
0.8220810022763609
2.8023386157725207
9590.679597228913
5724.034998829717
46.92423588013832
5.868849531242617
454.2141701706075
7.161396129214845
4.880074053094545
2764.466396555895
9.996105188364817
19.263226532915468
0.5413672532895623
2714.137576644882
8613.60825852718
116.00258768864569
89.04122866863817
9.12846339897877
181.49676937190563
4518.552505594985
8.05419584740494
4.0269582037448295
70.30883311169886
880.3156198327337
8877.33186389378
9941.710425726129
57.08740868867647
19.24427476103504
0.7494127197686627
0.8383559450603614
16.942601850766348
65.96423805124252
655.108713826903
556.2170496322643
93.87280788406393
8419.848461139925
0.43905972989608943
0.5379911574471156
0.6328871801191494
7.096426497115205
395.1684440465086
386.9116443942772
0.7620725719119302
6.34823992871146
0.1188558561997477
0.7998146580544174
0.6477178251662368
6410.195346677813
70.40135016175594
0.21968259158955616
5.756447454261899
0.030251738434297515
1119.921504187852
23.723492963556303
5633.122150557517
2004.233492028431
8525.482930312302
0.7801106528332433
370.96436562427147
46.981073775672165
7.350093209795077
0.649390299087245
760.0992072316401
0.7218809929136394
210.68820547207568
0.8209687636663805
154.04207094606414
98.56554148189215
551.1496188384789
0.24320387408734312
9.74296817585974
13.45075654463026
0.3479566992747575
229.22366357029034
7191.0543607752
0.238635967792571
1.55299675974655
8672.39811425336
405.5043538033127
0.4850487249980847
2340.9738912170296
1.2683756961976422
489.94892345316
83.57810062436543
939.708145742717
57.46767398403758
263.59445329415973
4.685521539087559
0.033756690847156934
0.22584815688350157
126.7694347338747
6304.567229926123
7.671283026911323
60.208175812768594
488.59064880249394
7.6551779907671405
0.3813941714030824
0.39157849290987023
5484.1828654056535
15.49166967958483
88.60692293404507
8.305494755437635
307.5147380447538
4736.051886749796
896.3186536482829
14.278197827096218
653.4377300807067
4.919906929056665
3555.9111569843203
0.7107808245231222
0.6517918576918028
0.4593095059492561
634.9130237265289
117.5850650172927
0.21330990763033575
0.40226137827081077
0.6184959025694413
4497.8045120568995
4.380387692284491
6162.089723996318
0.0960415024020761
403.6449437906021
893.205443515924
0.9621498276229288
47.1603253147178
6146.99527053839
246.44990039282976
8811.687226638687
375.9926310816224
0.34524480396782886
22.019327506128384
0.9564262725100818
3.605432836801411
4.771184905284431
4074.0062480316765
27.422530157327152
5989.003922672909
3.7257082114238385
0.039640605130528805
753.2977863534966
76.79788835671009
993.4271241878484
94.89099816525714
5264.4034150909765
5907.328461007686
437.5349123559582
0.27455344569646545
63.34231201751703
2.576300529372997
7.271845112748554
12.376511187924933
0.958045963615212
827.5004850829681
4328.788779133438
0.7045185266858522
9.831557993834636
16.825901653206422
3768.414326812797
4.525434706614472
289.6862765740352
7981.374272212388
45.0225743677176
99.77653047840397
8.72356798685685
31.91798980954398
8732.573627436053
4.232270907559257
0.09387194527368314
4863.240051259941
50.88435207289071
3.4760470489943796
0.602834499170289
0.5431309433461635
558.8171368503384
567.1828923389779
2.594062561584398
9.809020981256367
1.66110884177741
897.6205243385183
6740.536685005205
822.475560961505
308.8414999283906
0.5443551070160088
700.1827478369327
9503.835997562966
149.1839080372015
7853.149725837492
896.6138376574185
0.6270170766160392
0.38974173266040246
8078.601777968972
5784.587340054832
3.0731724422019213
7.957974174702658
55.49563986200084
0.36509606754000634
63.6157516036728
0.7784839292221619
0.4096099224720644
5.424312183640411
0.5788889725549238
371.93786906914585
880.9543694650124
0.5181492882184747
5.988757937102525
908.207273349253
0.4431399524413774
816.595193034974
99.94433592222131
134.5895308003141
9574.43193752615
3.706452052841488
2216.8794895474775
97.64436259874316
275.4944976962727
391.7051830747761
9.374113665783334
990.2582633290401
89.4574971610811
9492.658329638354
8.433297183596306
4.556629275170879
886.9899060124867
4.362169336792765
9327.229581600255
6384.005404567676
2.5327822646617704
98.03480539643061
49.046430560596775
2.3344126629201467
3944.4368094320903
1856.8880339057037
0.9540357508060984
3.724164967731296
742.599644184351
7.307479708351306
387.0960678183096
6.971286346269898
79.30799386801591
4120.196589576956
0.37529633919250394
402.5837320576896
902.0261155847489
499.9037833959454
881.8477110767175
6.246535332430392
0.6725882948728774
0.9064715721240159
0.7157778908105965
6.435926088452652
7254.694333879293
28.515096970162723
91.67931829141136
34.35202465904277
9.966905561844351
0.19231748966552575
28.959718408282576
947.3884957629275
193.9473285926313
0.13728547841684857
9322.714818942475
9.69527775833927
3.9497851079411572
0.9974383932201835
1.0981250171037338
53.435548190845736
4.153591352871777
7.03989025024724
3.316134015708714
0.6485783370737904
39.72698490976554
778.5421116439771
338.6644967345408
596.6197709332305
46.99780459173964
243.438226879813
1913.885134584582
6.578894821783776
120.18518100476506
168.15711401863854
4987.7006196133225
941.0480074080531
24.528831110353998
523.5406330527809
0.31393617199060264
668.2062333893982
4554.225190990023
0.8885856627812497
0.9587520971299903
5.1744933754672315
258.6765916152041
7332.126273439407
0.4749152343010028
9026.810441514855
0.8006596401239849
140.4947167822541
800.0143482977621
7.180064846385489
395.33458211223336
1.6528234652994067
1.3057489243620135
0.7193682960092893
379.71941527547614
0.06565607371409454
31.617230401120857
1.3281764020264952
4.294200672516605
0.6938768678406186
203.13978246030274
147.31715924937606
8574.989225478408
46.824148380403464
72.00963866979404
2561.4688334838434
40.939635848336785
43.147093157164875
9.961704307587798
70.79934049075801
6.773902780668753
0.19539423516501397
8361.835295440642
3869.2699072912874
3.917872926403625
2380.266089249239
9538.873006958096
0.7354083642678086
8.528905121923861
109.68542220510469
2635.33687965536
0.019230854189811186
5327.022190010499
4685.174386652147
5.837613307647879
361.75567889528884
394.8866582548682
645.9004786076688
0.34294854931401275
0.9722252706013264
0.5483788037146594
0.15508454100095714
7.913209632953622
94.93661125578367
567.8243637886679
5.6121931762654595
0.38933085349578256
6145.120112669248
6984.02705449098
6066.034165114182
0.1762184320206448
5.155061038880273
0.845231327268665
0.5469440789809806
99.49641479723606
57.70444812487031
6.483371564323818
5.337976452275144
13.761328649774319
0.16134317764054418
7749.715352337693
24.663632950444214
0.5396296707159789
4865.106369258927
495.8557997484714
2553.5796310218207
0.13232087621876165
5875.978092911035
5172.15483915106
68.36649582657401
7332.151026496475
76.86264801106879
8.605082334240189
0.5280011903221188
329.05457728579444
3027.8767831898535
461.4831653185016
0.4254222595895233
4.376890274642275
0.20938734695033578
161.55946863076
510.28505777917997
0.045234474885410436
58.67514854594642
189.48625539730023
7.621834573939364
0.0780621278621132
0.5901246173412026
3632.310784616605
0.3349935109044818
1.5329734851651955
0.23655341719233758
710.4284924838827
8083.3226633184095
0.14377232131092132
0.037615199570268376
81.03488003594262
500.6566841759941
94.7700707790854
3421.9511962482443
15.09127731137243
240.5521520959053
0.1920721868455013
46.209861648702685
0.23145707659442039
3.14625826021947
8338.36222358297
1204.3572301901918
0.6940161289659726
0.8733235948229264
58.1016273843932
947.923832687302
9.615769817997966
80.23612278488079
7.503622141304939
12.306451468263369
6.0129265490140344
0.5497955732356616
6.931738997324745
38.90134728127514
6.119031855097903
800.8140871980703
60.7559095187013
0.9128702378146415
273.5118366274057
0.29051759299334123
3.0973252558241016
1247.3919892111585
0.2558094568231045
93.68519593294461
2825.0986367401465
601.8214445117918
94.179033277267
0.4010171353154305
4.17612015269736
235.43546713130624
3857.8447867788145
14.592384947759163
321.64103016904045
719.162052738288
6.400630829005188
0.5204967000956604
0.5730627116450842
0.1718324037583009
88.99644329167016
125.15567862999156
542.1188208762865
9.595503976253703
592.7170312442553
4.218504234007254
0.7492678774721365
4991.209689635258
86.64039873234583
916.6686224345356
977.1440144914379
16.690345878607516
38.4134388333505
604.9404857962218
1.0649640596338372
765.9142013943354
0.6968571843272662
197.1119437111313
50.9597364296554
8.887074357566288
2.8411386984828413
0.927124682701437
602.245151563732
172.68149021968625
13.283963682763556
0.13178392674737027
288.68350070113456
32.045167198580984
0.186703649161311
6815.610845724137
44.85216102455058
23.395868586655734
8743.142259592923
81.29084795532647
105.56860514403598
0.46813917120746507
0.6755318068447302
0.6938972510960354
64.06666724863919
0.7322790041223896
745.1753846788705
21.437491210150895
0.9066898933774744
87.8783753308658
1765.8052065915654
93.31282977438838
7355.1729803458165
141.43108309183094
1531.6135770249196
6594.074579041868
0.8747288809816299
6.530366252257678
84.12717010071664
6264.677615526376
4.471079145027186
5.288849278140939
1658.1224368793069
81.49241487430676
74.11510603550242
84.89137279708613
699.0279808461747
0.6324727021265741
977.87978307147
5448.493841917426
1.2549962630858424
0.7068645587333132
0.7413225590483925
0.05647743183591736
0.6293701137398572
0.3695600636016566
4.120581963093097
8938.80137414449
6.581187475054069
2.4747397830790687
3.351139069851221
1244.3795754046405
4513.888871071674
46.44441051897745
3.3690197329641824
67.91937323491683
773.620410884961
6.3580652843021195
9377.426806718273
0.7460978447887676
8.226328537095695
70.79570563528735
6175.455704632935
108.22697236182599
829.9244681344788
0.09489629920809917
125.04022197511944
7.494799099148313
8256.454273816025
179.3828471575648
3792.1836736709056
13.978533762426348
6540.532758846181
259.1873140092603
4.174132068346346
0.7998065098652607
0.5148147053359113
25.86741508286653
3.462703418529711
3847.090014681155
2.95877362705951
0.057942980233975705
0.6711602872694185
6773.190061256894
0.2943140245381419
2787.1467984238375
8950.240261763434
5.612924940002298
664.1774243162355
2.1503644657415135
9632.789839545381
0.5511859828640655
336.54494542827916
231.97403317335596
559.2468104291265
65.40135861326381
3466.3105571192364
6976.628778335796
45.628198217926986
70.1772422733166
2975.2782582831514
4411.787432790657
36.81101112262245
8.060953070135927
27.877057298428653
0.5402304406741274
7559.606093851028
9595.797830060232
8.88064161721666
604.3778508751897
0.4952816274017128
6.748475060992412
7.353061248447727
7.3095688149122795
22.220692440556544
623.8696067144673
0.03860995277218404
696.5909467421468
4.789208083514883
845.7603549549515
8.060386873841338
1.981066916571247
0.18762070730641467
25.485444189766792
444.4717784024231
0.8570155307343638
33.34883638142727
8023.476416854226
909.5062242833523
2689.7141231379483
562.225031528715
46.87741447457399
46.661291354367705
334.73536431752706
691.9624889284559
948.8561527970512
4719.653311198413
1542.7103370878049
76.23126418048113
9.907175797960758
6210.87493705638
69.93370080205993
4.227611177680326
7936.8573718446005
0.16428292237012576
7.927625673405052
49.83871739589085
704.6511235021754
2.138668603460603
0.3853794907968343
0.23476530887773006
107.49041853065577
834.0952214061089
7842.708794365475
0.9566206403233514
8139.145775932349
57.807960611934796
7825.606806970857
279.7457613276054
7334.998356281348
6681.715474774796
0.46248961159495516
0.7145007941011897
4050.353121882244
9.934550882848175
1.1541816015801099
5.315690640464127
44.39913267575191
7.504466903431389
67.68602881801762
88.5839999571578
0.3414987262129566
0.7062636306548453
0.36995107724389753
93.7802177554985
51.91425445289137
988.3744015094454
7.256401456905958
1359.950910932425
630.7136865852564
7.694519925666273
18.938881876131063
6267.230783336172
84.15899394893191
961.1854893239689
114.07106315774051
0.5958192118563094
6974.37441650903
0.36619150261180955
0.8609798445181767
7451.331923753185
4.371870194757892
8.468700223411208
3948.233591167134
0.9955149474823287
8.276727672757161
3882.7718940164445
2184.4536328262575
7903.3876287068
265.37532902974704
300.8604990483702
12.243184844773014
7.586199842479479
5504.638330247947
0.07651195354551166
6.914095179504151
8663.248728288616
5.717673450760933
31.53520302221098
0.8964078886606898
155.55420196015857
0.29532118247186423
79.52305888064572
7133.0148174114975
0.31402458904740227
253.59791853178493
8335.887737470133
959.9122164386645
9.40612722991821
802.908082289523
875.7658774437735
1365.5168077984958
8.310215408533283
0.6605974210504373
5.951542806469292
3485.1605392510155
5.9237361729155324
78.40996554889966
167.67849012251924
795.7191808813845
7.690433946316113
0.3262872024084593
57.55423960851165
1800.7177398830343
5782.059594075568
3.6493566449450467
0.2656230033736835
2.7850287597085313
416.1887414411999
767.6833170559775
12.438549922702148
9021.58550342839
42.11368965687969
0.023931989387945274
28.511406845735653
0.2861223057476783
4108.248464684825
0.053678958561996115
0.7881249497090558
0.9403987978056979
8944.00075989327
0.37237945487180824
8852.244907426231
862.9545150162277
7.062450651008346
91.3748853661963
0.48059607901787016
1.1287749990961915
1.819858576294423
3.908914703431715
73.12452921535359
806.7113032385399
5673.338968020324
5.287150623647401
8229.481604966562
0.8496875495956671
0.33541598940645456
0.5231242072390255
89.7853593807927
0.706850159445408
925.8625020238089
508.7657630283665
0.27664239174892846
0.12727364078309045
8540.101462550861
2720.421573313695
1947.0791679703004
865.2180078496925
8.992339219431763
7.034498166481525
150.4308070548379
7227.757658958337
2.00766449702517
67.55193536645378
1068.8145935009995
637.7777025917484
9272.61421273387
0.032633845948674356
0.9313369660382372
3001.0257550939036
947.500867172914
0.23166953877267338
8.450443374745827
98.23965259926746
23.903277474516806
8869.958419438399
0.24289601006471206
5.674494254173189
0.6107062817117616
1528.4278304499533
2543.4189790299642
6956.270277243264
8449.533592022242
4.606263832246245
1735.0991693051653
260.5345110611598
0.8676787219961417
0.4981274811392844
28.35367778629675
362.78262138717366
0.2453514718301475
341.15767401488085
7908.165964547643
763.0287214925177
0.5299162656166818
29.680108078222077
76.90931583729835
4915.692202560218
0.6635304974647581
0.977629543968196
2.655270455222798
8.838089152366312
910.2889575608675
0.6844558607406976
828.2681025437773
54.6400643279592
932.44522548556
0.05668603628908253
1.8312376455768475
4880.547541584992
4.956905502489196
65.50903852848955
7.334719306650928
9.538356047692048
0.04632684838383938
0.4282939831056134
3061.664932228453
681.5836175990113
0.978527714012527
1.8139732333819691
0.0443370238412103
0.7901263783253528
0.5999556027199393
0.14418746533014337
402.7776534831787
535.3456850270047
6876.771811675858
7992.21351983273
5.940674524655821
95.15118618216411
583.7937049493878
7350.723731776477
0.20058059213379487
4.953504396226745
2.6426541202443756
69.73533726489467
0.590335531758566
532.0068484983412
69.57895760108755
0.24931731474192054
86.99188963619984
8797.20711837224
2.616723466254085
8409.366792929262
292.51922158465374
0.1881033355240287
261.9565688169683
0.6020671700312019
9.329304845944067
785.6716147546263
4.449893282556667
14.861940707987998
10.37297758047373
82.9756070636027
345.21535332947195
57.4074308351824
9252.911990670415
0.02529765657172789
5.668081108372835
5943.149979022872
84.64460997894932
612.7625164928176
226.80403103096714
53.509625770407965
12.565232955645044
763.4985333726207
0.8607111353668597
4230.3404904594145
87.01692556835758
6.205116172528035
89.82869609326208
550.4955764514915
0.1470557544155242
149.69605216834458
2613.685717218578
1761.6682182502009
9732.335546069027
798.9631665682236
674.0161869083438
85.97598136699497
565.953914570566
8.044596109026815
39.43327573795392
0.07383297717169435
65.61395287744377
2162.47068351776
35.90698897350193
84.70346016875077
3.9370830214468633
0.865131647791262
49.4442725739773
688.5899975238445
825.2717720018237
66.3616220734603
128.55511685120325
1.2151571884090262
0.9562447631656225
0.3582178925688595
6435.628063629974
9401.119574249502
53.394006398730866
88.9366657961256
681.9982320146679
6487.172224955296
7.601210976645486
3170.241958995311
790.4691078651194
0.23559155679452326
0.4189324035601132
5783.225501737111
589.4857960738365
0.8839024316785065
8.458289006101378
1.286780257595992
261.2741352992287
67.42413904244007
462.8011695843376
3.3479969250458543
6.648699131733551
0.8521382646206708
0.019646387068466997
9611.814868203559
9.788449064762288
4.859417423037494
0.7432136262906089
392.38828846626996
764.8907622038375
967.8303385821123
6254.431556558071
5121.230711468018
1.9297048759404467
4118.623795230836
0.008207299869761986
0.06716053759831309
8.688041838109323
3.3389767126941585
0.8072664051292437
9599.511620508732
11.518441709597393
5.555532117908861
4.4642291466542865
323.07179352141526
0.7937838883650444
61.19732616664597
0.27384335121916137
8487.44356364364
0.4190558390738769
18.3530950927413
7607.3349959223715
671.6345880327623
19.561311566555485
639.5276037492857
0.4427867041329533
93.15120630519644
5.598202475065853
3017.478450030886
9.521396020249968
76.10902108677946
57.08289682062051
6792.195061323768
7.20125005472037
8.60181067656018
386.3972142944743
0.28490895471808997
141.0073886348533
4321.996634394054
4.001893043252622
9487.644738927178
0.33709854350474855
0.6094669397887913
84.35831119392336
2.4970042762166567
24.839483569790865
3.221855270583829
0.6839846572484493
4.172097501527812
538.0877801995657
972.3126472006783
0.5719774756094272
6.478820106974754
0.9946186566656279
92.5160886337037
57.07772714562361
112.94234101852729
0.0072391397577082905
35.48936983665172
7.341725812114906
0.8055535099062862
3.156930335833268
292.832157200138
17.290794044794012
0.38163107991805245
0.5311022601995976
734.0448782711364
0.13826114442606208
0.8467886872835623
0.995704820841773
5.913909061474914
0.37301639422482
0.5362829954110635
9779.161694244864
7.785889837377491
1.9165308749444077
9.690036013848712
3.3350380045679295
6.748436169016201
0.8523800137341899
4.436488613123889
7184.14588563018
5332.468727905486
41.377613790123625
6.207682374061899
761.9805599752356
2.622560283644495
69.48095523705275
31.651798712419378
0.30402659121244946
9418.527777076408
877.3845785245483
63.25134194503913
59.3460247421296
0.7957565083034926
3.620348841082853
0.34909811953045766
277.036722100842
12.918907411884328
879.2964272330705
3917.713018773903
4847.097336766824
14.074465389109891
8705.852558795521
3153.4549780813104
43.37038705800378
21.787887455525112
7686.224300840227
1.612457700110348
60.66165297742084
193.0078368141581
1707.1230556493633
1756.4318705964333
16.27615223273413
1.0933758759841128
2853.0545821790133
25.24466283512944
21.30805110812951
1.1518733872790765
0.041957104515363164
579.5869073678999
37.94018491353657
0.5634680366111413
0.6107571186230375
4374.73331597629
0.6504469373175122
0.7729988616452597
3192.826057387199
133.34606278321547
6777.775164640506
0.4072949873789712
6.650036321857585
8294.378313117028
162.98964114656243
0.5031821857206876
0.7193994000821619
17.356799310451155
0.11122630696464753
0.543321948141721
0.7947503996410273
5.2305795163117965
70.76209715298695
711.1540388008398
0.8719272103177647
368.27456429153403
1.6270573931549404
2026.7710723405319
3.128623469135351
0.7862430631171151
53.99572532766159
830.0059224798413
55.75448422279634
0.44258520902508813
73.32386554181241
1970.2432432361227
35.28093635298433
78.80479913114043
4900.159113425977
416.984558002802
1.485182730999035
9330.262430904695
1028.7168833810933
3.516032026723448
3.4165730081292836
0.5506297572953174
291.40226758966526
77.96227537878062
0.1627080439874684
0.4476268358369492
68.40849853330519
2902.9381170368774
988.7699695017994
53.24052077461066
124.76633841986995
4767.419378095409
97.21389908333758
0.2084594450577716
7.306636058112284
1.4114908259671843
948.1388538689006
67.34451763222708
648.6687578599931
414.4233477084741
130.64239997442328
8.152656318601618
0.5296148983062154
6.071607404291839
72.80969960272027
98.98880247621305
61.31340193015884
0.741131925543635
5.42370518507298
0.25090219693060245
569.4331626574593
0.2789454603139896
7917.461506164056
0.6981883464921641
91.42967838907914
0.15485292785151838
6.477180526838482
3.455861417170344
0.41815287262657697
0.4149490648365989
338.0305507485628
5446.624266173364
761.0906564864373
0.29564291959716504
0.6332038493879175
468.9165661742426
17.61000748815251
42.16688364331921
18.61478590945658
31.263030933770597
0.6170997498305063
3.508408059295234
2.146969611296158
0.17549230737376498
783.6796470941122
8.793353457562622
275.73213063203684
43.923080086815794
8187.636509736788
45.84732497377082
0.39179383652256217
8196.290702180733
61.4766695929797
1.44377180262924
508.5565192371273
77.08382301147437
2.52786279050192
0.8006297805508595
798.0595825820884
604.9502384226749
6531.122552653212
6243.2190231577615
553.0623621131813
6796.376044145399
0.05595504220998748
6804.392096570523
97.44308356258932
420.0965503625671
0.3243702290315107
293.7097874498633
0.8897426532045701
97.18829597582508
2703.9729144543235
2.3659823763071786
5955.975468996796
8303.635796832325
7195.322624583592
768.7179601287028
3.9489394319565196
0.42659472185554725
813.1373441831777
0.6837677326678581
56.054331738082
23.92837790481761
86.6252521729025
0.13817017433115864
625.3965611484797
0.031182204875547237
8.363352907113889
0.17969857750041618
0.5595758549562909
7.867213823593964
0.22548666525960837
12.7760382115369
3590.2637334652622
9.4752110245461
0.011102191256847194
0.9770359561672907
2.655500506836942
9100.65182215768
29.09473711778646
2.3036485701954224
3291.3913694692633
0.4923951672501685
4674.621844614525
234.82664332296122
0.14794080719639968
908.0997408403393
0.11142425795533484
8894.417560952867
0.10227303747928995
7490.695031939215
4651.157339195665
9392.616904039902
0.20122948909010896
15.155327368039773
4636.047714742348
3545.636752956218
8443.978382221994
6544.859122794868
7.871682682216221
44.16552040412516
145.16045739022755
3637.4097264693028
0.5830467288666099
8.691520314162663
3419.7220530903583
26.725539859993
152.38353266123494
0.7577615086135389
0.55902186442815
9122.38729905019
0.2178121068358122
3.9478850453337544
0.7769975299403125
3.9515893985891335
8.500575866939762
54.67817788353424
98.92986950928506
654.4679744456189
8.833309999875201
34.45172579944165
3157.778521766964
22.122903593140364
283.524550056691
1.9483194274738591
50.03337285691464
683.7816129759441
67.76080576813592
5.6547435842123726
26.940833658280482
6847.329108600896
6.8661071388760035
365.510951994643
3897.8810714874535
0.17947636028801595
45.296854208471956
77.87049654174533
56.67574754397472
0.7529300996239394
458.75483289107177
6.236086197194394
6.406511004654974
3.833385585166469
84.61135509753429
618.4154240066945
0.4794168247700741
285.48817418403263
23.71964955535899
4.934152800451118
0.8652292596766729
0.7582052158598775
0.8675503022383914
200.31142936142788
5.819499075586441
3355.9820688613495
8.17069949137514
297.8945401799787
328.3593059702631
0.44160719586863917
6.060316637833186
5485.316097386398
498.56452880119207
56.692746325865215
0.8350128672697964
55.24973313761097
2.8373092687320236
0.4910037987970364
0.6887922492202841
433.7732223107128
49.492497925221215
60.68571455648741
6528.5074154526765
0.5644596568390576
37.60143361954202
3.225992837542593
82.74078443374604
2.207087560286011
28.829157513160652
2.564157523641719
80.8992288210303
6931.939288653779
10.632148476102554
9.34328428131201
758.6485306937285
4.992240578926177
31.971934744846408
25.21009212121694
6.4361832702540775
207.8080622936187
490.4967953917458
0.019749575860702362
8433.641724499112
9.915033824866619
2089.8659390067364
9921.391721224614
76.6310511387026
0.9386271004883595
9.459316796852836
0.7396800250357006
0.9021631438075296
871.625437513421
0.5537838230728848
1.382856840600264
41.4149999363601
9.972080056400717
6.356666088607631
664.5675876141669
2.1365935386308275
5.615666317798826
2384.3766871609128
69.67094432956735
53.47219033006373
8.396414666302759
96.93651395572893
97.99724855541159
75.13179622238435
3206.338880074355
0.9756677584056801
6.526579689876538
0.49459031172516843
84.18051523203441
5780.4617046350295
9253.731649376401
550.5622941135457
0.25684002071679424
82.00342223123158
7927.956186258117
9760.279069851444
404.8644306347162
8.252509538351706
63.32663640728916
94.3771695427469
249.88193641753543
0.8731326061300043
0.8007149539599201
258.01388131406213
5846.730645523371
0.6246164672765893
534.5299163820351
3159.553028303859
697.8221896273895
895.6077179028833
7032.353058892135
3.7709553707492063
9.343185006711911
5738.500698108902
64.01691035133955
650.5714284723412
0.4114698087430926
51.31457350677893
63.60067993941904
0.19452081046076952
1328.0081090389529
66.73088843833834
502.3302323974177
2124.443281816476
784.2821595656426
31.923066514163434
60.50843983925438
5.2362436704208815
6325.135761037037
116.85241276706071
76.55978066949407
526.9472845845103
256.72821131743973
264.9443225472101
5.356376460246052
0.2328762281547928
1489.2144348144566
8.09959361602823
0.2658461732756856
4.91857405660845
0.298297852055759
4388.341076446125
0.5036319383291232
805.6915393397218
477.2340308107852
1.51096289994207
640.7144901042644
4.1132144172171925
0.32388599436220633
62.12337749203446
8.865053386850906
44.097679178674994
2.6489835004148476
0.5032841446668829
5221.6540286203435
6193.504752544205
0.2959104310642213
4979.311348398043
6627.295508226476
0.17634636842399776
0.757088325653007
730.7150859704346
1.8125527294453925
487.0175191443399
293.8147717281262
96.24225035037377
5326.689835293561
8335.421526220727
733.2056491727708
56.831221657110156
9.408922507859913
494.56940308748887
41.02002918522088
6127.478630071621
0.03287038122361874
204.27690031075474
7.843616905572483
40.51734339126618
2768.608422965765
9.743106111417244
9.393616461991352
427.6982931731404
66.73692760525925
0.5682626867580218
0.9361730880115662
7448.228116647133
6.527163051014306
115.91266426384527
362.61301368664954
3316.811588733997
190.38954538204578
1.6185128607554855
678.728519407106
4865.901952605185
